loan_id,annual_income,monthly_debt,loan_amount,total_credit_limit,credit_used,total_delinquencies_12m,open_credit_accounts,credit_history_years,oldest_account_age,late_payments_90d,hard_inquiries_last_6m,default
L02511,74637.32123436983,3195.889125298795,14195.953940713725,46825.67641363333,19230.742442208455,2,3,2,19,1,5,1
L03986,23358.025936220256,3133.3306073820186,15454.350584042695,18649.9480767792,10623.922203526901,1,5,5,5,0,4,0
L00842,78496.38984333207,842.7536571066507,10757.99903053022,27201.728227871805,27201.728227871805,0,9,18,18,1,5,1
L03602,50617.81097101628,1190.2932411887218,22556.301237657884,34168.82059492748,10470.317406675953,0,6,18,22,0,1,0
L03828,74751.20594173437,2068.677811776055,18933.117844795,36420.744572340926,25151.119544317793,1,8,18,18,1,3,0
L03924,32768.65281794344,1700.8861094118392,38826.62914648114,16953.10444680817,13515.538645837512,0,9,15,2,2,5,1
L01064,30205.724424438005,3710.3741644197858,32071.17823412373,9701.107390865873,9701.107390865873,1,10,8,8,0,4,1
L03618,59316.89804142406,2381.2092978688484,9776.37192995746,45113.061870194215,37960.442082661844,1,6,14,23,0,0,0
L01058,88454.58038518729,2620.5056910980657,15239.292847063905,51101.1754855793,12323.298456951912,0,6,3,13,3,0,0
L04649,32665.732501039714,2051.9774972442656,46183.55753572451,51767.90890713458,16709.55704757615,2,11,15,12,1,0,0
L04553,82456.48702011269,2244.660822060102,38491.91323334462,41893.83809070899,29153.18300272151,0,6,3,22,0,5,0
L03528,106358.12676327105,1969.5033430631072,28251.105462489475,40946.1651314386,9054.540248809999,1,2,14,19,1,1,0
L01408,95026.67303910974,2045.1606903706725,37206.400960170446,42334.874465076115,9531.420415416622,2,6,6,16,3,5,1
L03675,63706.22789934963,1526.156125240681,19854.79049664091,13022.492572229887,,2,4,10,7,1,2,1
L00907,37802.877180401614,1659.0931971592174,13651.70089453327,60479.931224137326,22230.38024826475,1,6,9,3,0,1,0
L01861,62313.82517058904,1139.3337814095619,26213.602543067085,53689.034710446154,,3,8,11,5,0,4,1
L00199,66164.17436892,1122.852558832817,34914.68889065363,65286.162879609416,1000.0,1,2,8,18,0,5,0
L03687,114703.79833357784,903.0927897936623,31075.32300792697,37171.12223340525,36656.79080513895,0,6,10,9,1,3,0
L04367,54487.38132029231,1541.5394058583804,15867.461853499284,58395.8491588288,3946.7471864628205,2,8,19,21,1,2,0
L04361,71148.07139439377,2939.1630764329334,26772.96008809423,52812.99472919224,11325.856707609248,0,11,18,9,0,3,0
L02587,38615.056108024655,968.6238688073871,36198.444873730536,27817.643041988988,15355.313672224345,0,10,5,8,3,5,1
L00255,34612.60068091973,1145.8540827158931,22490.947313056717,30897.619873204017,11533.951576117426,0,9,13,5,1,0,0
L02422,88391.79984855547,1791.6278967578164,6592.421916846377,35071.502256205626,25303.94305924753,2,11,2,13,0,1,0
L03495,75229.99150723722,1009.9816300584042,24798.215959442772,17900.797406594622,17900.797406594622,4,2,12,19,0,2,1
L02960,42874.129751767316,1495.635276666919,9287.15750885898,16914.176176442972,1000.0,2,7,9,2,0,0,0
L02221,57833.19695957556,2685.368339429854,27582.321068783032,59586.648674312804,1211.4308625685044,3,6,17,16,0,2,0
L03337,37683.51689169122,1023.7829392734089,20079.9872973858,27949.87037064287,11039.15302119951,2,4,5,22,0,3,0
L00937,44575.34365738573,2781.627677639098,28868.274954528384,21110.566721799427,16794.822763340308,1,6,18,19,1,2,0
L03371,63451.13078548013,1491.1817617034417,19750.797690644784,21183.98410408748,21183.98410408748,0,9,18,14,0,4,0
L04593,75915.73427064711,2801.8770898384064,34224.02161650502,63476.55108361365,2372.9300995839585,0,5,9,22,0,3,0
L03566,66033.21953702159,1814.6019686848904,15409.403094854591,34049.5573005219,18913.78202110491,0,10,19,13,0,1,0
L01514,,1555.1888365140728,8054.7156213452345,41197.852536539554,27858.4641315615,1,9,7,18,1,5,1
L02669,76045.99875359047,1796.741730302852,27022.34720351974,41871.67869516118,25551.71768978662,1,3,8,10,2,2,1
L02938,60409.02689279306,3735.022223450771,29209.891534309194,48425.66541877665,17225.514906490247,3,6,14,12,0,5,1
L03818,62525.421074503276,1865.0331400339849,14107.53405113803,47173.35910243935,36505.209030879734,3,6,14,17,0,3,1
L01644,74047.43592499467,1264.4504690932076,2000.0,23644.11701788842,23644.11701788842,0,7,1,11,2,4,1
L00420,66350.36962820218,856.7134285097214,22093.953545758493,34690.72918489348,19995.9081410173,1,10,13,8,1,2,0
L00982,73509.15123569929,3098.605352422443,24996.719773379264,33748.125232924875,31908.859328665196,2,6,11,5,0,1,0
L04637,75464.46371474066,1739.008786143522,28277.023945519213,39550.680308102055,20858.07099923388,2,5,4,23,0,5,1
L00024,36505.03627573086,520.484190244551,22647.913501233812,22878.763116591712,16636.79628170479,1,10,5,22,2,5,1
L03788,47295.02627751555,1560.7447318159561,16689.408296213245,64940.59024005245,30689.184152380338,2,3,13,4,2,5,1
L04710,,939.9175615065955,21883.898855449566,43398.75893540962,21299.618715691155,0,11,4,5,1,2,0
L03014,37057.63629774017,1755.3182538777512,41263.45405721134,31978.737931136275,31978.737931136275,1,7,3,21,3,4,1
L02208,72112.2669757132,2991.679527558119,27876.949018678122,52342.88834175028,,0,6,2,14,0,3,0
L01650,116791.27284037229,1960.5589554311027,31859.483833147213,42960.52693352036,20444.479187755067,0,9,6,17,2,2,0
L03568,86486.36025431124,2221.984666422184,13394.926734946896,22443.074360670642,17875.925761817944,3,2,7,13,0,5,1
L04805,59745.06504626992,2458.0583369603846,27136.75215793306,53121.3201506441,3858.3173549431467,3,7,8,16,2,5,1
L04146,20000.0,436.1712753679085,2685.4771090377835,48840.54410904358,25966.056135920546,3,5,14,23,0,0,0
L02163,74964.4349699357,2238.4535397657364,24353.171684846373,42990.698809810114,31545.902476091913,0,4,9,22,2,3,1
L04472,90676.33719707123,3060.938022193103,18349.449671950293,37915.4090266734,18811.791572709197,1,8,7,9,0,1,0
L00653,59622.22618890339,1695.2593558990989,18124.1910874443,47564.78523346841,18583.40802297793,1,7,13,24,2,1,0
L01483,99539.2770246681,1091.1678024172984,18253.771806739453,42201.21208307838,33824.18630007154,2,6,1,14,0,4,1
L04868,64273.38783915316,1893.2064419806966,37378.549513264814,9624.45528235384,9624.45528235384,3,3,1,15,2,4,1
L02460,74440.04541838549,721.603372506265,21516.803212656556,47445.19616605739,23209.85969271416,2,5,3,6,0,4,1
L00544,93831.37241315801,1641.9036257632274,2000.0,28183.626135693412,24290.88403610932,3,3,2,4,0,5,1
L01914,75016.88949888914,2730.70084413084,14823.608623894594,36511.01142346771,24876.176752337975,1,4,8,5,1,0,0
L00258,50846.61068762439,1209.0420013363498,19377.664306171442,56017.850159416,,1,11,18,9,0,3,0
L02347,55423.25087983192,1142.2675146484744,24078.532381376463,30740.513953629317,24356.248795071857,1,3,12,5,0,3,0
L03453,62446.9063696362,1091.4289601602482,10754.783203861047,28484.062858470817,18885.958645977276,2,11,16,12,2,0,1
L00739,98309.48888925153,1297.4850086646575,17875.79930150093,40988.966628683505,22502.617376454727,2,3,6,16,1,1,0
L01984,82247.86944765518,1262.623368593538,18990.64707029867,23963.435632510555,23963.435632510555,2,5,6,16,2,1,1
L04223,64888.794127038585,2551.165742587881,31230.33437235729,48260.18983937556,19082.10153187209,0,9,18,6,2,0,0
L03141,81935.41550432987,,22335.67648069006,61154.684598859676,32218.34906005519,1,9,18,10,3,2,1
L01386,70985.85160812984,2814.3683896824714,20393.467136339255,8149.321924026579,8149.321924026579,0,2,7,2,2,3,1
L03171,46085.078786064376,1365.2636561787865,12319.870354107192,47177.49597693835,,2,8,18,9,1,1,0
L04908,41930.151480304325,3658.087380210213,29929.05371837202,43784.949600575135,16014.163356991383,2,8,19,11,1,0,0
L02630,55410.140652015136,2115.9663762586456,7664.360770345593,34482.05059455275,20745.340002222434,1,7,7,18,2,4,1
L01925,106481.65339499948,200.0,17031.238726584717,44242.42240178054,33494.73105261624,1,7,2,18,0,2,0
L02035,86204.1981499776,3084.284769889445,35055.82715810524,40470.52624149563,34743.12939291725,0,5,8,18,1,0,0
L04175,61492.43088202619,2683.9977614435315,6117.729012921798,25046.993578646943,18680.191012693176,0,2,16,13,2,3,1
L01017,51971.63992771103,3542.8497391933297,20255.56065714718,22767.39820576205,17411.991363910834,1,2,17,13,0,4,0
L02321,73790.02461240452,2308.263356172965,28227.6912522755,35679.53890841168,2266.459653925278,1,5,12,10,0,3,0
L02538,83369.08887884827,200.0,25243.659742438005,54925.26369423834,30254.93586266253,0,4,8,6,1,3,0
L04963,62533.11871907779,2350.796779649253,24872.679291207925,5000.0,5000.0,2,7,14,23,3,1,1
L03558,67461.56403312362,3518.637491029567,14963.436226849171,37153.72664110475,19930.40117087642,3,3,1,20,3,5,1
L02122,80692.08575796048,1126.840388696793,21206.036186145062,31423.921266622157,26069.13710287048,3,10,14,14,1,5,1
L02663,76944.5643650677,1261.6757343924787,12976.828454054574,25033.655813395984,25033.655813395984,0,6,4,16,1,4,1
L00585,68637.3251011699,2734.007858389157,13579.013102786113,19825.19997087386,6932.770307880428,0,4,3,16,1,2,0
L01822,66537.03765917536,3267.1172368195002,7855.369886336792,25581.227688233983,10765.843750096452,0,4,8,21,1,0,0
L03981,92251.25705424904,1554.203019470615,35150.480595242014,47808.41193765805,26449.549840273965,1,11,19,13,2,4,1
L02310,82753.10851747672,1022.1614042121322,40968.88747872081,38302.440275649045,10950.220080991907,0,9,4,23,0,5,0
L01331,95615.01664687395,2854.5576537872203,25493.6355348238,53992.58338543356,38041.04664586301,0,5,15,15,1,5,1
L03923,58071.46987986201,929.8010597170655,21786.676183689124,18914.847884439972,18914.847884439972,2,2,3,15,2,3,1
L04437,88468.84553264889,,24463.479529484986,76988.90997192048,,0,5,16,24,0,2,0
L02212,77090.30652710734,1497.7880899820184,21936.65859534744,39062.29347734185,18070.84628908617,1,10,5,19,2,1,0
L01877,53756.63946843396,2240.8136481810398,20052.103787167645,22328.08156974918,22328.08156974918,0,6,4,15,1,1,0
L04503,33328.2322042484,1940.4592679406574,29966.8416009162,14788.305626340225,14788.305626340225,1,7,8,11,0,1,0
L02644,51958.22222813879,1806.1823145405476,32487.94439671241,61333.8776286449,9831.054857623989,1,7,13,18,1,1,0
L02908,,1577.3016259136848,9872.59385125195,43210.215845512554,15705.360104723917,1,8,4,16,0,5,0
L01300,71433.95612392027,1331.3658212410478,17530.224471939593,50597.81160130941,,0,7,19,7,0,1,0
L00569,27584.161579482883,2018.4947474349153,17204.75005368216,13065.80169036525,6116.954916865063,0,9,4,12,2,5,1
L01724,,200.0,8995.497710780863,56844.540573786035,,2,5,7,21,0,5,1
L04865,,1892.4773909439264,31221.734565070863,58891.027044881856,26043.042797015853,0,8,5,2,0,4,0
L01299,70347.84628143806,1522.5827385866303,18994.306094147512,15997.160698567608,15997.160698567608,0,6,9,2,0,3,0
L04177,64814.22876864368,2806.090490061321,36919.43059161641,49732.02724227363,36512.33971706858,1,7,7,18,1,0,0
L04023,27963.145368506826,971.5167551636846,13120.370633983785,37153.32550648029,33326.45518695934,3,6,2,7,1,4,1
L04877,38198.5585775213,3316.8986210034773,30958.50880102806,30126.666343747173,14406.780225243172,0,10,10,17,3,1,0
L04575,50012.84621154445,2124.02830868457,17119.87196827914,28522.979993355693,25195.30432515955,2,3,15,9,0,4,1
L01098,25035.986309357846,1869.9790029445915,23860.684324705468,77153.93700585118,33350.51866794137,2,3,1,24,0,3,0
L00224,32745.682576206967,1056.9663348380332,26303.62641506498,22891.322657671684,22891.322657671684,1,5,2,3,2,2,1
L02385,65655.93990823172,1600.8210757754598,18049.330938727908,15742.724283399348,9616.22357299449,0,3,12,13,2,0,0
L00526,28902.35798670962,1310.6930106443526,21138.378959005055,56461.3403113406,6628.477891588085,0,6,7,2,0,4,0
L03245,61543.96525207071,1235.9115838672315,21970.848485852053,29484.047035312193,7285.463005721824,1,3,11,22,2,1,0
L02418,71811.78432800993,1070.7061582768779,23730.676485705535,43335.817212020454,23766.56592107279,1,5,7,7,0,4,0
L01550,89538.66447768615,2265.42541650269,12524.69259027888,55166.45508380486,3910.73450554396,2,10,1,20,1,5,1
L03488,78298.54324603482,1012.2930503856356,22358.432948580492,53937.84342321566,25136.012339746958,1,8,5,10,1,1,0
L01146,65311.58095162935,1623.909014996137,30983.025496890354,35942.42043855738,10497.612788547682,2,6,11,7,0,4,0
L04691,63345.699522070136,2187.787718375139,24782.045960209798,46861.011141876166,16086.695947711356,1,8,10,12,0,3,0
L02272,55255.42871772895,1988.9139279032809,23699.44711051483,44541.156887575635,18317.577964694803,3,2,6,13,1,5,1
L03777,28377.102433232998,1525.3318593180406,17878.388549517862,29977.762127248956,15577.744739918471,3,2,8,20,0,5,1
L01003,66192.60739840349,1046.351853140604,33107.53172414642,26315.117289004633,16874.329419786733,1,7,18,7,0,2,0
L02421,85946.35413242897,1457.3453937617955,12451.309184159236,44773.82869875141,,1,3,15,15,0,4,0
L02056,48614.84280557005,,24394.66988780435,69091.95324355186,2374.728886549863,0,6,5,2,0,3,0
L04252,69213.36930406222,3141.760407972877,23447.654911176403,21650.394283202448,21650.394283202448,1,6,5,11,1,5,1
L04584,80680.05558621496,2015.4449516498705,18991.858696251576,54141.45587728466,24839.11942379472,0,7,9,8,0,0,0
L02361,44412.56983635857,1192.2615857979572,37401.07823744031,25285.43622210887,19263.479737422433,0,11,4,21,2,3,1
L03382,88810.97188687192,2045.078027145618,34261.045853340685,36301.695886360154,15214.946196760793,2,8,3,6,1,5,1
L01930,104166.94908441187,940.2711684537096,13676.105550305572,50975.084899313675,30119.05583749771,1,3,9,18,1,2,0
L03112,59337.22206512466,254.34787318403232,25276.26217328415,36915.221322199206,36915.221322199206,3,6,11,4,0,1,1
L02717,77510.16033662071,1228.747905614257,20864.181317692113,57414.290361138424,29452.600778941374,1,11,9,15,0,2,0
L01930,104166.94908441187,940.2711684537096,13676.105550305572,50975.084899313675,30119.05583749771,1,3,9,18,1,2,0
L03997,23443.76360287606,2733.7741866434985,26166.590605485937,44056.95263095835,26687.974658652645,2,9,14,22,0,0,0
L03966,72262.31255489046,563.9548740748519,20261.85149530629,51497.55650508368,25719.95637392684,0,2,4,12,2,4,1
L01012,68951.99209384799,2157.229205552569,20707.02542964492,51464.3887213065,18274.756266732536,1,7,17,9,1,5,1
L00193,69281.87488260408,2244.8176774738326,32772.93673015693,41697.40017089175,17580.788728677104,0,4,11,21,1,3,0
L00985,64927.94921818863,3072.322854858911,31442.14840251814,29594.55261303394,18249.14849726294,1,6,17,10,1,2,0
L04995,51852.54892010551,2755.3715864111937,18960.773523846274,54288.85761928067,25261.48825123346,1,11,15,13,0,5,0
L02389,82803.96822249574,2151.320106960334,16534.517037635247,65829.46432198264,26877.69163796706,1,6,11,16,1,1,0
L04700,55617.38291579182,608.5725884478256,7546.0016321924195,38208.652588962366,12530.096217928196,2,5,11,14,0,0,0
L00231,50392.66736565727,3246.0868062154104,31553.88571179851,40432.73342189778,19047.988844589374,0,4,11,2,1,3,0
L04889,69549.91751464107,2004.7817171350168,35011.29852178573,36739.207008752426,36739.207008752426,1,9,5,9,0,0,0
L03921,102110.06629588526,3146.6516607420235,31026.781426992486,40086.7767223998,32107.577396175904,1,2,6,7,0,1,0
L00568,44838.27378165192,2353.294860097111,28564.06565489972,61980.691412477776,20153.534517559772,0,2,5,17,0,1,0
L00017,44743.377593311525,200.0,11263.071538025359,29678.76810129523,6607.29684514699,0,7,14,20,1,2,0
L00669,20000.0,415.7898156125241,22657.846894747494,57912.2222201969,6229.598105629417,3,4,4,10,0,2,0
L02479,38227.88400553502,3334.8850671009664,27339.80797418664,46184.2089721525,21434.231875345842,0,8,15,5,0,5,0
L01868,87534.10273655166,1155.2066151524677,2000.0,34889.18842701877,17519.029503681897,1,11,8,9,0,5,0
L03822,70385.89505161467,,38751.299396902265,31700.98511969859,31700.98511969859,1,8,19,14,1,2,1
L00092,84372.89981065778,1235.3812135237079,10609.38492383649,31448.86991223019,12073.771696288168,2,9,5,21,2,1,1
L02213,82646.66124646818,767.2462244054207,2000.0,55616.617247868446,15887.93189429184,3,3,9,8,0,2,0
L00609,29425.59502191443,2518.935328271339,33346.39699821057,40437.27868487519,24232.348025181265,2,6,6,19,2,4,1
L03728,86395.429099677,2525.429818345919,25901.721928800853,16821.563275019933,16821.563275019933,0,5,5,23,0,4,0
L00340,53725.508943920504,2416.641775990377,10727.1447629307,36704.694324642405,22593.84333442802,0,7,6,15,3,4,1
L00069,72232.72050095268,1783.5515541195944,24156.687709336187,34475.00934941236,21367.326558715104,3,9,9,12,1,0,1
L03200,73746.26374077922,1863.71966609114,27888.319515419476,17979.67526848973,10789.740717734716,1,4,16,16,1,3,0
L04279,63637.531496640935,1429.8106816029297,29375.28063466538,28267.198839968518,6070.673624113824,2,8,8,20,2,5,1
L02821,59422.33211698487,2279.1970733474113,36315.88905214111,35982.40851147533,34006.46686857405,1,11,12,19,0,0,0
L02081,65010.559177131945,2074.341101857074,34588.86205742822,56636.49198215078,17568.19051922899,1,7,12,5,0,1,0
L00276,74242.06948526541,2426.686968419225,27709.40993942198,5000.0,5000.0,2,6,13,22,1,2,1
L02074,68946.31414811191,2743.9537040307714,6968.4493040039815,34211.003102266535,8626.597993898455,1,10,2,17,2,2,0
L02615,76975.8877912382,3004.049630886664,22754.09128924666,40770.3813820402,1000.0,2,5,17,2,0,0,0
L02075,52646.962091313,2385.518455387505,11553.334693687568,36447.73235444712,24683.091756212118,0,7,19,23,0,2,0
L00099,65102.269132849215,1186.508769596358,17998.80338698869,50257.91670897988,2563.0549294276316,1,10,4,23,0,3,0
L00837,96010.00985628154,276.26024522762896,15107.233768476122,41062.97495582705,19640.8959636157,3,8,5,18,0,4,1
L01543,98225.1842909574,399.21954047581767,24753.96234143209,43387.62751055961,9691.847225499338,0,10,13,13,1,3,0
L00284,40243.690023463016,2279.662032996285,24332.85041087872,50743.937447027936,16735.17376220444,1,7,14,8,1,3,0
L03484,63716.31677422361,740.123375253808,25524.229143843146,60145.121256041966,31151.243154949683,1,6,3,5,1,3,0
L01789,71383.4902083836,920.8669962174449,38038.660672678656,33924.23570581671,29417.488553643707,1,6,18,12,0,4,0
L02210,64985.82810846708,2723.755013373376,11125.218318876321,38913.56395536575,25974.628578813525,2,10,1,15,0,2,0
L03417,81814.68964259098,1748.1821921616988,2000.0,65763.70307566477,20994.28458229034,0,9,4,19,2,3,0
L02933,47215.183435433515,1660.2816434546976,31431.592010001666,53617.90956556737,29750.440547228667,1,10,9,4,3,5,1
L00237,24497.148266847857,681.7556172605623,33615.030484819756,73851.28708253149,18638.641511330265,0,6,12,23,0,3,0
L03314,44704.81013628296,1119.219935454748,10918.253035152535,44406.80032412084,6698.996172001209,0,7,6,10,0,1,0
L03289,52445.321878309886,1293.1283876049497,15380.648200825723,25508.10215306365,22970.01294264729,0,6,1,17,2,2,0
L03407,78641.38980125263,3441.658649137548,6949.341430962952,59841.142478196794,25116.43063469575,2,10,3,18,0,2,0
L00293,,603.0729494682803,13202.826386154435,33213.63602786438,30355.650677774098,0,10,8,6,1,1,0
L02377,57804.627084218286,2171.4009904984027,23731.976427087473,49807.96756963567,8340.799970430393,0,2,1,13,2,4,0
L01142,92514.13626623238,1763.2569370078716,36706.619906522894,39201.49498654852,23707.05567115584,2,7,17,17,0,3,0
L04618,20000.0,862.5349596219799,37355.30773371882,23958.96419146755,,1,5,18,8,1,4,1
L04113,96175.78368993787,,19640.199011330536,40471.262101998254,22120.930441760967,1,6,12,20,1,3,0
L04048,121293.08888945106,1751.3203839976577,21538.38056030028,54941.57183975651,24869.365573999276,2,11,13,13,0,0,0
L03741,50706.38646019137,1198.9236243173036,21277.07340285514,20605.50981394708,,1,9,2,7,2,4,1
L04834,77394.77569405737,1516.912829743917,26766.135070198143,36292.219519683786,31081.978964258855,1,4,6,6,2,3,1
L04591,52728.24789274411,2501.2847038737436,8643.933333536394,40712.71952141933,18341.999818969904,1,5,17,14,1,5,1
L03260,93726.70811411957,2015.0498851297234,27396.547743450705,53868.66798794276,13099.25406056465,0,3,10,21,1,0,0
L03616,79692.7509091866,1017.5815811819455,23361.246340758444,38785.578628948395,14273.917243948934,2,5,10,15,0,1,0
L03577,48360.90165011097,1813.099393545035,38720.41773042321,37172.847716582626,15405.396096247898,1,3,6,18,1,0,0
L03137,84030.99541148086,1073.197990790247,17864.6874119067,29392.169810598094,25578.63029887614,2,9,11,13,1,0,0
L03094,73392.19944048236,1408.3434823754628,10633.068810791849,29966.552624061776,19649.681008471507,3,5,12,16,0,4,1
L03090,67871.7587301032,1383.2251590151234,41425.771788306316,43774.808034798305,10077.302868720051,0,2,2,2,4,3,1
L01389,65640.08298131534,2474.0111171640033,28051.330157589495,47766.36723563261,14811.999576286275,0,8,14,9,0,0,0
L01612,33736.18382606686,2570.0023086400815,48024.79874874313,34712.81581620028,34712.81581620028,3,4,18,2,2,0,1
L04135,62783.74879441825,581.4620286609218,23605.62118297419,25349.834570389678,25349.834570389678,1,8,8,7,2,0,1
L02220,60059.485985080064,408.6358782617599,23271.739191942856,23087.436293702558,10801.893868490926,0,6,9,24,0,2,0
L01436,70651.599009766,1539.0130364469123,9916.964843406673,42704.81873765949,33125.093439544355,2,6,14,16,0,4,1
L01824,51999.948383530806,2245.7100947227855,34377.38105749225,31764.18353261701,20481.921772598296,1,2,7,8,0,1,0
L01495,95842.19905135751,979.1353246435004,34625.7740696415,43148.89078619497,21790.209142295196,3,7,18,22,1,0,1
L01053,74880.60372565477,1509.4946825463376,25871.483160609067,16787.033765883305,16787.033765883305,1,6,6,17,2,4,1
L02337,75013.3144276242,1770.7359680985235,18953.773516452646,59836.06487217595,39402.54293481912,1,9,18,18,2,0,0
L00723,38036.291557885736,1186.3460356797596,22261.851491857986,24254.888263648078,24254.888263648078,0,10,6,13,1,3,0
L00043,,1663.6913876894432,19407.781869959075,14589.410781618924,1000.0,1,3,17,2,1,3,0
L02188,59666.953415311706,3497.305045864163,17740.75400682434,29506.46082132367,,2,3,4,21,2,1,0
L03547,78741.31591717832,1865.021734072855,11164.034553274623,34195.23851263464,13010.971179756953,1,11,11,12,2,5,1
L00439,30932.35121289691,2073.4601711639734,38165.21654513749,41512.05805689661,22897.44026914035,1,3,16,2,2,5,1
L00409,67405.91263423797,1635.772784402999,33549.97560541618,37775.75293108895,36740.19427437238,0,8,3,3,1,3,0
L04629,86921.39814954797,1109.4482302665374,14587.446324905168,26782.7040648061,26134.432666501503,0,9,9,2,0,0,0
L04561,43596.16874211337,1546.3177339408273,35212.11126077576,28515.200721319336,24785.308309083975,2,7,8,23,1,3,1
L01546,74375.48512150047,1504.544983873449,34962.567097480016,65094.84554267429,20438.14192831761,0,11,1,13,0,5,0
L02256,72272.63765249935,3255.817429850078,14909.710976850278,49903.88060059823,20944.272243535303,1,11,7,17,0,0,0
L02619,74145.60809230483,749.6251760421817,26003.68289462561,49314.96348809103,10596.67812490432,1,9,17,3,0,3,0
L00202,76215.69052736468,1391.8713490798261,24141.109822861334,51366.01171314856,16636.899545493554,1,11,15,3,2,3,1
L00377,82446.41273441356,3857.596253995975,31606.13232503485,57361.32918990738,19052.293279948684,1,9,10,20,1,5,1
L00217,49543.495709248564,2032.7717841099543,30964.99670200166,26735.859454593738,26735.859454593738,1,6,17,2,2,0,1
L00290,52546.00960358812,2528.334799748456,14488.327803761213,48451.06540672079,9130.863050832875,1,11,12,22,1,3,0
L00444,63217.59920974423,1367.1945073736806,16168.77168675702,46555.26433110128,6308.673376183035,0,11,16,16,0,0,0
L01233,63234.359032974906,1652.7740806407978,23926.191475869364,54990.71419589185,14956.879664956832,0,2,16,11,0,2,0
L01206,65811.83382407765,3065.693401042854,21535.034188734422,31341.6856542683,25262.858686819793,1,2,4,10,1,1,0
L03377,59403.793152459875,708.4233171061753,17701.671768521464,14030.131316855277,14030.131316855277,1,10,6,21,0,1,0
L04497,48896.564965142476,2794.261514661462,15474.020906685117,45432.764831570414,25513.676992826408,2,11,8,11,1,5,1
L03389,82232.72248995888,1328.597015363946,31276.455318033,27935.981178258742,26743.67785648387,2,8,14,23,1,4,1
L04512,86156.28361641592,984.1589330443251,19176.879580750705,22032.193820111337,8312.79088431674,2,10,9,19,2,5,1
L02084,20000.0,1278.4891339748954,21421.33840785659,60141.21404975149,18722.927928513647,2,11,18,7,0,0,0
L03020,76034.8159982184,2582.278051723465,19462.902649336014,20716.516094333343,7708.050476214679,0,5,11,12,2,1,0
L02822,81903.15942368643,2482.679181872117,14772.197445555063,5000.0,5000.0,1,11,5,7,1,2,1
L02935,82520.93585059588,1648.245205238074,33336.88498098509,47283.908800660036,8275.88392166257,0,6,1,11,0,3,0
L02863,42954.15700327154,666.9849125275141,27336.264248164756,28775.88017833457,28775.88017833457,3,6,4,15,1,3,1
L01839,64335.40018711078,1337.5092330274854,40752.25388483389,41921.4832653848,26819.811693226467,2,9,2,23,1,3,1
L01647,61257.11469990903,,33469.628682551695,60384.24926900674,43480.18508653876,3,4,18,4,1,4,1
L03826,88434.35829432319,707.0413298648659,35066.17069295047,25590.80235380761,22879.94312427,0,6,13,12,1,4,0
L01341,68211.4796209973,1059.28807688708,21216.691510698427,37777.16064394537,17455.632723143364,4,5,16,3,0,3,1
L03766,65352.26503867315,1435.8625728369889,10572.093050035992,31162.846817734157,21779.062595062005,0,9,9,20,1,4,0
L03691,75667.18489410898,2208.428302760989,41684.51289360291,28247.678074811887,8665.403609495415,1,8,8,23,1,1,0
L01611,59163.77462168912,2345.3947270521135,28632.73381264478,73472.445028037,4756.409298028228,2,8,4,17,0,3,0
L01379,52887.689205262715,2525.235325687971,27849.534930864444,20989.94551050143,20989.94551050143,1,3,7,3,2,4,1
L02263,89715.64383644308,2109.268983924154,33120.46842103206,41300.41857228301,7996.795478026832,0,2,2,13,0,2,0
L02111,54117.71995771615,1016.5598157738917,26917.396407562206,32514.876033553162,31803.183169861102,2,5,10,19,0,5,1
L01479,47250.156443957996,1604.7773182630926,9212.641451807436,56746.461231733105,25976.610012779955,5,9,3,12,1,1,1
L02061,82017.95924335945,3028.848945367623,16229.95560272797,53225.446404366136,13954.199123458544,1,5,5,10,3,4,1
L01380,101520.19427093872,1857.8016385903327,22567.066488392655,29959.65855624558,12818.043662123768,0,4,6,16,1,1,0
L03995,,1784.5453565825314,19021.046552564694,35078.360674596384,23113.935010780726,3,10,5,10,2,1,1
L01663,22562.902019828107,2491.398707758909,37480.08220818693,43666.81674408325,33191.01027445988,1,7,13,18,1,1,0
L03216,,1991.89820182778,27172.102161589602,59258.33174905402,14133.059187873418,2,9,7,10,1,1,0
L03195,34299.195049352806,1886.1595592852948,11965.345742007095,45847.71474066129,12232.879091405888,4,11,16,9,0,5,1
L04525,88602.56347483056,1062.1189367504658,34235.796597592736,46390.375176894675,6516.684947194619,1,3,16,4,1,2,0
L04461,88771.93646174016,2104.995724129679,10649.87901813931,34911.92852185175,28564.135060057914,0,8,12,12,2,0,0
L03165,41912.746635340314,385.49517383462535,12955.994976691305,22282.135891064245,22282.135891064245,0,3,13,6,0,5,0
L02071,84307.94969182342,2764.6547365728347,29047.89442438987,54439.20362067449,10216.070598726466,1,3,2,24,0,1,0
L01048,33472.15686031501,3026.2986845090495,16119.81480963033,20251.453106691773,16916.21530766353,0,2,1,21,0,3,0
L03179,84506.24916955958,2405.625652043182,16106.634354148197,53879.35824528247,17240.54223906694,0,7,5,3,0,0,0
L01382,55241.77183708595,649.2710665643526,21727.85867622143,45357.43878551906,4257.903543978804,1,4,2,6,0,0,0
L01934,62881.03291391729,1792.2684629493222,31068.705346102848,61476.24226361618,27069.28985136169,1,5,10,18,2,5,1
L00207,75300.7053441732,2727.8719731106753,37161.16180355043,47389.14230219579,,1,3,6,11,3,1,1
L02539,40085.65247107231,1211.1490772251886,10798.011985588206,46911.83272392102,24997.2627298465,1,11,14,9,1,0,0
L02486,,1298.0634124589014,20641.269516362037,29854.532454465916,,3,9,19,21,0,5,1
L01617,70975.05816731372,2671.6292664613125,18505.750493642925,44139.78774130809,24845.771927942285,1,2,18,8,0,4,0
L03801,37229.148923375775,1147.2723718811576,23110.674731956326,35750.60560873432,18032.18166617264,1,2,13,10,1,2,0
L01570,54418.9464530741,2831.090740165042,15239.456334511951,65322.355793541865,3110.983314362711,0,2,17,18,0,1,0
L01433,82209.46976719491,614.7353827589056,2000.0,31525.727100171694,,1,9,2,4,0,2,0
L02139,40217.85848692198,1377.6047825875091,12884.066234138541,46373.79403590526,21534.211955039187,3,4,4,19,1,2,1
L04231,33582.37085748176,1757.7959135993874,27508.12835183505,17532.119878307993,11346.776739521969,2,11,18,8,4,1,1
L02513,75977.6767063473,1973.7663500227206,18457.813840833594,56297.95836848233,15944.673082375422,2,11,15,21,3,3,1
L02304,70004.00412503388,2071.194811047536,26049.41353815343,16593.497982924535,,1,6,16,4,0,0,0
L02780,74588.83036172128,1047.9872543009967,21128.51607664575,36816.4854757668,35447.9734638426,0,10,17,15,1,1,0
L00624,91908.40092309956,2181.320832640446,35527.59030614763,40443.43430308152,11326.854912456683,1,3,10,11,1,1,0
L04831,82375.45001181542,984.9558419274292,28331.951786719153,53347.89232976402,6055.214219009802,2,10,4,17,0,2,0
L01162,,2497.2195088703475,12276.649961838119,38942.206709088714,18185.761388819006,1,7,18,23,1,3,0
L03041,77204.32339178445,1638.12887450393,13036.666670280041,50809.158230183995,17043.343879145716,3,5,7,11,1,3,1
L02119,20000.0,1127.605611594647,14408.164538324956,46820.091114138704,20488.311248084097,1,7,4,10,0,0,0
L01009,85991.05430638671,,21441.035333864045,35079.1532398486,16875.05121858739,0,9,1,17,1,3,0
L04201,69873.1444740543,3131.3536438271194,8006.56952214125,32937.54435244328,9722.260820861464,0,6,1,13,1,2,0
L02522,124705.1800520682,,16751.405396755654,50806.853426141046,22749.021130822217,0,4,10,8,0,1,0
L02386,49830.09330599861,2051.3035971605327,21238.123887089823,32095.67284652512,9188.115219610087,0,2,12,21,0,5,0
L03153,20000.0,1396.4618533622645,12937.818738073054,27757.237421858277,10571.29164610308,0,2,5,4,1,3,0
L03567,69581.49376411406,2784.36803820798,27995.786278137533,39775.44372953569,14774.97658117182,0,5,12,7,0,1,0
L04460,78241.03669516946,1638.8640799384211,15597.69504531986,60177.76983019447,10176.061888983046,2,5,7,11,1,2,0
L02920,90917.43563726029,2174.1520830871086,11150.320125195229,52741.84382656497,17686.776723081777,4,10,19,10,0,1,1
L02502,84363.69321065722,1897.475571305963,11820.505538648496,44797.34593921099,30778.73076564802,0,9,13,18,2,1,0
L01772,98901.02080861505,1826.81976191087,29271.22481485493,13663.482133629193,13663.482133629193,1,3,1,22,0,3,0
L01646,73566.14194415297,3238.784069710494,29177.387066589792,53403.13308833664,23589.099814126857,0,2,1,18,0,2,0
L03945,56755.5850995106,1009.5977455976473,13334.294455745034,40067.93936577337,40067.93936577337,6,2,10,9,0,0,1
L03340,100927.21645853927,1662.9949561400524,17117.26275303312,34694.42436616627,9051.365076331474,2,8,9,23,0,1,0
L00999,53576.42020434406,2174.3603377054815,29911.400043558835,49820.32739512216,22084.572170523665,1,5,13,5,0,4,0
L02809,83307.80551120323,3111.405213393402,18115.88759011225,40160.39967694721,16037.646899308314,0,7,10,7,2,5,1
L00278,52995.66245682411,789.7841794411487,25915.511752600938,7189.286275359358,7189.286275359358,0,11,8,2,3,0,1
L02173,58603.04953490312,1665.264230376895,2000.0,22324.808127897315,21403.629067208432,1,2,3,18,4,3,1
L04417,70241.33618173451,3187.233563538095,4582.358876166978,29018.36837967444,10089.826638944516,0,2,10,16,1,3,0
L04294,60830.635789191845,2125.6723067190655,19212.05020228447,42520.384026392974,13193.035808382094,0,5,3,24,2,4,0
L01373,37561.977141372874,2695.1156783445354,24378.751563488673,44339.56953810642,23368.92364695448,1,10,8,19,1,5,1
L03286,95068.39656857998,2555.508178268312,22773.742827608337,35034.21746874463,24529.415931378186,4,7,5,15,0,1,1
L01292,114859.99034865582,2973.4260455191807,31259.04176727718,24609.471286671396,20247.777464967614,0,10,4,19,0,3,0
L04015,63418.65316270888,1628.8588269190677,18587.68778976579,17707.56588090076,17707.56588090076,1,11,13,11,0,1,0
L02994,60755.820601976964,2526.418130028953,2000.0,44730.59344191085,25444.413336690115,2,11,18,5,0,0,0
L00633,61839.842028420215,1921.122438361386,18682.21228227878,5000.0,5000.0,2,10,12,13,0,3,1
L00859,53955.539114380575,1559.2157500854225,31948.686937879385,68570.19823122457,18267.213517065728,0,6,5,8,0,4,0
L04108,92131.66771655963,2158.4626728103135,26675.74912482157,50537.545285950364,27905.29563425356,4,4,5,19,1,4,1
L04179,101268.15397030846,978.6996136926568,5935.410989595863,63786.618520695076,3665.625886013915,0,11,2,16,3,1,0
L02280,74251.82585707902,2415.9749850681783,9956.701728210395,36528.729081925114,17734.088814727707,0,3,5,15,0,4,0
L02200,74757.44569742148,616.6431853137867,22174.28952958102,40437.61640152144,10422.166430970328,1,3,9,21,1,4,0
L00181,77513.34695530012,1974.9274454058382,7806.1564420395935,34010.04965649682,5346.596165550331,1,7,18,2,1,0,0
L02892,22388.67040385599,2647.960135809901,17692.28391319616,23812.57274643262,23812.57274643262,0,7,13,12,1,1,0
L04421,92394.0221530837,2033.719073695039,23363.112955636676,21034.940473564646,21034.940473564646,2,8,6,13,1,0,1
L04554,45676.86553259166,,30609.101045414627,30807.130079883897,19484.396816773507,2,8,2,23,1,0,0
L03342,60146.37446375933,1787.156768601131,14750.80657108398,37182.35769904313,19048.40648514385,2,10,8,11,0,2,0
L01842,27363.019090047215,1347.951621159046,12244.67064385368,54974.56852867575,1000.0,0,7,8,13,0,0,0
L02175,48297.14196739954,2899.6890140612436,2676.279125041914,27954.363984036325,7640.778264908071,2,2,17,5,0,3,0
L04823,48086.53791011774,1154.7922967795344,30252.24419181626,52318.01724627735,22310.30325742842,0,10,10,19,1,2,0
L01688,69023.19311745679,1059.686193885635,2000.0,47755.00453770903,25388.387035370964,0,10,5,8,0,4,0
L02069,93454.9627219988,3084.4958660520942,26962.48566245428,27655.77061206464,25821.669967373477,1,5,15,20,1,1,0
L02089,55935.031819539734,1842.4474503460951,34359.432022281035,56928.9110121787,26846.249963118913,1,4,12,18,1,0,0
L04234,75089.66512766034,1693.9167374076026,25057.01190749777,55427.18513785166,14318.550947445856,1,2,12,4,1,5,1
L02742,74265.77060236213,1687.5572115980547,37042.129006852294,47898.216687305205,21283.390272029385,0,10,15,6,3,3,1
L04083,98573.49346745132,1686.6698945022054,25447.749725922946,46696.70174957166,1000.0,1,5,1,19,1,1,0
L03918,75966.39255108997,1393.826584680229,7553.587469315857,39712.703643979876,32431.92019144856,2,10,14,6,1,5,1
L03468,67638.55933543915,2921.2002772417263,22577.54146667228,33598.20293614862,33598.20293614862,1,5,8,23,0,0,0
L01806,33317.281139890205,1698.773936202352,16378.376580652726,22629.972902166523,8600.687280641045,1,7,9,4,2,2,0
L04096,44360.89515811131,1924.4092830108486,15719.021649202166,42558.49040155189,23796.728556844046,0,7,18,10,1,2,0
L02672,76640.53134169454,200.0,23315.516401774956,54936.75265236235,3631.72157847137,1,4,3,22,0,2,0
L04038,60569.73474095752,2877.5529955111965,18165.219810761133,44273.28849572976,22706.448862599635,1,11,6,10,0,5,0
L02884,74153.73172107105,1754.3509668550753,23704.15417593112,46655.135903321745,18798.016564125635,2,2,6,18,1,5,1
L03383,69251.4806126443,1874.102070359139,27259.441806248,48693.71871977206,28100.51396725016,2,10,19,4,1,3,1
L04469,67148.88748681785,1252.1503122088834,3644.295231291253,58051.900853505955,27607.447616353587,1,11,16,4,0,4,0
L01949,87521.00501544337,1505.772378743156,13750.393134087592,31727.088998475556,20475.79417152788,0,11,16,2,0,1,0
L04164,28272.804324592056,2654.3982224471774,38350.47670619458,29810.64520558592,29712.18413192508,0,6,15,11,0,1,0
L01186,83815.42375976432,1200.9601631839569,11585.470482251814,32399.43735684642,32399.43735684642,0,6,5,4,0,5,0
L04776,80652.59652633037,3069.9204819324295,17966.852326782926,39944.933672792264,9948.92499161985,1,9,11,4,1,1,0
L00482,45889.191187991484,2160.490439545111,19541.516825560167,36009.74956659479,11839.358115082376,1,8,15,16,0,1,0
L04269,42575.12519811216,3229.791971683735,25796.100564144806,33068.26054300216,25390.425910626098,1,11,9,22,0,2,0
L00116,71030.94684667225,2215.4869965103103,23234.19133500961,30583.675198637655,17868.86245907211,0,8,3,9,3,3,1
L00474,92337.48534889049,1399.8417463232033,12468.42495244908,59844.59962518315,9365.581337382437,2,9,17,4,1,0,0
L03979,76362.06410257293,2300.4676749400005,18847.21812547856,27454.922505030583,27454.922505030583,2,2,7,24,0,4,1
L01555,60470.422161969465,1575.5983572707062,26301.429743153712,45026.89199610496,16223.950469420613,0,8,9,14,2,3,0
L01563,20000.0,1645.3566188416241,10150.48058773925,27790.423061642327,4519.11610307507,2,7,18,11,0,3,0
L01593,73731.19608315335,2975.8274070299967,45330.16418252688,54270.774752511556,11373.336421114682,3,11,3,7,2,5,1
L03111,41764.32312175272,1029.2829270411448,34708.45621075548,41815.50817754114,27376.06764476963,0,3,2,4,0,3,0
L02498,59404.796630083314,3499.6449838632107,29458.565180985774,52342.63109824537,12002.020622796914,0,11,3,14,2,3,0
L03477,84556.31099372401,1922.0207063180933,18479.503439677082,50283.375448257764,21601.108906395973,1,7,18,16,1,4,0
L01566,59373.44885763573,2365.7850990434213,21958.574150558456,40606.43409750201,18077.216871885546,1,4,18,13,0,2,0
L02632,74263.69590535169,1117.2804207687109,20972.325385124004,73281.15036296274,5760.196661790329,0,11,15,21,0,5,0
L01430,59463.73400222159,1426.7407430377787,27636.73654270156,20622.88819499326,17685.91998346743,0,8,10,23,1,3,0
L04291,75172.16746466883,,8161.409810041543,5000.0,5000.0,0,7,3,22,1,2,0
L03079,69680.48908706296,2087.2440747842934,32199.286054277545,19779.48622682456,8053.723968038108,1,10,15,24,1,0,0
L00227,,,15373.085165119646,48142.9558053733,13119.911851551624,0,7,9,8,0,4,0
L02028,89778.92705878874,898.1889659566823,46485.86988174057,38009.77330420157,38009.77330420157,1,4,6,15,2,0,1
L02886,55005.39647696739,2180.2068837738493,19772.517868479787,42904.82974947239,19259.434633559264,4,5,15,6,1,0,1
L02772,50068.43306919522,1636.5154186834814,28460.832412118543,40486.39906280506,22629.861241047154,2,8,14,23,1,0,0
L02416,70429.90621651296,389.410640877212,20461.022260143647,32702.61076681772,5366.063714947708,2,9,3,16,2,1,0
L01475,49302.033738355196,336.2545478335337,17355.98218590089,25530.13616657415,2292.255774089441,1,11,6,4,0,4,0
L01722,59809.06644832165,2669.1045689646703,11966.981690245033,15847.453030098484,15847.453030098484,3,8,5,17,1,3,1
L01210,99991.53486373878,1272.2010869968274,38772.39592974457,26940.3581355,2400.4807392787043,0,3,11,19,0,2,0
L03977,75124.81978611852,2045.6313898014575,30804.864602241316,43432.73812143861,20777.843419771143,3,10,12,11,0,1,0
L00586,,1220.82821562577,9327.233116272699,56242.62150874587,33658.5662533134,4,9,18,4,1,1,1
L01235,48926.50864060538,1622.5748770270916,21057.27282769034,21877.113124629414,21877.113124629414,2,7,17,8,0,0,0
L04320,58268.948202436535,921.4508929774802,35878.45970345973,45144.74451049478,29510.703517389087,2,2,18,20,0,3,0
L02255,39952.13111173762,,5159.959822038352,29240.75540476497,18659.512334978088,1,8,10,8,1,1,0
L02645,43207.33925315223,2556.2494169886922,25093.9044245982,43298.052135609185,29009.15761785309,2,7,12,22,1,0,0
L03704,48261.5859240744,2310.5495990788586,14490.996340441818,51207.7988518764,35696.34504577714,2,11,13,15,1,5,1
L03732,48436.07454069531,1695.3595250184355,21480.81641223939,26434.073155680693,13231.892644536852,1,10,16,7,0,5,0
L03842,50804.2201553293,2375.679598099913,23016.077186900107,38374.977289460585,,1,9,6,11,3,5,1
L01456,29784.74481688365,996.5675492045975,28095.0989621244,46234.9505880791,4937.851290934916,1,9,8,23,2,3,0
L00209,75300.95372612096,979.305515224419,22100.21151740569,80512.99704324393,1000.0,1,6,12,10,1,3,0
L03746,61369.936757286654,1244.956465678542,16033.763060165507,29758.85732793648,20124.04983146586,0,8,3,20,1,2,0
L04999,81160.72378804143,2196.612458412408,13158.908589700786,65702.9459401042,26236.932101761915,0,2,7,23,1,3,0
L03416,62059.491531383,2036.1127834699332,31764.97702772889,26129.616542147018,5768.397228514352,2,5,14,2,0,5,1
L03609,38008.47576896936,200.0,17433.712142780947,59282.5074472662,16949.244608977446,0,3,18,6,1,5,0
L02228,52991.5286852259,1759.3593691043732,21078.341891785236,43654.300322347364,1000.0,2,11,2,16,2,0,0
L04658,46179.54598667242,326.46473685476576,12753.559815519686,25547.514092259225,25547.514092259225,0,7,11,6,1,1,0
L00786,86615.61451109244,2272.908894339146,31165.676137777013,35705.47895658719,,0,6,6,14,0,0,0
L01388,96230.22393453706,662.2162803950341,29573.04223774747,42226.95522320333,33843.117530307856,2,3,13,7,0,0,0
L04702,36095.89471175549,2157.3628886473152,25620.24550988466,53745.682410449954,6952.142485414724,3,4,18,6,4,2,1
L01681,73074.60180673219,1547.7869328669954,12093.459225007615,45900.67516704569,1000.0,1,3,4,19,1,3,0
L02376,93969.98459785852,3377.87558326576,22617.346764602968,44732.452124852374,,0,5,6,10,3,0,0
L01709,62347.325072348525,2969.803683227783,33263.93449722066,46638.436435342104,5873.179329930883,1,8,5,3,1,5,0
L00763,116201.69076537588,1014.9392507860282,18801.677358719207,60832.00155429365,30588.71846575562,0,7,8,14,1,5,0
L04157,75530.73367344614,2050.257789413477,41401.566318350626,13889.808452689249,13889.808452689249,1,4,13,6,1,4,1
L03113,58982.805057183476,394.5050404787985,30720.90195533784,45408.70023829452,21707.84147600208,1,8,12,22,0,0,0
L03376,44519.42818227241,1635.328112062925,26126.413614429657,9820.279514414455,9820.279514414455,0,11,16,15,1,0,0
L04709,84105.3847441441,724.0577703478621,30742.401692332416,42797.593253251005,31103.071757481226,0,9,16,13,3,4,1
L03529,28366.355055879474,2608.303450626611,39813.99716600857,14553.12768330294,14553.12768330294,0,10,12,19,1,4,1
L03068,65368.032615668766,2540.5414061710953,27310.8513097595,48535.44305889639,17173.876099913618,1,8,19,19,0,2,0
L01761,97799.29058742785,2455.7917738064757,22682.067826028364,30552.627936303852,21954.299160265185,2,9,1,7,2,5,1
L00792,69153.75374326222,200.0,17029.47513164318,22054.901511846823,7393.558840113443,1,4,16,17,0,2,0
L00986,41832.70621614915,1344.681441061973,23951.62047141818,53188.95857749841,20838.023596113406,1,6,17,17,0,0,0
L04862,48477.76016570916,2178.1118103920094,18277.43479874295,61141.742246532514,22736.459874697903,1,10,19,20,0,4,0
L01255,89553.37984946584,1490.9420196422595,18953.32166244344,25788.656574723114,4386.570169001114,0,9,15,10,0,5,0
L02426,75285.0951203567,2231.8116102626736,15924.790900792896,16376.80018805898,16155.318873005786,0,11,2,21,1,1,0
L03440,70854.30964283706,2208.4805523282507,17675.988127220386,56554.4036566718,8230.367949406756,0,4,18,7,1,0,0
L01807,70342.53302022966,1071.7405264573729,7779.415028320689,72473.38883652186,28178.8196670747,2,4,2,21,1,0,0
L02312,100904.22711824645,1195.1967844347162,26410.35834850763,73894.03041613718,25130.63343013569,2,2,17,10,0,5,1
L04847,21435.773605371396,2014.7306189556498,28710.260113888486,27383.179486594116,27383.179486594116,2,8,17,16,0,3,1
L04524,106501.30078697082,3537.4421339172814,33870.51150666382,65661.6366654158,8263.011892462664,1,11,14,14,0,5,0
L04414,20000.0,1476.289183967243,16846.06201884579,44416.818959529584,1000.0,1,8,6,7,1,5,0
L02657,43161.32199209374,3015.9616047314394,35446.851732306146,44249.04925219898,29811.495194007846,1,8,7,14,0,5,0
L00122,46812.250904105225,1451.0756467940118,17160.15660399447,42199.488814692624,17570.857689127224,0,9,6,18,3,1,0
L00192,82127.97588646944,1766.9658503941737,19341.716343530075,7282.371435014837,7282.371435014837,2,7,14,7,0,3,1
L00995,44967.599802101686,2490.822594017217,8875.113096636876,35630.0199081258,12467.675233353802,2,6,14,21,0,4,0
L02044,68047.09744067444,582.1325453746047,30098.61984870875,39909.07261339608,18857.560858978744,2,3,13,2,1,5,1
L03156,32374.48369078109,1491.1979394804484,29842.84753263752,13286.775398795478,8371.829973390022,0,7,5,18,0,0,0
L04449,74614.89159535967,1494.6951236694308,23649.568754090247,57466.970387683185,31663.39711561252,3,8,12,3,1,2,1
L03677,66463.93982003389,1965.9910382817454,18462.09268857686,24793.093885454153,12542.36255889334,1,5,6,9,1,1,0
L02924,63716.23645783005,2831.3624411254987,2000.0,30352.690041983326,21134.943462257423,0,7,7,10,0,0,0
L00210,142054.62981309442,1849.8650796952984,15113.055665547654,38857.214950721216,4705.922767683691,2,4,4,20,0,0,0
L02146,,2180.6015934652255,29009.723227039656,45303.49220110695,8644.819548110052,0,2,17,2,0,0,0
L04587,85430.30785563728,2126.1517894697417,33726.97577185067,22443.463637537472,19029.28179851446,1,4,14,3,1,1,0
L01704,87193.99683912446,680.254796213851,37498.18606328339,49023.700681032686,37441.68136147295,0,6,6,15,1,0,0
L04163,59627.08493380515,2336.814243934216,23100.348239328494,44002.39256620581,24789.40188932631,1,9,14,17,0,2,0
L02642,,1871.5162231452905,19989.612281333648,34875.72299844526,23527.49608625513,0,7,16,19,2,1,0
L00235,107878.8817865065,2046.265898011108,7097.524767009534,52849.9767980411,15055.073981178515,0,10,9,9,0,4,0
L03306,86227.41929746268,2438.4728389292495,16652.277439421963,45044.82714432529,30792.77692746526,1,4,9,6,0,0,0
L01462,,784.4277871897497,26375.062034730363,53965.17782303657,13175.312309828892,1,10,15,9,0,1,0
L04537,,1161.4351389134767,24461.839442959674,28056.63815839271,19090.13861960764,0,7,1,14,2,0,0
L00516,80107.82451651512,584.8241753493483,31661.396608610485,68257.16546777204,20582.44360659381,1,7,3,2,2,3,1
L00579,35428.27508440317,721.4583636580078,25886.472460333105,41614.05154334426,35366.55828739978,3,4,12,11,1,1,1
L03472,63382.43004269077,3030.0410552274748,2000.0,25467.638289475086,25467.638289475086,2,10,9,13,2,1,1
L04952,90062.65649536486,1981.9240631932964,21960.874907049216,44687.72749293342,17225.825685703563,0,3,8,6,0,0,0
L02357,57614.457215075934,2044.9076424822042,17037.941242584926,6740.7443461964795,6740.7443461964795,0,5,9,10,1,3,0
L03494,54293.66574864682,1355.7815295894627,21199.170017509074,20454.971172777932,20454.971172777932,3,11,18,22,1,1,1
L04196,55082.43655979702,576.2008359967267,19746.518662869923,52659.83878178795,5327.276018078863,1,10,13,16,0,4,0
L00809,90115.12251147041,3962.422051524067,15598.534949063003,53309.634436896195,26623.463197532867,1,3,19,3,1,4,1
L03238,39901.54663995415,1010.3630568509477,31210.531280479252,66451.06068877783,11173.211778394034,4,7,19,16,1,5,1
L00898,67934.27372866646,2665.211269039793,15122.15705174569,27811.232286170994,21575.174973327998,0,2,18,13,0,5,0
L03123,74824.15330823993,2134.9636626338947,12777.807228652853,27253.07495465583,18811.212368601824,2,6,18,3,0,4,1
L02278,42024.11929682687,1746.215754243095,24681.669498219737,20300.91569121628,20300.91569121628,2,5,9,21,1,0,1
L01135,60116.867294187025,1158.2404735718567,23803.386906638876,23745.012498578595,19917.67635430489,1,9,6,24,2,4,1
L03281,47765.93859487484,1546.6563632526004,17708.177097723456,5177.719868836328,1000.0,0,2,8,8,1,2,0
L03325,87077.54686632515,1852.63091891917,27652.471239747298,38371.23757329415,8425.550476340442,2,9,13,17,2,5,1
L00888,57814.158184258806,1132.652121013901,13552.970012970172,38877.72369474122,12675.4612402868,0,2,4,13,0,4,0
L02724,94633.26804925197,1810.0174914638292,21482.87209439729,11221.158646610453,6378.354280787784,3,7,11,24,0,4,1
L02723,43821.84825886799,1932.1920400519402,12385.281864894932,26812.95860338473,26812.95860338473,1,6,7,6,3,2,1
L04656,108098.57354766285,,43120.89327252908,38208.18398115497,8878.226016037093,1,4,4,2,3,4,1
L03956,52772.29505222743,2640.619432377691,24531.83695699299,33573.67404999946,,0,4,17,21,1,2,0
L01496,105121.85776318246,2105.1404940274733,21424.970312050835,30513.414428857373,12352.922704120374,1,8,17,12,1,1,0
L00616,67584.42363950454,,24944.18977684048,49725.59166564685,15209.500264628401,2,7,1,20,0,3,0
L02051,81501.9652933527,2574.2355752027406,32753.90554416414,31197.809265953772,31197.809265953772,1,6,11,11,1,2,1
L01237,98554.0162815288,1294.8779555467534,8864.722016460057,40730.75019090711,27868.60068735157,0,7,7,6,1,1,0
L01957,22286.51572042609,1875.6220540707748,35848.71093794044,69371.97422952663,,0,5,18,17,0,4,0
L01999,61738.660721124725,1795.91469437822,20993.04127182823,51269.16557713915,18235.929463716722,0,9,16,11,0,2,0
L00769,52460.65884424465,1964.060271387704,29947.58522471934,38676.09654797438,12468.790495673382,2,3,14,18,3,0,1
L02194,37736.51990814379,,29998.872897059835,29717.9072096737,14691.635942853172,0,2,10,7,2,1,0
L02988,66867.44748553302,1518.3298020368952,7402.133280820011,40667.53123478855,18415.83765331782,1,4,12,8,0,1,0
L02844,41644.4089746413,1483.7731615870555,20181.399342098382,60073.74446143114,28136.899670407285,1,2,18,23,2,1,0
L03949,59400.13396251041,,49359.60159383489,29839.56656917346,,1,9,12,2,1,4,1
L04842,66513.89880010187,2867.6049066702703,24245.994767082593,53690.902196797135,29300.85804791365,3,6,19,5,1,5,1
L03514,30047.26980343477,2183.7002556412585,25384.731053121115,38192.224384312096,21164.142278906736,1,7,4,20,0,4,0
L01529,55223.01156427452,1815.6796932621025,27960.81494132487,45922.30030618265,34692.134397269896,1,3,17,20,1,4,1
L04438,59549.105572763816,1713.1777259481216,14918.138386404175,43798.636335462135,21519.188637568088,1,5,5,3,1,4,1
L00577,69712.29116217131,1265.4855613377865,20135.63584178446,41171.16570843984,35511.47081398019,3,2,1,4,0,0,0
L01279,68840.98232980064,832.6410310083152,26261.56559646185,62809.01352644818,18381.707369856438,2,10,19,9,1,5,1
L03231,56641.80908468219,1805.105232770652,5951.956891019372,32283.748575152087,32283.748575152087,1,11,6,24,1,2,1
L00531,77771.84917554748,2833.648267461218,37407.52376516772,60375.35749645908,,1,6,17,8,2,3,1
L04220,28922.744148752703,1469.2410372225638,36329.88276709578,50692.07207432293,23429.84341359107,1,7,18,18,2,0,0
L04128,100974.50036702624,1148.4777432054475,8368.969194184063,29345.76944273383,2392.8068675135364,0,10,12,23,2,5,0
L03775,29578.628938238173,2947.066270927876,20370.87806623765,23824.537543077022,,0,9,4,21,1,3,0
L00887,76678.56370651929,1210.0960772016333,13621.769388322182,69635.57651845111,21668.593898926756,2,10,11,16,1,2,0
L02118,45113.01250782976,1507.8779094414294,26819.678270528922,49294.85037644722,22524.485549536636,4,7,8,15,0,3,1
L04930,62134.82169271615,2238.1911829900487,22888.229622787883,60133.85174290271,24274.554046969402,0,7,15,17,0,5,0
L00815,,200.0,17402.58604936961,43836.76378489548,29903.862366113528,2,5,11,3,0,5,1
L04611,66356.77027833875,1902.3417618996634,44080.46047543548,34725.88857577198,5039.045086055552,0,11,17,20,0,4,0
L02828,63759.91981267936,1623.2546200483098,7320.818223611992,50940.54692694626,8670.219053087327,3,9,19,16,1,5,1
L02700,91578.6663907082,2480.5755155685174,16761.568296866048,16857.667764441812,16857.667764441812,0,5,4,8,1,2,0
L00357,64629.7372801522,494.3880919788662,26998.216359738093,27642.0803406537,26468.70464896778,3,6,10,4,0,4,1
L00309,75941.94762340076,1192.8234408773242,20453.096688654452,5000.0,5000.0,0,7,14,10,0,1,0
L02631,70931.51090281524,2658.343691605877,41292.69996621282,24861.952713439154,22150.3581213723,3,4,9,10,0,2,1
L02692,60118.39052651597,1322.4051292632541,23294.216768153005,39158.71410581988,23286.594981723145,0,11,9,21,2,0,0
L03888,61757.52049040283,1697.2813872659128,15368.376241907099,20926.838918098492,20926.838918098492,4,9,19,9,0,5,1
L02224,61375.516535637944,4294.144903366438,26459.477771253034,44109.03605397007,32708.122296569127,1,11,15,14,0,3,0
L00945,101932.73992095332,2194.3071774814957,31177.721505515,48233.177732805,29305.107655361015,1,11,17,13,1,4,1
L02241,67117.88906230469,2350.564245162306,11133.638111147182,44442.768309826955,13585.506815021337,0,10,14,9,1,1,0
L04666,61845.0603353703,2819.417806987496,30023.327778844658,38210.36032295463,12241.285005537571,1,5,18,10,2,0,0
L01723,79776.20961775006,2066.6958810087026,18408.683718911252,34492.84643429153,22349.230504972107,2,3,13,8,1,0,0
L00743,52503.628446086426,1816.3337337703344,13736.347147341314,49240.385631215075,29085.910951875514,2,11,11,10,2,2,1
L04970,94055.11090252367,1217.287749406632,28452.969584310427,35071.9416686719,26981.236054063564,1,5,19,12,0,4,0
L01261,76166.53825043445,2933.129433360234,16467.589981602006,63965.12495057474,9050.193818877173,1,3,14,21,1,3,0
L02735,104741.22223398882,1894.1659347687664,17954.849153583047,45162.00557242098,18105.57222473821,2,9,2,15,0,0,0
L02020,40214.83210293055,1844.1593940240714,24127.26121191785,42306.45744317059,20863.330187871627,1,4,2,22,1,0,0
L03747,21458.699071142903,1720.5485297663743,2000.0,44448.75755726204,25799.76576957259,1,9,4,24,3,0,1
L03016,85767.57702038634,2875.883224944556,8890.879929278402,33830.801135041926,6029.449768530267,2,7,16,7,0,2,0
L03170,56680.66144105283,1709.1262706384282,52406.86954159441,23498.545561332907,21142.6523006332,1,2,8,17,4,4,1
L01963,75422.44856758676,2199.10655581457,9973.28492228008,14293.8463880614,14293.8463880614,0,9,1,10,0,5,0
L04583,64880.90581574541,573.9214123217903,24473.33301682524,44798.31951781618,39259.27320502261,2,6,3,11,2,3,1
L03856,61974.015595349556,1269.4683278990537,24566.852308914786,70714.77855845274,37614.02549936115,2,6,15,10,1,1,0
L00542,42405.86290684764,3135.938225123711,23841.193983281697,5361.9396788672675,5361.9396788672675,0,6,3,14,0,1,0
L03507,71459.49007235336,2638.563174140221,30836.24548970972,42336.27861746921,17220.028782548052,1,2,2,10,1,0,0
L02217,56265.605279188094,1326.884216129562,18292.294033394905,43060.005716165375,43060.005716165375,1,5,13,22,2,4,1
L00957,71854.50692755409,1701.490851718186,2000.0,32387.029847113474,17407.240256212466,0,2,7,20,1,0,0
L03444,96772.53856087191,750.7606896810546,25395.287874042162,46906.33401976583,19587.792566318825,0,8,19,13,1,2,0
L01024,107845.40717223728,1579.9028573959627,31224.81170233109,36347.78395550649,27985.681267484328,1,8,3,15,1,4,1
L01577,32697.363681889812,1313.2048770150386,16626.374106866002,18660.497961783938,3893.057050827547,0,8,6,23,2,0,0
L02795,64371.21659250447,1859.0907475287042,47032.37805069488,71909.46120624352,25267.642170046776,2,9,1,13,1,1,0
L01762,79842.54982143785,1643.621885131221,30179.920992573367,61929.89246302481,21793.18501159803,0,4,10,24,2,3,0
L03626,46042.145654620275,1968.9675193795654,35879.65583973368,12563.583791181747,,2,9,7,24,0,5,1
L04936,75867.81655743619,1899.0037140194217,16866.033192239385,21405.897829292164,21405.897829292164,0,5,12,5,0,5,0
L04841,48872.461417639,914.5037667727546,21694.069357692442,57663.556212241965,20535.146525796674,0,2,18,14,0,5,0
L02033,74527.15538712438,2200.733863268686,20756.99061121501,39737.23955656377,24012.824161772052,2,9,18,2,0,2,0
L01099,83326.55349404963,1986.434361223587,27615.734705711046,21361.539958004418,4118.700740044558,1,11,17,7,0,1,0
L02753,,2448.021790804893,10184.334208975877,68360.94772891044,18035.307754484747,1,7,8,8,1,5,1
L04358,58518.636495820596,2398.0369006291676,25019.31685118704,33441.46086762438,13679.99395395687,2,10,4,9,0,5,1
L01411,91563.88283698115,2151.5888384068094,15578.728261683966,60308.377889851385,30174.21669808901,1,5,17,11,0,1,0
L03931,78430.62343458107,1506.926658289794,23832.419104587185,29443.945649125555,23145.13743802696,1,9,17,12,2,0,0
L04985,76296.84717200245,845.6213031846905,5460.404403836856,41876.99486154516,33488.70470548737,4,6,14,14,2,3,1
L01927,20000.0,1816.8741982804697,46398.74466985502,28416.203936752067,24499.08888831228,2,10,15,10,1,4,1
L00506,55257.49232470608,2473.4246198272103,29637.9977236326,38995.616645271315,20438.045566072145,5,7,4,21,0,1,1
L02939,32210.316749491314,2996.3665961943657,2000.0,55715.523533164145,17193.625206865432,4,3,6,7,0,4,1
L04402,86438.59730423594,1485.3191001417017,9030.873867280174,37765.4250285346,35041.12837700796,2,4,5,5,0,4,1
L00598,45424.72568435385,1578.6625826246836,30844.42437381738,5000.0,5000.0,2,6,14,7,1,3,1
L03178,,3022.6652507889967,41888.84638754853,47841.501135500774,15844.517285573562,3,11,16,14,1,1,1
L00580,,1812.5457891772994,19313.783760619357,30871.122916460823,14384.879785555084,3,5,12,17,1,0,1
L03213,98344.48223102273,,23301.29438098042,51867.30475546339,39713.50649001291,0,4,13,10,1,4,0
L02845,69335.51127525259,3074.3712768219048,43572.158874477376,9343.469477102553,9343.469477102553,0,8,1,20,1,2,0
L01846,44446.49718148084,2149.7014237848416,20911.513749308382,44898.44523794582,28614.18359876257,0,6,9,21,1,3,0
L04965,51886.245610771126,3071.3178413091655,22985.260249053877,50737.99505746114,2626.7193743580756,0,9,1,10,0,4,0
L00601,80139.77233290704,1649.4380489817431,33888.06241193156,43458.00500817009,4911.51316370504,1,2,5,21,0,5,0
L01294,81769.81548903283,2148.988563840844,40341.34564362391,55476.084707710885,23962.67916565503,0,11,12,8,1,0,0
L03623,25435.495012503794,1573.0346173082146,27985.95091444392,5000.0,3458.539694267027,2,6,15,18,1,5,1
L00395,88588.80241442574,671.1545351471345,29172.635437832152,40266.28819259929,13179.781851359487,3,5,5,22,1,3,1
L04771,65303.658850808664,200.0,17988.268282526107,22388.43429435743,22388.43429435743,0,11,3,18,2,4,1
L03756,25621.537151678334,2815.404537518896,13589.515696017055,15189.467496089466,14202.401232759774,1,6,18,4,1,1,0
L04053,74205.43249964608,1743.275709978105,13893.424443013275,38869.71638110664,20017.34935873873,1,9,10,4,1,4,1
L01652,71515.92633164334,1524.4182329980379,18994.64014821232,57403.721977444286,,0,7,17,23,1,1,0
L01851,52075.453803123935,903.6656648508887,26685.31256905124,66001.62009076394,20868.851398778115,0,7,18,18,0,0,0
L03087,63868.23022200209,212.2496468432721,34082.74740652139,50153.32306721073,27598.565050594596,3,4,10,6,0,3,1
L02449,49324.68668827207,2789.7446402312075,25199.278618447734,37548.891539030315,15314.800707399481,0,2,9,8,1,0,0
L01858,59999.06970802094,1565.8516328197784,32279.59002257798,48169.187562760555,37758.468947911955,1,7,8,11,0,4,0
L00862,34685.11770005536,2782.424167686508,8630.220418594457,62322.019408603024,20885.03473817882,1,4,1,20,0,3,0
L00066,92124.80057141646,1636.0986689082263,21475.261439369504,49757.34459982654,2488.913941276802,1,10,12,2,1,1,0
L02684,79637.41408576591,3033.8213021290417,6227.703638678779,17336.13157274509,,0,8,7,19,2,2,1
L03262,65920.05494506548,3174.6911966111006,21171.130161251345,37583.087699709984,25081.92939171904,2,9,7,10,1,2,1
L04711,52832.98470641325,962.462599914475,9158.017890888394,29420.07503585999,4469.6307048755025,1,6,1,19,0,1,0
L00621,49190.51089109376,1543.6919524505645,17788.69765198916,52024.07739589556,17100.011156530407,1,7,4,21,2,2,0
L04727,69212.01678595283,1801.7468726696288,25742.167348024785,53020.81981341665,8440.902175754209,1,9,17,9,0,0,0
L02824,36896.2030639285,,28422.782566710317,26842.990923288635,26842.990923288635,0,2,17,3,0,2,0
L04387,,1163.4258691835107,13516.334635769093,49644.89732100001,16253.376909278233,1,7,14,20,0,5,0
L03527,61041.24542030636,1540.8729174272626,8196.470645868148,16404.871860257495,16404.871860257495,1,3,1,13,1,4,1
L01895,63232.740815893296,1233.958171764715,18125.113367303096,58168.982447395196,3948.295575584674,1,3,10,10,0,5,0
L03913,85189.43577191938,1621.5794549868783,38238.43744269257,36324.02369435109,16042.83889124857,0,5,5,4,0,1,0
L04669,47876.603186765,1060.059347424581,17621.778771383477,28750.457080410153,,1,4,19,20,1,3,1
L01208,51741.98164898103,1903.3499786653683,16104.210040638722,32963.940730842725,4521.595387213383,1,8,2,3,0,4,0
L00148,38590.867738314475,1630.8926161456247,20498.52167982561,42414.632463807335,8407.17600769157,0,3,9,3,0,2,0
L04191,72915.97697419494,1048.3478661968334,36202.71085267462,51791.80821397369,30063.355691051293,0,5,3,14,1,5,0
L03904,46148.83988416247,1928.2150859340613,14002.571118894683,30351.273531811494,15288.869764086994,0,3,6,24,0,1,0
L00690,73885.2662297208,1665.3926924099667,16945.52790346473,32300.30366491509,29231.533505050444,0,2,5,20,0,4,0
L04095,89695.03828089591,2773.157909821664,21004.493168150315,63892.780965579805,8700.241292155839,2,6,10,18,1,2,0
L03657,65143.569338158835,,42548.09818638649,23703.835699665728,15040.007446646867,0,10,16,19,0,4,0
L00700,61301.95727114022,2290.2325932666317,2000.0,24729.434921157776,23625.110113441726,2,11,19,10,1,0,1
L02889,57299.56376574273,2267.6192414699476,23207.70465551362,6410.16000153662,6410.16000153662,1,9,11,3,0,5,1
L04125,71153.53306802228,2284.4109208993323,43434.448185436486,29280.807818135552,29280.807818135552,1,4,1,19,1,1,0
L01694,38080.40639506503,2173.1450299298535,17308.692838725376,35318.02948688069,1000.0,3,6,6,13,0,3,0
L01849,84389.14401053474,3823.942199401562,2000.0,47064.50604677743,,0,3,15,10,1,3,0
L04319,68089.87331190502,1428.9164563952436,27715.30696900742,42108.346048101244,29702.48514668156,2,5,19,24,0,5,1
L01956,,396.5721177420007,17090.510502681336,48611.21923159803,7636.178715935441,1,4,12,19,2,4,1
L04690,55341.80321078964,2034.6275432038817,16504.456041404137,42843.39790763013,24242.91132654463,1,7,1,2,1,4,1
L00904,90569.03725214598,2648.115054937016,27487.004763949004,50068.89499116031,7821.966946774148,3,6,1,14,0,2,0
L02771,60882.81138239319,2513.0751212841974,34979.40193535133,67850.08506876571,35099.94324431931,1,10,18,15,3,1,1
L03934,80216.93308622956,1010.6727778207116,19045.191860992178,41060.45532497259,17452.812100141084,0,4,5,16,1,1,0
L04336,52088.5585592921,1650.1357521429593,32856.71909183638,25060.043395579145,25060.043395579145,1,11,7,21,3,5,1
L02012,49745.50442867572,1825.7480696294717,29875.433243268653,37980.33862262807,35645.812410574144,1,9,9,19,1,0,0
L03058,69087.78063205954,1569.4751755911059,11148.584568376673,21071.83834962272,8077.425910062102,0,6,4,11,2,1,0
L00252,83357.23894109552,1369.1410613627006,31943.787309920463,45011.89371007352,31673.90678701151,1,6,17,2,1,1,0
L02267,29428.248319869665,2499.191800805506,15952.811333645219,56801.94109496566,,0,3,15,15,0,3,0
L04712,76850.60614635523,2342.375976717223,16364.46818751299,69532.88276807315,8752.723605800587,1,5,18,16,2,5,1
L00433,59611.86331110884,1885.6459623938374,25155.229409202533,28465.601309878115,8615.374088456958,0,9,9,24,0,0,0
L00905,68821.98136039807,1085.0031847330285,21174.864810886054,19294.15229913899,19294.15229913899,1,5,19,24,1,3,1
L00951,60175.278842873406,1909.2779164710018,15070.42995468785,43892.18234629715,39118.941644974446,0,8,2,12,2,3,1
L04288,68713.77160837478,2113.4629661728814,24618.572072457253,53339.76860994029,1000.0,3,3,11,21,1,2,1
L02873,23259.459627958626,4092.16961846877,24316.726841950607,56223.71092547173,24870.089678081553,0,3,19,20,3,4,1
L03025,27605.16600609159,200.0,23337.60574054229,53599.72578713925,15365.670860192035,2,11,11,4,0,3,0
L01645,43752.12943706241,1017.3536401420017,27098.87247921195,64200.38393619226,33328.017304760986,1,8,6,3,1,3,0
L03837,89753.07515023997,1363.2304583080577,31017.64687940284,11862.86360728553,11862.86360728553,4,6,14,18,4,2,1
L02896,143524.75412872655,1360.672846588979,31940.027883688468,39578.13514087249,31257.274293735674,2,10,14,12,0,3,1
L00056,83625.60238232397,902.775882059978,26335.416104725293,21445.70112335732,21445.70112335732,1,2,7,21,0,1,0
L01582,,1996.0309314523247,26613.307130354216,48258.60390552397,20867.874262740414,2,8,1,19,1,2,0
L01256,40807.17962617589,200.0,28205.008990991628,36187.682036884195,17187.570936633296,1,10,11,7,1,4,1
L02168,39848.44282170768,1708.9499692689935,21141.360992022383,22315.87896838932,22315.87896838932,0,11,12,8,1,4,1
L04078,24850.862785099802,876.2925290169246,27596.615703243686,56888.95495951085,15096.00747437579,1,11,19,11,3,4,1
L00068,85070.65795784048,3086.0626451196085,26337.496859609622,51621.600851115356,24877.86017510898,1,7,15,16,3,4,1
L00714,72982.72228704141,,2767.8371379024793,30151.345549796177,25571.0244693614,2,8,12,2,1,5,1
L04283,88187.62086601045,1125.361350972038,23586.83323618729,53594.21680264031,25063.825384880583,2,7,18,9,0,5,1
L04275,24564.027200761055,1278.8459601090549,37080.828501440206,45881.92188231524,28729.219823572035,0,6,5,5,1,5,0
L01391,74199.44285878233,246.51307249647516,8193.478298898604,28306.832869609352,28306.832869609352,0,8,3,16,0,5,0
L01812,67935.860239711,653.0159801518173,9487.720846223243,58136.29597021006,16258.954724360801,0,11,19,3,0,5,0
L03628,80280.5956314572,2568.745742886609,36062.32359262553,54626.60714933213,21910.076342954675,0,10,15,5,2,4,0
L00123,93055.88621872198,1593.9036115912047,28992.124386719865,48887.81514641308,37418.184149597146,1,7,4,6,0,2,0
L04967,46210.73516028035,1410.6950494485845,22179.725793683083,49634.37990404952,40644.943898436744,0,4,18,2,0,2,0
L04641,81279.61720395483,439.08762058620664,42449.38798031026,40547.5933357828,12362.304988119857,3,10,5,9,1,5,1
L01477,62581.037027844366,2629.74512451924,33711.190647375704,76381.18887705839,10444.812315807625,1,2,18,9,1,4,0
L01973,78118.01553059522,3329.6043752421583,12340.290753884636,44857.588994911755,28601.203919849664,2,6,14,5,0,5,1
L03370,67621.30372431697,1988.8344510594961,20438.060999028043,46624.37601721325,32346.95279194262,3,11,1,13,1,1,1
L02189,56415.11159402676,1573.4784920960994,7719.328238945549,16867.106587191654,,0,3,7,24,0,3,0
L01939,86715.72649878694,1456.292017177993,15588.883458472304,34184.247002626485,23831.903853773274,2,5,3,8,1,1,1
L01115,68008.37810287153,1634.412328721305,20835.116473689654,63004.34268599385,10450.359643569971,1,2,2,21,0,0,0
L00150,70939.69346466372,2060.462253429656,18067.9899631781,33869.91481440938,1000.0,3,8,14,4,2,2,1
L02286,74241.21786503794,954.802343499792,28067.950250596346,44547.3074256441,25992.276306643893,0,3,18,20,0,3,0
L01567,66339.81434449744,2980.0898914478844,23847.68650249024,28409.89914009314,10895.823258302762,1,11,3,2,0,4,0
L02841,70912.4897749419,1749.6849064801133,13568.976953371308,43026.7766105643,1791.244481819307,1,9,9,2,1,3,0
L03482,20000.0,1774.0151713263242,15751.887954641108,67066.73457980687,26945.455519581832,2,3,11,20,2,0,0
L01852,100506.21785219024,1196.1070427424634,23522.693758075002,43512.912272473084,31258.32179011751,1,8,14,24,0,1,0
L04761,39600.02805212248,664.4534427639921,15055.015897519488,55093.61120967455,11543.091802350511,0,6,11,23,1,5,0
L03772,55048.58323229586,3054.8151883780433,2206.7030500359797,39959.71411205137,21209.954343635003,0,11,12,11,0,0,0
L03199,57553.61894124154,3565.175183907738,29859.740988654605,30175.232670869213,18981.23644962948,0,7,12,11,1,5,0
L00553,88355.64123319615,1661.8966925673321,9022.716243187675,5000.0,5000.0,1,10,4,17,1,1,0
L03225,70675.02047323002,2536.8206717847947,32443.86051876579,46238.83988586386,12063.835003466225,1,10,1,14,0,1,0
L02041,,2413.1107812579194,25269.108642391748,35895.901651987464,17857.126926366676,0,8,12,21,0,5,0
L03071,,2558.0095268604537,24819.34303205162,58154.8577491233,25269.28531041065,0,5,3,21,1,5,0
L04898,42599.051550602555,,15482.958517817664,38078.07378370328,29386.107696939842,2,8,14,9,0,3,1
L02609,82941.32393774265,1499.6740428128305,2000.0,16538.4735478108,12241.356944397412,1,7,18,21,0,1,0
L02236,79615.28238133049,2829.105709596427,16482.621481677073,31125.312769863318,14417.224037919468,2,10,2,14,0,4,1
L04699,67526.283989664,2762.8624436267683,32970.75306412628,34957.749959233726,32160.517252284404,2,9,1,11,2,1,1
L01769,67464.09613568972,3120.4583705862783,22073.506749196993,30729.518891409134,14528.253958562324,0,9,11,4,1,3,0
L04079,57233.061233976834,947.4538417443467,16411.83708263205,33573.57347866635,,2,9,8,23,1,1,1
L01223,77675.53761864197,1730.3322190854801,21237.218482604174,42193.529185335414,15275.878558916578,2,3,13,22,1,3,1
L02004,58840.769407219195,1613.0207537186197,21583.399766186652,39329.36864860622,20686.51457074284,3,3,17,20,1,3,1
L02798,29282.67016131778,1544.138977688995,15663.601340894227,68449.06102860892,6764.056079865632,1,11,15,8,0,2,0
L00643,59808.1729727279,200.0,32692.837063951833,31815.169084561232,19286.821094851806,0,11,12,7,1,0,0
L01143,61998.88825934946,1786.7452721419838,8747.18628047559,26522.642698407326,13882.699635814552,0,5,16,23,1,2,0
L00162,80741.69207484904,200.0,20312.152625840507,32333.42181506822,12234.56710469821,2,2,4,9,0,0,0
L03253,77773.20337286204,295.7692715449723,12918.460513923295,29025.501022191384,29025.501022191384,2,8,1,19,0,5,1
L01732,,1092.9048838874164,46457.69569113684,36766.45807960347,36766.45807960347,1,4,11,9,2,2,1
L04130,98124.16504114591,2595.5316225660677,2206.802051473049,42301.410705780836,25690.2814598146,1,4,16,16,2,2,1
L00675,36849.766105643575,744.8252013579913,7228.355836876184,28919.271016864208,,0,3,15,10,0,5,0
L04168,60072.33194970904,1000.8508990035269,27200.0438080081,23255.64744548291,23255.64744548291,2,9,5,8,2,2,1
L04610,48222.14651948528,2199.288405439153,37116.73414185431,27371.73474571985,27371.73474571985,0,8,14,21,3,5,1
L04188,,2113.358412808378,20220.137920486548,62519.153252675926,21179.975761440644,2,3,12,6,0,3,0
L01753,51918.486337451526,1588.3632810362224,12737.608874114492,30740.731461171716,1845.1808668068807,0,2,4,2,2,3,0
L03866,,2817.5196363391547,37163.474657991974,44091.90079428969,25864.28501659016,4,10,7,9,0,2,1
L03369,73009.62773012658,3101.1445876870876,20108.196648410798,32131.948914998527,1014.735897774277,1,6,12,8,0,2,0
L02288,59969.22227911009,2637.82112684757,7823.60242772594,28754.99573581129,22551.2308812345,1,8,10,3,2,1,1
L03031,20000.0,1468.0669775037381,27100.987312072728,52690.675133341116,40429.44861135031,1,10,5,15,1,4,1
L03586,39129.84749591809,2245.4997778945167,27209.768734917714,23242.035013893325,23242.035013893325,0,6,18,15,1,2,0
L00036,40583.12700057955,3715.4895204659606,17047.84901995265,58332.912701601934,18578.48826398181,0,11,1,17,1,4,0
L00291,60837.55499285449,3058.987373244085,12014.296135175604,29050.049926298852,10456.202766973713,3,7,15,23,0,1,0
L03723,32239.418851279665,2022.0126871055122,17466.46549899412,30769.190353562302,24047.041126604407,2,5,16,14,0,0,0
L01026,73726.47339348064,1893.262809609971,37981.10895751759,25376.73543041438,19912.104778772224,0,8,16,19,0,5,0
L04663,53688.472642520195,1524.0134704343461,19100.78846974985,43415.63677713937,9673.24470982013,2,9,7,9,0,2,0
L03050,88944.93847290456,1867.098001408747,17614.75494395018,34438.73524288529,9404.115162979158,2,5,19,3,0,5,1
L00047,55787.22458080425,200.0,26508.123363317998,32481.430637498826,12931.566536853996,1,2,8,7,1,4,0
L01088,69775.78318053027,561.758754952775,21571.75620924481,43616.1846460872,17299.45101855688,3,3,6,24,0,0,0
L02327,43165.982477213714,2742.602278038402,10034.84951849067,31471.91042666499,26063.21533366316,1,4,2,15,0,0,0
L03457,86775.39308433344,2605.8434859786103,13409.226836347434,71488.74278882635,22310.59121082954,0,10,6,15,0,0,0
L01398,45567.71922978697,771.5271993951778,13966.39567234306,54511.44128731087,1000.0,0,5,4,3,0,0,0
L04621,,2089.959905275621,40289.74756254353,65452.811105684224,9533.33941368311,2,7,9,2,0,0,0
L04237,93701.74798444471,2229.111375078061,25492.927723542074,30001.65653150431,22119.709356499832,2,10,16,19,0,0,0
L01587,68528.83110554451,2944.9216942093926,15940.09953915088,28139.3407076715,23577.550834268768,0,10,9,15,2,1,0
L00465,62753.439006183406,226.13994861920446,19321.012658415013,42073.37854752761,2019.2164005712002,2,5,7,21,0,0,0
L01177,,,24620.16574358476,18140.895127008207,18140.895127008207,0,5,19,4,1,1,0
L04127,47384.9182079454,2256.756555683098,23469.922842885557,42087.52692598931,14058.763900344355,0,2,8,7,0,2,0
L04633,72727.65307696121,,19914.9356904625,53749.41533084262,31617.42300505766,0,3,18,20,0,2,0
L00686,79259.96860344776,604.7697653681996,13498.022541853443,43646.54587492622,4931.983551647092,1,5,10,24,1,2,0
L03665,88854.70330832829,1540.1136588011632,26612.282614987984,22415.762546455706,7655.943422382545,2,10,9,8,2,5,1
L01813,97244.41256510849,1130.075419747607,19158.121178452213,48896.580990366085,21870.201076939375,1,4,5,3,2,2,0
L01523,60470.31802300336,1505.1045073714404,9772.49721261825,45280.173866362966,34429.40067837931,1,5,10,17,0,3,0
L03524,97583.3272980189,987.2036550655768,18272.242055352468,33828.15235350277,15849.861982034297,3,4,18,9,0,4,1
L03499,61336.99057893411,376.0999134334661,23211.821519006782,57262.51974526544,,0,7,7,5,0,4,0
L00019,46839.518489575785,1924.259999359521,14851.927410085296,25151.270304646765,10412.962708564162,2,2,13,20,1,3,1
L03733,24630.242712227242,2034.2630748693468,37112.83124110742,23450.608857630603,21992.72212748446,1,7,18,10,1,2,1
L02921,,2848.4847302507706,10644.027344744758,12012.403671948461,8240.201962328909,1,6,10,24,1,4,1
L00753,45482.53494045335,,2000.0,47673.33292783007,13067.66663283053,0,2,5,6,2,2,0
L02580,100172.40968390266,656.8763147906186,10580.139293073185,37321.26595728662,18925.6024516304,1,9,18,20,2,1,0
L02065,70307.24698799256,1988.9789170113863,28734.288127536936,20181.493935044626,20181.493935044626,2,3,5,20,0,2,1
L01062,20000.0,2377.9575881767832,15773.86100040681,61222.602046888904,10923.422917585354,1,6,10,12,0,4,0
L03743,71433.57082753,1904.8954597401175,14681.407901419361,54874.695673912036,16376.65541725137,2,4,1,3,1,0,0
L04022,36526.347262321535,3086.4537977381833,12853.462646742702,42561.983559007036,13199.343687450126,1,10,19,13,0,1,0
L03167,57201.52586881109,3196.6871762185087,28496.04865112886,30477.959747989204,25197.333059950015,0,9,6,10,1,4,0
L00989,60580.71652340672,,28248.178230538753,44117.70981239925,15239.01530557154,0,7,13,8,2,2,0
L04665,79368.34846943282,,30277.752143719175,54960.08838638616,22285.720863275248,1,3,10,16,2,4,1
L03353,73566.33384750475,2143.009007104611,31092.87396693694,47876.69414328723,32955.075821174585,3,6,1,4,0,5,1
L00301,48420.09978155856,1633.0653030236274,41074.90672553268,5000.0,5000.0,5,5,9,13,0,4,1
L03047,,1296.62346172211,33967.63224980439,29517.007293370094,14922.105091933936,1,7,10,12,0,0,0
L02871,52253.8450594241,3021.450130861812,23973.7260543966,29808.706585856642,26290.826192412394,0,4,7,24,0,3,0
L04324,43466.41745057973,508.20011016693525,19426.834994107325,33282.77494192351,8861.911149858057,1,6,19,12,2,2,0
L02143,68466.83328740817,1827.417451360178,25673.603491474867,30148.444624724252,1049.9310640222611,1,7,18,5,1,0,0
L02249,61217.59218445933,266.12089119176085,26528.743267948914,25335.29744267792,15054.72915547721,0,4,9,20,0,1,0
L02555,47634.14536247267,2484.1612061986098,17652.65031875809,22954.956652660137,15433.324100952737,2,4,11,6,1,2,1
L00376,49653.048742239014,2391.7403744942667,27753.56724520126,45381.12082162454,20661.788318651033,0,10,6,4,2,2,0
L02058,82487.78361425456,1778.0925436770049,37949.20208086015,35493.357867586725,7270.066677687284,0,4,2,8,2,2,0
L02039,64488.51375616011,200.0,39347.62793123577,22067.95425001732,22067.95425001732,1,6,7,10,0,4,1
L01843,54025.50184518077,3296.8595858464914,29679.376635165372,17464.16527465724,9426.954124686867,1,5,14,18,0,2,0
L00990,65537.71677989062,1484.8106550055036,30049.425736373472,37256.150523811135,25627.09837572561,1,9,6,19,1,3,0
L00086,54964.85912830927,3659.7386446822543,23756.737124917792,40219.838648051904,13876.001403942875,1,4,5,20,0,2,0
L02549,85427.66590858797,2391.955241103453,18837.034636351553,69544.85027426643,10899.735534561341,2,5,11,5,1,0,0
L01779,56413.9555096548,2459.2823174845644,18524.997002940894,40842.7587758848,21287.63736348433,2,2,17,2,1,0,0
L03581,107495.42806033924,1939.157766730249,22552.080089923333,48060.481374022376,40551.92742590714,2,3,10,2,1,2,1
L04047,79014.01224241167,2822.624757967589,18860.478130841395,46513.107667928285,1000.0,2,3,13,23,0,0,0
L00191,56069.70095865958,1291.6720958170104,13638.051492958291,24117.129867130083,16114.307532477293,0,10,4,4,0,1,0
L04943,66656.651410362,3417.7392800699026,14516.168193089667,54400.91312052283,22756.68076036188,2,11,16,21,3,2,1
L01547,45032.29121623417,536.4509610259211,24235.237625415368,30682.97801805639,,2,6,12,20,0,2,1
L02704,85474.19092213962,2595.6465885932976,14308.376813578492,54052.085156995905,9924.891443667542,0,4,8,21,0,4,0
L00039,38436.27902203139,3099.107994248922,28185.563569779246,23027.420479717563,23027.420479717563,2,9,12,6,0,1,0
L03843,84577.79117113558,1743.8211035402994,23440.30901979226,61884.697252477585,34236.31181818513,2,9,11,20,1,3,1
L01307,65563.62314738256,1151.5770961426988,19529.205631922807,29956.71510436284,29956.71510436284,0,4,3,12,0,5,0
L03006,38290.368618002176,2256.3898646908588,13133.349653156252,35888.327869289176,1000.0,0,7,14,13,1,3,0
L02362,37946.59428312931,2330.917077626273,31684.98802624876,54265.32004267232,12918.179371009881,0,9,19,3,0,1,0
L00574,60617.98942382271,1500.3726793997994,26120.8346487146,49891.02684772742,19685.969830754962,0,7,4,13,2,3,0
L02934,84106.01116475507,2888.13450466241,21911.290677104265,40261.21373497346,13962.589068337365,1,6,12,14,1,2,0
L00594,71673.24210573896,2106.1228411819934,30353.33435364835,59409.0028465857,26251.20456339924,1,3,3,23,1,4,0
L02492,51205.444518716526,1180.6369453176794,23234.575561691425,23680.998120563876,13004.17303502683,1,8,14,8,1,3,0
L01687,55707.65405403214,1387.275749494128,33138.62397982221,32220.624981034256,18152.740880205165,2,3,9,6,0,3,0
L02333,34642.52506638381,3695.4298406491976,27063.867472328948,41755.61553371895,6330.608414178907,0,7,12,10,0,4,0
L00833,44917.184664958644,917.4524950135252,16389.49147977732,35495.22786151791,17988.138298490827,0,6,7,15,2,1,0
L02110,77063.74862164687,,18726.744249276042,7610.965970203484,7610.965970203484,2,7,11,16,0,4,1
L03498,64038.229853384546,2767.208159120798,34862.52086454858,42854.243648836324,21686.808594105096,1,7,5,16,1,5,1
L04205,67210.7063494788,903.2824209854725,35741.35824150109,42617.73492318693,12867.508719160274,2,7,7,13,0,0,0
L04077,57737.66677688867,1531.3712488162003,17664.881787964667,58421.72940671393,17779.79849619977,1,10,1,10,1,4,0
L04457,41857.66762573458,2425.0864958452116,26708.68859375381,27527.81990647764,14241.597878019897,1,6,11,15,2,5,1
L03204,90577.31626626787,1158.8128625351947,23066.69655367045,55687.04373549273,1000.0,0,9,17,2,1,5,0
L00400,89756.32623946923,2049.1926870382317,3302.6833804500893,29262.611291878748,27207.272382960684,1,9,6,15,3,4,1
L01193,,1260.967915472419,19194.282934014474,19632.651894018367,,2,2,5,19,0,5,1
L04287,55847.33501324769,2142.682331017159,27933.365996313634,38048.93738074701,38048.93738074701,1,6,4,9,1,0,0
L03892,76651.4263761761,2224.693729653719,31592.53376449038,45137.9648459439,19442.25662320187,1,2,16,8,0,3,0
L00708,100095.8836396873,,13061.667793609098,30191.543586520536,15997.770476004322,1,8,7,12,0,1,0
L03053,59229.02608248591,1461.0474264714592,24385.66126142076,60396.08882555528,25477.06193163144,2,6,13,16,0,5,1
L01802,63786.78372370759,1074.4777002223514,22341.43893340212,40216.24843953323,18840.012738394144,1,7,13,9,0,3,0
L04282,34762.33160873572,,36242.834142738575,55799.307009286,4488.829414008702,2,8,4,3,3,3,1
L00305,64581.968120717036,1594.1599995057684,24387.379252913564,48440.797901231184,23954.69440045584,1,7,7,20,0,3,0
L00600,,2167.195201339433,25588.48072678919,17356.725662950677,17356.725662950677,0,8,17,5,0,4,0
L04244,78973.77627034087,914.6136098164393,20177.581758214612,48787.25946201176,21475.975688331557,1,5,3,15,0,0,0
L00045,35429.56019265145,2462.4470519146475,13717.06239651601,42907.13512496677,11864.007456412137,2,3,17,14,1,2,0
L01983,52465.655508200696,1578.488515384957,2000.0,5000.0,5000.0,1,7,3,16,0,0,0
L01122,88740.6061112076,1918.2047259201029,22546.117829100705,21823.476887659534,7303.477338986988,1,3,5,5,0,2,0
L04297,43898.212636466094,1192.15829440978,18530.265468948826,46947.0771996256,25523.77193009344,2,2,9,17,0,3,0
L02247,47024.31903353744,1705.8760547182687,24505.142037555972,28088.744400918295,28088.744400918295,1,6,13,4,1,2,1
L01668,54904.50157543565,1628.036129536839,16612.73719653559,39517.21073583576,17756.845247773803,2,4,10,18,0,1,0
L02967,72050.09936713759,2624.1997551756535,26790.026240919888,21205.003642474094,19479.36458800751,3,6,8,17,1,1,1
L00146,80636.45743554621,1898.7838473316754,33179.338227271524,25295.29381074104,25295.29381074104,4,2,9,23,0,0,1
L03797,61713.29588229218,1388.7289565056817,17979.5069972521,27439.268734756377,25518.4758064251,1,10,7,6,0,0,0
L00314,81270.19272001277,1950.7806088144823,30109.137726156965,23141.48312615673,18840.28747238536,0,5,6,9,0,0,0
L02547,37447.64998491525,1809.4901433446273,19712.156560806186,40654.65455319381,22775.539701598616,2,3,18,3,0,1,0
L04349,46192.02167031293,2287.3910647118023,32570.434191653658,35118.18506642491,13590.458536486029,0,3,19,21,1,1,0
L04837,55630.07773279368,2619.8192898253824,24652.57023580402,38636.18795314307,21421.480125300404,2,11,17,23,2,4,1
L03754,56035.50767399701,1499.5928154884004,22900.41583866958,39210.821899654366,28486.609521722225,0,6,2,14,2,1,0
L03895,57138.94485877198,,26642.63743235793,31880.58266292357,17398.43220373325,2,8,18,2,1,1,0
L02088,,291.09703683917905,27205.124966282798,12376.515752731593,8606.883279324495,3,5,6,17,1,5,1
L03636,70336.36792590804,865.7940672800631,25757.468817196583,32332.033021579227,18741.2067260591,0,2,15,24,1,2,0
L01147,43074.49826209596,1850.9192491972142,15062.333925032495,66564.36330021618,20921.212820729714,1,4,10,7,1,3,0
L01298,59194.509116226975,892.7838512520335,17302.702035104023,28985.199965299395,10581.972676750445,4,9,15,24,1,2,1
L02394,51999.52131186204,1523.9167225446479,14246.209703273937,30180.954686065183,15383.012844124161,3,9,18,20,3,4,1
L00741,28182.515373367096,2070.685953548768,31719.303434406338,19081.60730010887,3114.0779937259285,0,6,10,9,2,3,0
L03040,60867.774406079065,3603.230487136895,35385.195085812724,33428.82027844695,15742.301272246395,1,3,18,22,0,0,0
L02831,30922.56826346562,1645.1123911715936,31392.02851662047,19234.327836794648,1000.0,2,3,15,16,0,1,0
L00772,53750.66448211465,1668.6064119743744,37783.42677497285,36735.76865923499,36735.76865923499,2,10,10,3,0,3,1
L02237,65285.46135672868,1594.3580729495482,45016.74852050775,17178.505286285388,17178.505286285388,0,4,2,8,0,4,0
L02911,54293.29825967554,2068.043481529737,23653.84769023863,13874.250702008438,6069.676982911738,1,5,16,10,2,0,0
L04775,,1558.3223671803155,31979.543221425498,53891.01389849268,26752.124304135046,1,6,4,7,0,2,0
L02934,84106.01116475507,2888.13450466241,21911.290677104265,40261.21373497346,13962.589068337365,1,6,12,14,1,2,0
L01355,53469.791985465614,,29344.25852809667,32041.29466529186,25125.83152688558,0,6,18,3,2,0,0
L02495,39869.86211441488,952.6306333016784,23065.054014191865,31831.406022643125,1000.0,2,7,4,19,0,2,0
L01326,25490.668672922577,669.8193928795552,31136.07217568034,51577.75728710192,18285.4206935916,4,2,1,7,0,3,1
L01948,64414.74372630043,2518.493859297878,7490.870714059874,34834.811425994376,19742.662051607524,0,6,9,16,1,1,0
L04546,76686.2833287062,1699.4029620033818,6555.450909164458,40204.83495756186,24175.883816427897,1,10,6,21,0,1,0
L04941,76745.24826928353,,19200.338671934707,29621.037390735415,29621.037390735415,0,7,12,14,0,5,0
L01435,61657.56572427177,1908.1522727899087,5204.972070865966,17148.369127965703,1359.351749442878,0,7,4,21,0,2,0
L01480,56250.83399353179,2035.7754023218413,9741.077365600542,54456.06815759661,34609.03426144534,1,9,3,6,2,1,0
L04714,72139.45518533852,1535.1805326335354,35854.37781656382,14983.248091787835,14983.248091787835,2,8,5,15,0,4,1
L04598,90825.47678031758,1769.949192507047,30623.905759176876,40663.09262320679,40523.95492121206,0,7,2,21,0,5,0
L02883,52862.69644285649,2828.4657874893437,11732.895082147339,45664.27609630139,41264.41827526385,2,11,18,9,1,4,1
L01338,58950.60627023743,,14756.363681965391,33749.62019806397,33749.62019806397,0,3,16,14,1,3,0
L01706,60174.84690762915,869.5658797723186,29496.98021444869,43773.818769982674,14027.34626726494,2,5,15,15,0,1,0
L01332,89375.23703394634,713.4600628179251,25420.994815573817,41085.40584862577,16903.18217963272,0,5,8,24,0,1,0
L01131,71427.14430900547,2041.5687201374117,6236.910032287544,42154.462509822966,10227.311383769933,1,6,16,6,0,1,0
L02396,36007.0956060294,331.38499505832783,20406.71422490649,29352.360108329143,,0,10,18,4,1,0,0
L03065,34710.59381638466,1094.8530358184034,22660.94246298976,54769.83697206416,36377.550185381115,1,2,1,12,0,5,0
L03077,80503.10988069566,,26011.382612642294,27940.924349092544,5906.431431634786,0,9,10,16,0,4,0
L00777,50457.25648350263,2161.6542706077366,6277.694559218704,65684.61592550384,21343.874418794807,0,4,9,5,1,1,0
L03396,37280.24115202004,,19718.486507117657,53046.43087264438,20061.18664141803,1,4,5,11,2,4,1
L04316,85118.49023592833,570.7754476943694,20515.705989358143,39678.725575714954,22769.131957997033,1,10,5,9,0,1,0
L01200,92282.80859947688,1513.4044976739938,21576.68104339787,42673.596158575834,19204.329510138625,2,3,18,5,0,4,1
L01590,66722.8776609275,,12322.476604529,67235.16182620474,7782.636303074905,3,7,13,10,1,1,0
L02650,83045.54347573293,952.770302390322,35855.75233941481,44662.57596308185,33759.084192989736,1,10,3,24,1,1,0
L03343,44472.61584668216,3866.858928133254,16396.468439401568,56612.48860177235,29372.062705816854,1,11,5,21,0,2,0
L04218,55364.680578130494,2015.2421544125657,18385.658036496876,5661.591037239021,5661.591037239021,0,7,3,6,0,0,0
L02852,81666.67823560614,1553.9428663073606,39561.015896935336,27262.90530230512,27262.90530230512,2,9,4,16,0,1,0
L02315,78318.48504108922,905.6579135706082,18126.182549852852,60453.189199594184,16193.025743833765,0,7,17,9,0,2,0
L03973,71951.23227607104,1272.7809386722636,23480.574138908145,41838.32735426157,,1,3,5,6,0,2,0
L04549,73211.00170655233,1297.9679978047418,27660.574588320673,15030.010224617305,12981.416097577474,0,7,12,8,0,3,0
L01392,51445.692604957876,1796.9566930633605,26120.71137066024,46022.00287722318,32153.25970476457,1,4,6,23,1,5,1
L04683,94420.69381634207,2590.18281273968,31384.114238732916,29469.04656467032,23939.520089939353,1,10,10,16,0,2,0
L01695,67527.59159092823,2216.551597138135,16968.364809536433,43681.1461265701,,0,2,4,18,1,0,0
L04843,78711.79492596832,1362.2465688940072,35834.24078555975,54269.98909165817,,2,9,8,13,1,4,1
L03686,47989.294425059124,2061.7364423022323,36714.00348166522,54032.41593817668,41403.08779836561,0,8,3,12,0,2,0
L00131,33986.731378677345,2148.804620178064,25243.45711194924,32981.144165001286,,4,10,2,21,0,1,1
L04667,52166.663597392355,1709.1295091031598,23007.35808121345,63624.01470683588,32323.7920001729,1,8,14,11,1,3,0
L00049,71872.36579136923,2697.489203835402,26575.41934004781,55600.40079794031,28174.857806561915,1,6,3,21,0,3,0
L03197,79254.24057722662,2314.9350024179926,35458.75003177716,52706.66811159103,29948.93334888379,1,2,1,23,2,4,1
L01263,75775.11984892738,1673.729992127792,21520.14205149419,34686.853575018264,14422.24637481237,1,4,7,14,1,4,0
L01805,28937.206474881095,1108.8161207391374,22722.491342362027,47451.066351635774,12140.844371904916,0,11,12,24,0,1,0
L01284,84134.04633589167,2615.1385920719185,18532.501089917572,49029.04355654863,9226.110361010631,0,2,19,6,1,4,0
L03360,45405.57550566386,1325.8377416343149,31918.53700507858,65662.12816171473,8137.777384889572,1,8,11,14,2,2,0
L03448,48900.67038294878,3567.684460833902,12871.95513398805,48525.282228139644,24198.746227917676,0,5,5,12,3,5,1
L04195,20000.0,993.2535835750833,10698.833676310516,25460.812024834522,16276.128145773548,1,10,8,18,0,0,0
L03144,52943.58688432077,1427.9392430391952,22150.339255417904,39936.218549200865,32626.258523490484,0,11,17,18,1,4,0
L02574,63995.9076591651,2986.9951281629656,5412.253749139691,23308.538825184183,22866.848198743428,0,7,12,22,0,5,0
L02650,83045.54347573293,952.770302390322,35855.75233941481,44662.57596308185,33759.084192989736,1,10,3,24,1,1,0
L04509,,1477.0372528016746,22128.14304566495,33002.38708974824,19120.95838195308,1,2,9,12,0,3,0
L04692,69861.83455321398,1558.5612052829977,23555.794692306386,42084.634785449256,17537.255885824605,0,3,10,6,0,1,0
L02687,74385.35179617052,1400.1020556713186,2000.0,31467.571186651137,26949.148109113903,1,2,4,16,2,2,1
L04213,80956.87559791534,2770.543350713272,33629.895956773384,18140.428465216963,18140.428465216963,0,9,14,9,1,5,1
L01120,86013.08792015223,,31704.62636906666,27814.279679649422,21704.47050412966,0,9,7,22,0,4,0
L04870,54557.36859960015,1550.8262440806388,27344.68535068511,31117.50505024931,17213.96296775165,1,5,19,9,0,3,0
L01855,85011.64636085957,,16361.516681401401,46539.19485849005,19664.145952328105,0,11,19,13,0,3,0
L01170,82068.31117560616,2150.7301595973163,20870.188768933895,31218.324686200474,7519.894111063399,1,8,17,11,0,1,0
L04346,65546.26759702877,1670.5861750674649,19541.808732889425,43476.89143938887,24305.794846265235,1,10,10,11,3,5,1
L03470,60626.93445129928,1347.2502952860755,26524.964561026824,42332.875563754846,25507.426915325475,0,9,5,20,1,5,0
L00885,78637.82979252623,616.9783009229714,30656.746511673697,32613.33831381675,1000.0,2,9,17,8,2,4,1
L04696,61036.0864724056,1162.410664948898,2137.09388129579,40060.01890354893,21184.245459913942,1,6,10,21,0,4,0
L01896,57599.779402357446,1368.9677563386313,19528.283877556005,51977.573569235035,10880.600531883356,0,8,17,20,1,3,0
L01640,43649.34171491454,1766.8225776006818,28084.91648678079,48245.04720232074,25950.0880210828,3,6,13,23,1,0,1
L04574,53310.89416299124,200.0,10128.696677166758,46992.206957424314,20435.876639417835,0,10,17,13,0,3,0
L03364,37891.049937754215,1451.2788247276535,13330.265435674479,84957.97437578707,1000.0,3,3,5,11,0,0,0
L00171,47209.711407489536,2047.9158235045077,39699.13067655593,37876.23371058493,22617.072834763392,2,2,6,23,3,4,1
L02154,69614.01811437367,2328.3679618812403,10758.340152380659,69095.37164092576,28982.96871206048,0,2,17,13,0,4,0
L04489,82622.93441626738,1415.8284526940804,12259.398430817782,23875.15649304392,23875.15649304392,1,9,7,15,2,3,1
L01369,56134.354976169794,1143.2968620722506,9103.239020389443,21224.529272197862,21224.529272197862,0,2,7,16,0,0,0
L02150,32136.223776916653,1209.8106362521273,11089.532828059255,53656.916536777615,11747.294548037982,2,8,8,23,1,5,1
L00789,63596.68577082706,402.2226664277955,4579.17542294036,21916.26473464367,6686.505586247862,0,6,8,4,1,1,0
L02559,71556.42345686171,1105.6196619773345,10783.537634668053,47791.54934787606,25282.883324746675,0,6,8,16,0,5,0
L04600,91203.83816161794,1540.658511167487,26497.126074965083,48204.527096907994,7655.778279336639,0,11,9,22,1,0,0
L04483,48096.92083147682,672.8314025663685,10213.088682037453,5000.0,5000.0,0,4,13,19,0,4,0
L04178,71139.62145372476,1373.2380433792796,3229.60845369691,58059.38447515351,50382.81613621829,2,11,14,6,2,1,1
L00555,71752.05324150404,1749.1411686511028,32095.85967891194,53787.792305154304,17670.44986551466,1,3,18,7,2,0,0
L03349,78578.62580118557,2267.106417827201,2366.4135673447927,46603.72045315597,13815.456096205851,1,7,5,15,2,2,0
L03209,83007.97176790127,937.8234033667187,23419.89450575593,36057.26400759441,16407.209650462846,0,9,11,16,1,0,0
L04836,66859.5849305882,2643.6965027898545,20781.54388688965,58155.739135926444,,3,5,13,19,1,5,1
L02825,63951.91098845061,2570.0020735626385,16543.85843671247,56450.863114439264,1000.0,3,9,9,23,2,3,1
L02948,20000.0,2444.4597622449387,12258.325718277778,33535.84299272159,19991.76811136098,1,4,5,4,1,0,0
L02690,77249.37588027204,1643.1254314584496,21067.393344582353,28072.37481379249,25634.53521601239,2,10,18,21,0,3,1
L03544,43452.47846030483,1792.6727691722758,33111.45215204463,17802.026417367793,5053.297798057707,1,9,9,2,1,3,0
L03098,,2730.058934550272,15207.780627818996,23033.65382246737,17672.26623306828,0,8,8,4,2,3,1
L01790,91809.00892046289,2349.9414041012033,28793.81373011906,28022.908048005513,25282.607606644375,1,10,16,10,1,3,1
L03696,58698.26537611783,2524.5740803978924,24962.00443354838,55230.14179406494,15527.788705361501,1,4,5,20,3,3,1
L02159,90632.87590007538,1116.4052298095567,15405.045631615722,37963.065396144775,22236.79696495556,3,3,2,5,0,3,1
L01987,79501.91573695994,678.1045732609402,22773.637302840965,42788.16825433399,25581.24013083395,1,5,3,15,1,5,1
L02992,77042.36640784967,1780.5708034639792,16102.407593328648,55365.276847899484,29390.098785218386,0,9,4,4,0,4,0
L02379,56730.69677753448,2257.9562449240816,26551.463809495184,52930.86385819817,16386.08359432085,1,6,18,6,1,5,1
L01718,68809.99359558133,1735.1463156516663,14650.248987427341,49656.01001788165,5067.470689684018,3,10,11,13,2,1,1
L02335,82807.66327039571,1993.441657244599,2000.0,21349.61893585969,21349.61893585969,3,2,9,20,0,4,1
L01349,37662.426031691575,864.4154966375867,35845.04962651034,40107.29884146231,40107.29884146231,2,7,12,20,1,4,1
L04330,,2285.4097201651257,14862.87536134398,32826.51088212357,18849.291951168867,0,11,11,11,0,1,0
L04016,53417.51780728507,1018.4434084944943,21362.500783208223,47390.790198505376,32377.10696149668,0,6,5,15,0,2,0
L01052,72916.07066874819,2616.029205521672,5275.954741876474,37661.10853775638,13727.425371384305,1,3,3,9,0,2,0
L04703,78325.39344087047,2269.6460276756284,22543.402941418753,32523.03876188735,30311.304346805235,1,8,3,7,0,4,0
L00864,100917.55346191043,364.8631094464297,18716.7905730944,9861.769839616576,9861.769839616576,1,8,7,24,0,3,0
L00525,49734.81686914966,1114.9211853750369,24284.821777181918,34145.43776332451,34145.43776332451,0,6,16,19,1,5,1
L00230,78591.95497869351,2566.3456441725475,13807.335358106278,38875.93642414415,29013.767164289195,1,8,4,18,1,2,0
L02709,57971.71528572535,,54841.18201287884,42248.08296902912,19569.600677634106,1,7,19,2,1,1,0
L02411,81375.55287509722,2641.768924765647,37898.955948106945,12592.060937931099,12592.060937931099,0,11,10,5,0,1,0
L03480,92726.98794525687,721.8326157524773,24010.335037165707,51623.71832370981,33719.52050679157,0,9,18,22,3,2,1
L04504,73259.97824275595,,29180.620438372025,51214.15367908075,,2,4,15,21,1,1,0
L03751,53281.44653364489,2504.8497499045325,19970.76043465772,29241.041412334795,28643.070588515413,1,5,11,11,0,4,1
L04147,72767.51458460337,1601.6366341376884,10710.367348668346,41122.77718323427,15537.666332155532,0,10,17,23,0,1,0
L04021,108398.73176161086,1950.904865254384,18809.370802153,26834.55229725159,26769.012376943578,2,4,11,8,0,3,1
L04485,64321.49548144182,606.3183862837088,25091.577195174643,52827.83580089241,27201.634327682685,1,3,7,21,3,3,1
L02612,42246.28659150367,200.0,38688.08081300705,27812.95251561499,23398.789813149084,1,4,3,15,0,5,1
L01140,79023.45484621797,2564.6421960899847,20170.98432576073,35439.02112901363,14163.744145453502,1,8,11,16,3,3,1
L01322,75593.85508713461,1793.8488034229044,28907.00889348637,21305.05783377363,21305.05783377363,0,7,7,24,1,2,0
L02674,,1568.0149164506881,20276.073001907687,48509.5843793839,,1,6,8,23,0,1,0
L04652,77532.27274526142,2341.5952779000436,10449.915026000974,45847.97737098576,22404.11213668656,3,3,7,4,0,5,1
L04384,68958.33334684151,995.7478992022116,27397.23679738307,54265.85293722198,1000.0,1,6,9,14,0,0,0
L01359,35421.768624517426,214.42841140902942,15192.244336748197,44073.73300230389,20457.391290026633,1,9,2,2,2,3,1
L02038,54820.727485850024,1054.1030054544103,2000.0,31094.06209471387,21317.252880651515,2,10,13,11,1,0,0
L04214,27813.264566798847,2226.313376181632,20469.194955185973,46351.874977455846,2402.974013495357,5,7,4,6,0,4,1
L04089,87791.11072050939,1695.110929055614,15320.583295404953,14125.218488030994,14125.218488030994,0,10,11,12,2,0,0
L01624,,1768.6703076457925,12288.101308620084,34909.96233375909,16470.357692577956,1,2,15,19,1,5,1
L03010,55577.50696364243,2624.7354706935257,18572.822231218557,60522.835356228665,18063.417197062096,0,7,18,2,1,1,0
L00557,55247.87551855013,1860.4610981360302,24740.38840649303,50746.453054861006,14463.53515449208,1,7,3,2,1,1,0
L00292,55139.98130682334,2165.350408584319,8080.167132029239,53302.63989232878,24155.379938370024,0,6,8,24,1,2,0
L02252,95223.09860494695,1210.3765110778422,9028.357036342783,37907.28957500394,5525.3774297284035,1,9,16,11,1,3,0
L01056,51567.53264123897,3000.2196872007903,14550.212325149447,32009.483686675336,32009.483686675336,2,3,5,6,0,1,0
L00480,87391.49822869153,2679.1866859535717,25932.951381664807,14717.614106971338,8599.173989765564,1,11,14,7,0,3,0
L01933,55693.790864398936,1997.9844381120838,18007.43354054038,22594.94715849773,22594.94715849773,2,8,14,14,2,3,1
L02359,29475.295342033598,846.5002366470001,16438.354305780005,50656.36801137174,1000.0,1,11,17,18,0,0,0
L04459,33969.75501882142,2636.368192385802,26463.742447585355,57803.396163938465,15066.240725026473,1,8,15,7,1,2,0
L00197,47322.851275977344,2623.5524447416324,24725.17990229593,46967.53247821319,21727.044165769537,1,9,15,8,2,1,0
L01108,43931.68873652688,1111.3945586385444,16567.984996236628,51773.33031241278,7763.307279392291,3,8,17,16,3,2,1
L02848,48254.75137900599,1855.7634155434241,10296.1640189566,28749.427335353186,21154.359074013122,2,10,11,23,1,5,1
L04660,,1908.1409930741352,23893.34036180166,37283.35656393236,36123.90622157559,1,3,7,15,1,4,1
L00561,70795.49713792827,963.5764114607575,17615.726327847267,5000.0,5000.0,3,6,13,22,1,2,1
L01257,98451.44773675407,2911.8113071570842,2000.0,22667.559368068538,20626.561449357967,2,11,13,5,2,0,1
L01129,63717.23306814015,1147.0760087775648,14987.504555959236,61525.981180031675,15572.090620721523,3,4,16,13,2,3,1
L03405,73719.50779000092,2881.8900367409206,13149.713677372012,50127.46601482441,10130.806167676687,1,11,15,6,0,1,0
L04451,55100.69039263854,1661.16446595089,20318.603539508327,47777.69250403983,32162.938850972827,0,8,16,10,1,3,0
L00651,101979.1218989069,1659.11005283211,19805.876790279297,40395.11933121153,34425.78172252443,0,4,18,23,0,0,0
L01771,65872.04892744907,1774.3620046690291,2747.3778741251444,26710.561480001663,26710.561480001663,3,5,15,20,1,3,1
L02622,80781.13374751038,1396.2930061686125,21715.10875489607,43783.47219878947,19979.026826170553,2,2,2,17,1,1,0
L00798,78630.01394745249,1593.4598895748525,17171.222807088652,43475.0490852809,24673.31129645649,2,5,8,23,0,4,1
L03193,110633.03673077686,1743.3305216671279,16820.3270078349,40730.258273523155,,4,7,17,8,1,5,1
L01677,89343.17041650994,,22167.008672675503,27046.024109022732,26078.8033311976,1,11,7,15,0,2,0
L03992,55574.7251859496,2513.47246367585,10293.37469799811,65430.45241269903,25243.37285576046,2,2,8,15,1,1,0
L02507,123981.8885061745,,21949.591297764713,43957.99031354418,16837.234568090826,1,4,9,15,0,3,0
L00830,59364.30782278986,2889.7059229480637,16046.943023060176,35376.150553699204,11303.889650968127,1,9,18,4,1,2,0
L04851,20000.0,1288.6451729998735,3837.334998660044,48280.12465473668,14628.935845866166,0,5,12,17,1,2,0
L04976,37523.3035020268,1366.5814111907184,18657.930019335512,49886.02043203728,23060.3328236351,2,2,4,4,1,2,1
L00229,50693.925814800634,2280.170372595422,16671.63731220076,34899.70314064815,14193.647202472937,2,7,16,7,0,5,1
L02308,61336.067625592244,2949.094427395003,32417.32852654597,59194.211787666216,5938.575580170987,0,6,12,2,0,5,0
L02972,63627.31907829063,2315.7518426273864,30324.0053859056,25511.92548617355,25511.92548617355,0,9,2,22,1,0,0
L01906,73954.33851620555,2030.0511241338625,47802.91898690775,64478.33272555331,18938.006282258168,3,7,3,6,0,0,0
L01731,,3145.1939659344125,11699.139450955701,34778.38982198054,22548.192183469982,2,10,11,17,1,1,0
L02218,,3044.1588273178736,21276.525248493286,50157.249611999396,23864.46183518046,2,6,6,3,2,4,1
L04393,71486.80420029737,,16551.29929176488,56506.42663385296,26799.39872834746,3,10,7,17,1,1,1
L00899,89130.17933016713,1830.0334731894573,15229.888232096564,27587.848731072554,27587.848731072554,2,11,3,16,0,4,1
L00435,,2350.3463776411427,24510.035431501467,22066.37007664832,22066.37007664832,0,5,17,18,0,0,0
L02626,47778.241796528586,2475.5646976573325,26290.395675675485,39949.63569940028,13311.537071312236,1,3,12,2,0,5,0
L04187,111981.51573401515,432.6188806379232,26412.39822170271,35017.33309103892,29276.494887096203,2,7,17,14,1,1,1
L03093,63110.825711159945,1717.2297681224613,26513.228247434115,32697.671912225538,32697.671912225538,2,10,14,15,0,4,1
L00029,52987.2262016239,2830.460579881902,4953.780418228842,36782.46149763671,19171.616215753984,1,6,11,18,0,5,0
L01657,68369.21952539228,784.5671158055167,36658.35978602963,30873.444379132867,16815.96425945907,3,4,13,18,2,0,1
L03091,,959.6498969952261,17486.247689186566,53904.99443101253,13670.029677037077,3,6,9,17,2,4,1
L00404,65939.61187529484,1872.8748850047305,22143.3642217576,67714.90004413674,14764.462573725488,1,10,7,6,3,3,1
L02482,99387.55812414593,2036.409353272271,20658.02310714547,26999.009940095304,26842.69955660775,1,10,13,9,1,0,0
L00648,63914.102669643755,3054.5459436218607,25351.605665351177,32772.03526772915,25083.686767219508,0,11,17,11,0,3,0
L01444,39063.36104088307,2521.382957712219,26273.76045470797,50750.91471576014,38875.51350255846,3,10,16,2,0,1,1
L00565,89024.27844327889,1825.1932498095966,44999.691243864734,68872.57543119798,40211.93599580755,1,3,13,17,0,0,0
L01437,60026.17747632906,723.7316100678067,20128.344521361392,50028.4392450569,15422.106471409807,0,11,19,6,1,5,0
L04479,37110.09862281477,1896.5078087147633,14941.959448843503,36218.152618418855,18188.49123268725,1,6,2,7,1,3,0
L03366,104065.18275053136,2081.3298839792474,32674.678510706857,30510.27622839971,16782.996880664014,3,11,18,15,0,4,1
L04490,65026.513774688145,2015.0806291207934,2482.5739098955055,39964.848952757195,17380.281451436767,2,5,16,19,1,4,1
L02500,71801.02589137781,1656.3042228754935,10422.870760587306,46535.246678867545,23540.48508587546,1,6,5,12,1,3,0
L01484,57007.27628770795,1533.9364961201,17198.304157927658,44949.38181760652,24637.13879275447,0,11,4,9,0,2,0
L01127,71052.70930478067,2737.4481146190756,11817.460985822714,60004.57842789741,21590.36264731735,1,4,8,6,0,1,0
L02009,78184.91336864811,2877.257330088237,18319.41717856319,30311.37740106555,23692.6553465619,1,7,14,3,0,4,0
L02528,77137.01186431342,1477.296203225054,35332.10561380044,55038.69721407391,14938.025233573824,0,3,8,23,0,4,0
L04397,46986.57234975039,2309.526463202388,36507.99466308739,49852.990949642524,33365.55171752234,0,8,14,10,2,3,0
L03345,45705.8914849857,208.04298414310028,23317.501097472916,13341.043019655299,13341.043019655299,1,7,18,6,1,4,1
L03938,38344.45205040701,,14154.330073974772,52588.71768085893,,1,6,18,24,0,5,0
L00622,74429.36714271992,376.4808555942234,26479.307327729468,28819.100019434052,28819.100019434052,3,2,17,21,2,3,1
L04058,73972.71529029055,1708.0392548065258,14740.819140062213,45771.258006502045,20361.525279258272,1,2,9,18,2,5,1
L04255,69676.96051579197,1975.2572500301349,40657.27355968457,76185.64980885768,20418.014500855126,0,9,12,22,1,2,0
L01874,80593.2106453868,1435.8408761470728,13387.118976140988,60301.52594361626,21591.652603213883,2,10,3,18,3,2,1
L02941,84931.41021158894,222.32877868494552,22934.584917663527,52373.26056593176,25306.3516374451,1,6,19,19,2,4,1
L01829,63028.23735431476,1661.7234601487112,13819.978152582538,58469.56395353029,9385.023587938125,2,8,5,20,1,4,1
L04676,45746.979761620474,2987.713489501206,40908.404200391655,56114.09946130183,37850.29791613441,2,5,19,6,1,5,1
L03431,74330.90622900255,1186.9179125879873,15421.01511425259,39886.530104880265,31899.197160476673,0,4,11,20,0,5,0
L02295,48391.1118688687,1897.794403637653,31780.029759984085,37043.38018093907,18809.141575726815,1,9,19,3,0,0,0
L02590,63729.508507692895,1935.7982143765294,27053.890117321367,55131.43760699703,32297.81526972715,1,6,13,3,0,1,0
L02545,113534.32972691045,2646.5360750592813,15492.063449315398,16905.614586910593,16905.614586910593,1,7,10,22,0,0,0
L00262,63809.492878763995,1176.7844627840116,30949.300615655608,55678.11373048376,34010.69355627171,2,4,19,20,1,5,1
L03205,45953.67238522406,1481.2437800085065,29470.58827824123,32838.90652603276,20169.1979916675,1,10,17,7,0,4,0
L01272,77182.76241814354,2393.457835512101,17007.980017240698,43077.77336104275,16622.03736942672,0,2,11,10,0,0,0
L02682,,1155.5786539915835,23560.907384568523,35118.680929407536,7750.259929701917,1,4,16,9,0,2,0
L04977,92569.39254923009,3139.416612856904,12400.27480855959,28858.816433543823,10637.657942425518,0,11,18,13,0,1,0
L00339,73258.62908551248,1522.25080391019,16722.98588079394,34589.4324932564,34589.4324932564,1,9,10,7,0,3,0
L04991,23012.874711619486,2946.900015856757,35510.88946337002,58493.00187080071,16652.98532023636,2,3,3,6,0,4,0
L00302,53796.37919606061,1549.865243414114,12226.358825162893,56319.10379902828,27555.049064655894,0,3,11,5,2,3,0
L03317,63921.90301988522,1649.818381136093,45330.35562111468,55396.29065701901,23066.926996134138,0,5,12,9,0,4,0
L03584,,2303.7916115269904,35495.463138337436,37037.070935631775,20449.4895702071,5,5,14,24,3,5,1
L02259,20000.0,1332.479218723175,9277.623727680368,49777.62357970534,5048.603415161166,1,10,10,14,1,3,0
L04363,70532.0153102236,1776.6618406187515,14106.476340974226,52026.77776492729,1510.621226287447,0,11,18,24,0,4,0
L04382,68523.79645005385,946.0528536316006,19319.674126723894,40744.92033562326,27059.574073074546,1,5,5,21,1,1,0
L00196,72706.34759457674,,27656.3290188672,31977.185158199496,17259.540111142644,1,9,12,22,0,1,0
L03479,88071.8068663385,3571.463954045277,25496.497571474734,38102.10925707025,,1,3,3,19,2,2,0
L01215,59101.00643415944,1085.1239890247036,27065.876716972758,23010.89064218119,23010.89064218119,1,10,14,4,0,3,0
L02756,55966.81047680754,1900.4388693209187,18009.294607569067,14216.350659566779,8199.760859014932,1,10,16,22,0,1,0
L03473,66045.16980994967,1273.2938256476436,6465.4386633673475,10020.916501667398,8471.337984528804,2,10,16,18,1,5,1
L04475,81916.05745125856,200.0,13428.276261082943,37461.7951275168,6269.5245533495545,2,8,1,7,1,2,0
L02680,59731.035678355016,1099.3481402829652,24015.29605782502,37186.017680847406,14699.886959586136,1,5,4,6,1,4,0
L02578,84937.17546931616,1775.370798069268,21512.23735499383,44492.80629124241,17460.990372591245,2,9,18,6,1,2,0
L00998,77816.8572253402,,33792.63158579229,35758.10184836013,31619.08619628045,4,3,8,10,0,3,1
L04273,37828.51969485052,999.1923644137487,8169.821912555262,53013.69216259408,44665.88009341556,1,5,16,3,1,3,1
L00611,78087.31312708116,2327.625175671311,19966.81714582493,29236.620411999207,19256.504851920778,1,10,16,14,1,3,0
L01622,36234.440433652664,1954.1212261184198,35255.00219721257,43103.23794635186,31985.736708662524,3,4,18,17,1,5,1
L03311,41362.517491583974,1077.8765120097441,16116.599426923141,29459.094018590607,17195.617188338583,2,4,5,20,2,0,1
L04846,75619.5132392818,1609.115574628298,12419.206203586393,31169.42749664845,18117.824159809934,0,7,18,5,2,3,0
L01745,46452.937316188516,998.9482766416264,30730.660663320996,19446.15116188171,10123.416704015583,2,9,16,19,0,4,1
L02273,51485.838416767765,2523.96963319536,20390.95061723401,43845.414756076985,14878.951016514351,0,4,15,16,0,0,0
L02430,58318.45538040119,554.4391306348177,19268.678562807476,52764.0539166367,18789.585079324617,2,11,9,5,1,3,1
L01070,71930.07763461431,1402.1165028687255,26086.10747563917,48767.331829711926,20819.054126040734,0,6,5,14,2,4,0
L02320,42996.915340566105,352.5858283293935,19546.925138121976,10117.216504761796,,1,10,1,4,0,0,0
L01091,63567.97481171872,2396.2885792623006,26910.039459577536,42161.74544169523,7610.340551951629,2,7,10,6,0,2,0
L04925,73947.8787413795,1837.3098932527726,21642.423556264857,55169.43171959379,19324.859924717104,1,9,15,16,1,0,0
L02909,55999.74284008372,2418.2782708349787,28485.467476329977,50565.07901721394,42758.55881876866,1,6,17,7,0,3,0
L02956,99947.26395831117,3479.5260164020074,12052.282820683045,46181.71451095903,29083.11041211841,0,9,18,22,0,5,0
L02481,52882.78358482213,1619.605261332291,19631.47950877822,52742.82980491186,31208.186488307958,2,3,7,2,1,2,1
L03755,51154.993414682074,1275.122211195487,21629.919059267664,50476.49173094463,10434.9971032598,0,9,3,20,1,4,0
L01889,,1293.381836231782,20191.925549127736,35266.48461198217,25170.276448247576,4,9,1,2,1,2,1
L00137,49334.93415327526,2183.6060384012867,10066.242314566847,31938.904316442793,23185.00852998173,1,4,13,9,0,1,0
L00228,,2132.6694690288487,22867.61075462647,39588.96563700244,16939.00606668915,1,3,12,23,1,3,0
L01798,49079.48286393022,3057.9185682162615,14397.155613784063,32500.562541870466,16157.773851682618,0,7,5,13,1,0,0
L03627,48313.53909016836,1528.3758746672106,15671.924007778178,14811.878649193237,14811.878649193237,1,5,5,13,1,3,1
L01899,76218.38895882477,1766.9669105722708,4898.248986082057,46265.126509779395,35622.442106382914,2,9,19,8,0,3,1
L00163,88171.91158014808,1726.4345739165874,24831.30822319525,5000.0,5000.0,2,4,8,20,0,2,1
L03048,58274.90522637856,1234.6345853015955,26321.202439837696,26148.992912123787,9132.881043229896,2,8,9,4,0,3,0
L02583,63937.586939649096,1777.4256968502161,21033.46090381859,41958.13438642538,29502.7928348828,0,5,13,8,1,5,1
L01288,75159.82653825087,2359.052536224381,8342.040719490553,32248.486486805654,17365.00527073961,1,9,10,3,0,3,0
L02240,78726.36913913401,1002.4546988782985,18071.98983118858,66846.86155462601,9037.044103137488,1,2,5,18,3,1,0
L04739,37699.5640914673,2538.4358617814096,9832.143589185822,13330.366979464736,13226.874717498118,2,10,10,18,0,2,1
L00660,62112.79176152115,1262.7902344155634,10214.272152298263,28962.196361314593,28962.196361314593,0,9,1,5,0,1,0
L02410,42034.734224947635,2743.9908237518293,3335.5184723652455,40250.61077106962,18202.016474947046,3,4,18,19,0,3,1
L01301,51638.190927139025,1622.7202444919685,24193.08913132054,37432.43207137698,18155.45529345432,1,7,18,3,3,5,1
L00946,43598.304673476945,2466.8825638698786,34101.66095365319,34088.64281529134,23114.08351189331,1,9,17,10,0,2,0
L00132,66371.25949612055,2475.0716077133898,11636.708031618371,22801.747544388134,22801.747544388134,0,8,3,18,2,3,1
L03640,74156.1121985157,1307.143027730941,23072.858660965787,69060.76361769077,7661.634137458046,3,7,6,5,2,5,1
L01060,57587.71335827788,2278.479324037973,30153.241668090144,25944.134853007996,8508.166325963342,1,2,5,21,0,0,0
L04737,49182.36416610869,2134.8116473256437,26300.891561717523,75413.2325771945,8298.129245576447,0,10,4,8,1,3,0
L03515,73695.40129113782,1454.1590513523672,23488.8660395377,37641.5992466332,18601.296412272866,1,6,3,10,1,3,0
L01845,68197.127839948,3752.9773779775314,22714.20832581093,44995.03194173559,21472.79855767479,1,10,7,23,4,4,1
L02307,77134.46118272365,2617.3081710620863,28819.932992541457,31378.101591770243,13312.458814784852,0,8,14,5,0,0,0
L00614,42490.21905403247,1874.5266701597939,15198.4763424818,46417.567908040655,15206.669560351185,1,3,2,2,1,3,0
L04405,62496.511432336716,2298.820639060687,15244.314714087837,39707.853020479815,35566.565676545775,1,3,1,16,0,4,0
L04160,66683.36460371393,2752.9384359520764,16155.902253117612,21858.663191622483,21858.663191622483,1,4,12,21,0,4,1
L02317,81778.81000939224,1057.4240261215857,40266.47079311938,32415.69121121217,30063.782748037804,2,9,12,23,1,1,1
L02761,77590.59168443622,2851.3812605628636,33600.82512398613,31390.980503886996,30261.62214844198,1,11,4,12,0,1,0
L04773,77911.75424348387,660.1874770228085,30756.563632282363,18460.675329579757,18460.675329579757,1,8,1,13,1,2,1
L04695,61182.5556089364,1615.3710783178224,27602.808936789537,30108.596691755283,5514.189531730455,2,4,15,6,2,5,1
L04912,91505.52180874076,2574.345559011992,3051.6563241778895,12452.667421443603,12452.667421443603,0,7,18,17,0,2,0
L01287,28275.892537934065,967.8410312356215,16762.957171104747,29761.899307696815,15759.234066330211,1,6,1,20,2,0,0
L04931,86930.94236460507,1235.5696421772313,46359.85124229243,30066.428820015648,19440.95966848759,3,4,14,2,1,3,1
L03279,66591.95724752072,1108.5717904475714,13708.565145565948,21106.55906695388,21106.55906695388,1,7,1,10,1,0,0
L01492,116163.98571336505,1074.6811638765657,23804.681418312066,52902.77816172766,33542.8819958443,2,5,10,13,0,1,0
L00606,102535.91625116131,1976.4668301898887,3462.6775878087683,38089.63497818333,17257.56491523553,2,8,4,16,1,3,1
L00094,58446.75706804464,3163.2816624472944,12192.351563374623,42949.566126253674,28656.341848196735,0,10,4,6,2,0,0
L01616,128862.15135689722,1798.628677064749,22315.890061525784,14803.820102215064,12974.583704483739,1,7,3,17,1,2,0
L02408,81594.64835758349,2359.571397516562,13671.367248454648,41271.96593539215,12972.228340079964,3,5,17,17,1,4,1
L01136,84281.74336576715,882.2723911906309,8567.906094160993,41032.35486556974,20570.538368253638,0,8,7,7,1,4,0
L00971,67562.0882982158,2580.5707021354,25775.547328379107,70905.12315755247,1000.0,1,7,15,13,0,2,0
L01241,57417.44518025026,1626.7814419710612,19841.692445638455,70133.64128644193,14871.811905436567,0,8,12,17,0,2,0
L03234,103228.38174279447,1336.812624048076,37351.21739812652,56160.3971479341,31345.383310080746,1,11,10,2,0,4,0
L04268,25089.36439096523,259.2177452439189,30600.850677428203,22988.08506282351,,1,6,16,12,0,0,0
L00867,70717.3078144981,1274.2920301775534,23776.9804579024,43097.58437718746,23418.30321846106,2,9,15,15,0,1,0
L02471,86459.56095532024,2558.5143603776396,36785.13878573543,32202.621667396917,1000.0,1,5,4,2,0,0,0
L03994,,,7941.403141345345,24429.27127863009,24018.846631275464,0,7,14,5,0,1,0
L00732,,1834.43269668031,25367.122954206112,19056.563046457137,19056.563046457137,1,9,8,16,0,0,0
L03774,49805.93765039426,2325.5432530736707,27634.099508221323,31302.172278050075,23075.529177284476,1,9,10,24,1,5,1
L00208,75275.71901824417,1395.2270408097156,6924.470553665791,46791.438817720984,6006.269538544988,2,10,7,8,0,1,0
L01337,52731.9467291812,2352.728765913754,24295.726410742533,43778.04172477038,17976.999899128852,0,4,1,12,2,3,0
L01271,86826.20241188537,1510.1219539631181,40701.386928213054,39027.86119658305,28331.303283983445,2,4,12,10,1,5,1
L04876,44710.40546585172,,18401.595392196123,63679.23085717945,18657.343265605792,0,10,5,21,0,4,0
L02488,64091.775641355234,2168.8624258371483,35534.515614761185,54185.33556245733,23164.356834264523,0,3,18,12,2,5,1
L00523,51747.52482108307,2402.7355708019445,3079.664275143299,5775.0689136913425,5775.0689136913425,2,7,14,2,1,4,1
L00336,62058.852369957225,1401.6305225457263,21329.89958274779,22706.47084528926,14549.724270775683,3,7,4,4,0,5,1
L02962,52828.20553520599,3109.665926394194,32449.804951331942,30444.61585190709,18771.13958023087,4,9,9,11,1,5,1
L04604,91233.86898545321,1496.300402658533,27068.025945524743,31739.787300148564,29873.257354530746,0,3,13,3,0,1,0
L00261,46461.39056843834,2802.0325848233847,22403.07699330248,29096.65925192932,21514.33760160718,1,4,7,23,1,2,0
L03532,102154.04687075465,645.82817119783,30700.60216907484,36928.22113591396,13721.812540466814,0,4,12,23,0,3,0
L01149,96890.10126449945,617.9100744644443,9226.28866449382,31310.42037131435,31310.42037131435,0,6,10,3,0,3,0
L03885,,3190.387988098816,35824.33340905433,10918.001359276335,10918.001359276335,1,4,13,7,3,5,1
L01554,48462.3929192028,1202.0354768334303,33347.68614866765,41997.49734044058,13067.238760768432,0,3,14,2,0,0,0
L04107,59115.14988727085,2407.18535636809,40190.771901958055,11682.066441664774,11682.066441664774,2,5,4,6,2,3,1
L04890,77719.35501423475,904.599806223485,16702.217479692816,34875.02074570362,9179.484542076027,1,10,4,14,1,4,0
L00787,81678.44309097808,1714.422824113216,32574.272871141362,18450.22311731131,17656.339782805622,1,4,5,6,1,4,1
L01452,99044.29889270476,2576.140066054287,13444.723120593762,68818.5612563442,32038.74741793595,4,10,5,10,0,2,1
L03309,100223.76249734747,1287.0680564825198,36947.31007269304,55796.045763923685,11471.11956113249,1,8,11,24,1,5,1
L02313,69601.41518382804,1979.1414991572851,13614.193405184977,50817.427331262326,8475.555318911323,1,2,16,15,0,3,0
L01104,62208.207436896526,2079.938972199514,24367.171210263932,34206.443669329485,9268.92585901323,3,7,18,11,1,5,1
L02830,57669.85959263896,880.2340216820754,10998.575837289642,37590.02727437918,,1,10,8,3,4,0,1
L01280,58817.67071594997,1845.3933466374556,12196.117485165252,58926.417405925,20555.387408916664,1,8,5,22,1,5,1
L04134,90437.84843877313,2019.1288694777431,11800.312812323113,11037.495989138755,11037.495989138755,2,4,17,22,0,0,0
L00440,63889.046022067625,1751.9699666491483,15406.758652228324,64820.0247380006,10098.249614295493,0,10,10,24,0,5,0
L02770,61070.66833143806,2733.2226689768027,23152.398669720184,45973.491770384084,8413.449026770837,0,11,1,15,2,0,0
L03224,78904.05800167998,2159.5468127578097,20363.663291425088,43793.90806319689,13998.435049911724,2,3,1,10,0,5,1
L03022,55736.77275829202,1347.7930086316771,32129.42884669781,71736.56214344477,1000.0,0,3,12,13,2,5,0
L01573,,3514.405643667928,17801.53004168771,61001.49717741721,7390.2524109139595,0,10,17,13,1,0,0
L01180,42928.21365568458,2501.371349108893,23786.69775219072,36036.86072508452,15439.583257140286,1,9,8,16,0,2,0
L01141,59048.72993280016,1412.5933184553357,10345.584737789432,23172.567993811237,6526.5678084056235,1,2,14,22,1,3,0
L00599,56114.13479847777,1890.7155135733515,24881.500415402545,55840.62409687832,17734.008359854026,0,2,14,13,0,3,0
L01635,58304.493357869185,1191.7090870270956,31772.63370303122,50324.27662732349,23570.04425299562,0,9,2,21,0,4,0
L04259,63165.87951709748,4014.6988845007545,32170.655439701535,47488.87728372496,26045.329441009562,1,10,16,7,1,3,0
L03987,76062.98312758419,1257.3322965316052,23103.354331593757,41961.157885273744,25914.325993210678,0,11,7,19,0,1,0
L00931,53896.009466136034,1026.6384874378723,17929.84108193229,22363.983299995576,17920.524011259513,2,6,4,7,1,1,1
L01683,,2372.1395121024466,41519.290895174236,24555.17116461371,24555.17116461371,1,5,4,19,0,3,0
L03430,87026.45915471524,1373.5967345389327,21732.53698827075,37298.46097972963,26886.62295146416,0,4,18,16,1,3,0
L02029,69193.18830549251,874.446882216423,7963.837889281898,35169.07905282502,6605.078370299641,0,8,1,23,0,0,0
L02897,23317.74121002823,2864.3458755030533,21577.32001565207,51885.92559123602,,2,10,14,3,1,4,1
L01073,66536.43782120511,1947.976460058525,10848.737373365124,20223.979262898003,20223.979262898003,2,5,10,7,1,4,1
L01518,77616.23369109555,1915.4611773808294,29851.265854600544,48444.68772857284,20003.049642622896,3,6,16,19,0,1,0
L04640,20000.0,1607.4205568087593,16164.394521039265,33937.69141439016,19792.684719843073,1,6,17,2,0,2,0
L01741,62911.01562925057,431.5173164507887,21816.6193336629,43773.89210892606,27945.44798213313,0,2,18,16,0,3,0
L01919,61637.12362830421,3200.740753541715,27743.86351133876,32468.382627554536,28930.043681997122,2,3,2,8,0,5,1
L01530,42607.65133421977,,12498.954308543507,32107.519434097187,27775.08667265898,1,2,19,16,2,2,1
L02072,89722.61443612436,1050.5638120324938,30095.418882529404,40630.58555495846,,0,8,3,16,1,5,0
L01006,72869.70770843499,2469.7235890651077,19881.104688017575,67276.9656757239,23865.825891709297,1,4,6,9,0,1,0
L04445,26264.9459499507,2947.341629216261,17857.892190724673,33057.54214854444,12632.6901248311,2,3,5,14,0,3,0
L02093,77444.14288086804,631.5992804652096,21927.44301534339,47906.067980171734,11298.235298746002,1,5,19,21,0,1,0
L03590,57075.406437964804,1632.4995093504695,24048.57300217691,41984.63531032802,12350.396468913645,0,7,5,22,1,5,0
L01621,67265.40821075528,200.0,18855.562097023707,30724.04720559021,30724.04720559021,3,5,15,18,0,1,1
L01599,65415.87415350816,387.6899303760208,16097.853877995105,38516.910615107765,29843.62469582028,0,10,10,19,2,1,0
L04655,79068.80266277789,2136.214823245249,2000.0,45754.66577454462,6386.421287522962,0,9,15,5,1,4,0
L04533,75016.63182008424,579.4700725705263,30995.987379794067,62440.04754333288,21429.22125689959,0,10,16,10,0,5,0
L02047,65004.14129836394,1809.735745826324,28550.78017630526,47105.974911529855,,1,2,6,19,0,0,0
L01636,56927.030735160064,1485.110734373592,23796.95381106207,27536.760042173046,,0,9,19,6,0,1,0
L04679,82228.7305126561,2027.1288469891047,33706.787887065,40468.21884504347,17980.86399718926,1,11,6,23,1,0,0
L01083,58567.298975652346,2777.0359565481185,27399.50900755103,45857.26440811503,35246.76742847567,0,8,4,2,1,5,1
L04062,70585.35676433051,,14783.035459845574,25826.79248313977,8241.402294127553,2,3,7,16,0,3,0
L00251,39782.320913299096,1027.3738937088326,16418.667403425494,45362.05278773086,19945.88665347292,1,11,17,7,0,2,0
L01750,85020.92185134282,1656.388340102016,5443.606398299176,40625.21810825363,33276.97862931667,0,11,3,22,2,0,0
L03734,67901.27491918764,295.6515647495348,8873.394392007218,43726.936316969375,20557.896286165535,0,10,13,21,1,4,0
L04826,69824.80496813459,572.7002452409188,26522.899925709182,51348.29351053724,31910.06549750692,2,8,11,4,0,5,1
L02636,86430.86304469772,1465.773589989105,35869.5989027328,44652.79775243056,27804.975206878597,2,10,6,16,1,0,0
L00285,107660.66749312534,3095.0301117286945,23214.78579329058,21172.763991922635,21172.763991922635,0,7,2,20,2,1,0
L04883,47952.264678517924,840.6365399234854,30889.400055930375,60305.647599647666,36916.504083976644,0,9,8,19,1,3,0
L00825,56089.949571984565,1322.4841722144229,10847.53463623186,66246.49758821246,20618.3167201812,2,3,18,7,0,1,0
L03961,50367.36522182944,2168.332519874259,15326.159456398718,37195.42730774078,22535.68228137846,1,4,19,21,2,1,0
L03196,27399.79932184473,2598.574124777384,7175.234846363575,34551.262266207545,9300.90856833791,1,6,11,2,2,5,1
L02991,95327.88110507146,,19577.119018216115,54133.45026351754,,2,7,3,6,0,1,0
L02592,55853.9668982642,,36068.07528732965,39519.71793269394,20715.331820409447,1,7,13,11,0,4,0
L00682,,1526.5425438030916,22953.502743327786,48152.86498825042,21707.371106206967,0,11,10,4,2,0,0
L04688,45998.730050677455,581.1217514654666,15943.443664893675,34851.608969429864,20698.763835964834,0,2,9,5,0,0,0
L04556,58990.68102558592,3406.7784087853597,8590.279640187202,16744.3469360314,16744.3469360314,3,9,6,9,0,1,1
L03254,86162.366501743,979.8247314100536,17777.993151952556,42908.829197223036,19771.86305952077,1,5,1,12,1,0,0
L02523,72349.63330948609,1941.1873469303623,12500.042964803048,27121.20661555021,,0,7,4,10,1,3,0
L04488,53441.58446334579,2756.141929209133,37271.323841551304,40611.97327335719,21606.218250814534,1,8,10,14,0,0,0
L04750,66956.26586186615,2721.8789111695405,11550.749653777484,47168.18404144077,11443.210334741972,0,8,18,5,0,0,0
L02136,53527.96454206198,2212.915231669104,26340.684871831767,45321.593029420124,13517.264458273374,0,7,9,12,0,0,0
L04986,97715.9561227163,1485.8190092593459,22098.137403964043,26212.620122889966,26212.620122889966,1,3,7,2,0,3,0
L01921,25414.003792484247,2005.8984851338796,29145.49761463506,56713.51520113906,23889.585360402896,3,11,18,24,5,3,1
L03138,44576.75084879399,2283.285964351235,13474.274112535006,41120.22459181359,1000.0,1,6,5,22,0,3,0
L04005,37662.83273438347,1675.6620539777923,46806.50917512143,68758.89301756107,10711.175415898342,3,10,18,20,0,3,0
L01649,88747.72103129502,2684.985247087975,24079.200673839576,46247.85317072757,30427.46632841343,4,10,8,9,2,3,1
L03395,104450.84353579616,1130.0953682540267,25600.164652382253,28596.06400444781,12481.43256030066,0,2,15,22,0,0,0
L01231,53850.16429984333,2032.962204110426,25029.718735872833,22836.1777560307,22836.1777560307,1,11,2,7,0,5,1
L03489,46508.717712437996,2256.912993630459,24662.953564406234,38087.3803163627,12703.5359793842,1,6,16,15,1,0,0
L01101,84960.20219719305,1329.7149560735998,25708.677924710246,35158.83170914986,13153.702028224492,0,2,15,14,0,1,0
L03358,22425.31811170376,1087.6513976458707,14528.972463329337,26870.14648613432,26870.14648613432,1,10,10,10,1,4,1
L01419,95569.36852825063,2193.1564087155216,18976.504336682494,18142.409523685652,18142.409523685652,1,5,9,2,0,4,1
L03807,65694.27497505123,1106.4923320932267,13969.154192809405,64406.770782396365,14506.794697167468,0,3,2,24,0,3,0
L01431,,1297.0638023753118,19313.221224750432,47167.212293809825,29302.917092896183,1,3,1,11,2,1,0
L02360,73173.05622961342,3354.8231048977577,23487.607333356962,24162.330438492387,24162.330438492387,2,2,4,13,0,2,1
L04743,65032.380627138824,631.758051832622,26829.299451775867,25159.3259389042,17801.97294392267,3,2,12,13,0,1,1
L01096,63385.668397828355,2390.5897846529297,28165.793523072713,26374.881224380224,,1,10,8,19,0,4,1
L03217,31867.535846444523,2988.3818954180397,26438.928390428868,24603.48834046172,24603.48834046172,0,10,18,9,0,3,0
L04762,78376.80261092437,1114.0460563622269,26348.929626773384,52283.62459520926,27519.209996279154,0,9,18,6,0,2,0
L01879,31331.236155581,1559.339235174161,24991.99766088896,60647.83989608002,20897.105691193163,1,10,4,12,1,4,0
L03261,60237.79127375892,1385.0896020123391,28126.263773371124,43499.31372336069,39286.33800893964,3,11,9,14,0,0,0
L04141,77377.72596046307,1798.7026264292958,20475.003216900805,56303.73426683501,19661.161571860805,0,4,10,4,0,3,0
L00198,68074.50211891056,,32304.387856367914,38750.016990634795,32445.48990763059,0,8,13,8,2,5,1
L00449,54722.66165326613,2055.9721529161307,18596.595171170968,54039.597388984264,25323.720112967232,1,5,17,13,1,3,0
L00140,40382.7136713209,1272.768580089084,9039.513071760717,59439.96505959684,16953.210374062695,3,3,19,8,0,0,0
L04928,69771.09907547478,1612.33677630465,28040.248469495527,16172.452953877411,16172.452953877411,1,6,14,16,2,3,1
L01814,82936.78631731065,200.0,37677.91509795664,24968.363430493377,24968.363430493377,3,6,10,22,0,4,1
L04707,,3046.3243458546854,27251.446587882714,41106.11179309817,,1,11,3,7,0,1,0
L00805,56310.07545135369,2741.747970547471,31305.333193245915,24643.983320832725,9101.969558330662,1,10,15,22,0,1,0
L00530,46913.667497911825,1711.9956010391588,22308.071349979502,49852.087427642204,,2,8,12,7,0,5,0
L00865,52744.22619031228,1346.6359135559578,21499.194011435335,36730.47422558906,12528.837389673798,2,11,8,17,2,5,1
L03214,95464.77243424517,1017.387480587008,6958.514690520211,46851.56166550689,36665.893433755424,1,6,6,17,0,2,0
L04238,58053.95422084314,463.082268163721,19288.848516380905,53112.54807844749,7854.43357677309,1,8,4,6,1,5,0
L02397,46562.80373749374,2910.9316160819853,39845.58888853586,40556.38512904684,15449.912542788617,1,3,15,21,0,0,0
L00390,53461.92688675194,200.0,27790.763008755028,51715.134319107274,20952.640643767154,2,7,12,20,2,3,1
L00378,68666.84011476704,200.0,29914.97435972957,57242.155912427945,3430.335442612719,0,2,15,7,1,4,0
L00762,67440.19629290723,2213.315556748774,26334.524416994806,35515.93904470254,25720.776210049433,0,10,13,13,0,5,0
L03130,56770.1371087564,2024.9693460672522,31410.665514519307,53097.53938572382,25191.306469494295,2,8,8,23,1,0,0
L03318,45353.92839245371,2472.4853702267064,26039.404160683043,74771.53390695702,16593.76948771823,0,10,3,15,1,3,0
L02556,75692.58172244871,2011.4321681226008,7048.024126968445,48805.6363610175,20720.50850186656,2,5,9,12,1,5,1
L04921,98274.65664286946,976.3112231284796,20612.03599054464,10922.097445903695,10922.097445903695,0,6,3,5,3,5,1
L04971,95574.95701081817,1069.9294414578987,26380.23605328097,56277.83374201542,14784.568218724318,3,11,18,21,0,1,0
L01451,,1581.7243629278955,16184.19236772782,51430.95810793897,7096.3161742036045,1,2,11,7,1,4,0
L03736,62558.85735757445,1290.494088848834,30223.422986875514,29393.33378060186,15850.44120867187,0,8,16,6,0,4,0
L00638,66466.35934376808,993.6706436574351,10092.541992633283,34299.195240995396,34299.195240995396,1,9,3,7,3,1,1
L01867,85650.92408683314,2675.83880178186,21333.989729780264,76732.18458610341,32462.627809986807,0,5,10,22,0,1,0
L00866,57245.968801280316,1320.1428848663509,36717.0889836189,30330.668033822905,3799.05660804943,3,3,14,18,0,0,0
L02833,96257.77537016396,2313.557703554961,20387.14566338855,38531.61392241796,7542.338358863772,2,6,6,10,1,2,0
L03414,48358.77390300287,2008.6134539864506,31944.14420090238,19506.300559043335,7380.81023162358,2,10,17,20,2,4,1
L01416,,1255.8612189216392,15577.675215560106,28022.19411723958,10943.044089956913,0,7,5,15,1,2,0
L04793,62707.18328987215,1944.2440410700024,22192.034209655474,55324.88092296907,11295.90464946864,3,3,16,6,3,1,1
L02572,36028.17170732912,1823.8369320971397,24671.362964617307,32064.630240418333,29452.143122503818,0,3,8,24,1,0,0
L02378,38479.04627835924,,3743.8482143535366,19738.03866083973,13125.233735964746,6,8,11,9,0,3,1
L02944,61189.93788004377,2155.8828300459904,34752.47012921973,60197.208933340444,22155.319797940825,0,11,7,14,1,2,0
L04345,51922.03223348847,1824.8507411191451,9840.621820240985,55047.05504958348,17676.38123143695,2,9,15,6,0,0,0
L00768,100416.0127127102,1736.0732378699602,37789.45092717976,26682.979294935194,21130.207102988286,1,8,6,5,1,3,1
L00016,53754.249415180544,1390.5891536461572,22415.418405638946,54193.65507422971,19284.85990727018,0,5,1,17,0,3,0
L00006,60317.26086101639,780.6143047385639,14289.578428587953,27304.7951273101,13458.156742396714,1,7,3,20,1,1,0
L03798,69241.8670614835,2518.124617319795,29451.868818938277,34716.74021653815,25790.44897937837,0,6,16,8,1,2,0
L02342,73419.4588877878,2129.5623992494475,18723.665626900394,65412.63637286585,17395.11467186647,0,9,15,7,0,5,0
L01707,,1469.260983490847,14413.347984572276,55766.82621636998,30581.05617996036,0,7,11,5,1,0,0
L03839,45639.084829795094,2936.147951025559,20512.704121826064,25249.3491557698,25017.16324234197,6,7,13,9,0,1,1
L04514,46288.07402475148,1600.2755694248644,16949.827292548234,15803.049716279671,4709.8497558521085,2,7,18,10,2,4,1
L03926,58272.261091777276,2314.284395170358,16131.573204758139,18944.99040924209,14621.709315466993,1,6,11,5,2,4,1
L04560,78108.07659700474,,18744.865870050635,30002.801095547784,22360.972942150755,2,11,5,20,0,3,1
L01800,65426.23297343885,2784.5623239875763,7089.200763885265,22434.384405072757,20169.14217176604,2,7,19,19,0,4,1
L00147,40260.985782438365,1700.571378270051,10306.84734913531,20986.334432003834,8453.814324622732,0,3,11,9,0,5,0
L01447,54427.666365004865,1187.16383807968,18114.92932881147,48010.94434475427,34494.13768996868,1,7,12,3,0,3,0
L04486,33104.880836733355,2836.165658135715,15159.539696209584,46708.99837376604,22290.329605981384,2,6,16,17,2,2,1
L01321,66132.99849794214,2786.7248610821357,25805.20305316303,53932.76869075336,22489.346118611167,0,2,9,6,2,4,0
L03045,79292.19581273236,2562.5410034634833,8588.699673442892,36644.96088703126,30109.095653427445,3,11,4,24,0,4,1
L03019,55976.82283182003,3496.7948526760874,18586.95485339941,39778.78422974736,31709.3278612036,2,11,9,12,3,2,1
L03501,88612.81824904289,3804.359124285515,26308.460051697468,39184.73088399696,20207.086836854036,0,8,11,12,0,3,0
L04039,64553.99432563894,2419.218219256842,30454.065567820555,40879.059092885786,20074.638391250337,1,6,18,17,0,4,0
L03410,105937.24391439115,1767.2659718439447,26594.75058969009,41514.20455434371,26579.868297749737,1,8,6,7,1,1,0
L03335,92991.89290291586,2625.1044202218645,32033.133128149013,36001.41572606522,19878.044334061055,4,10,12,10,0,4,1
L01188,60507.33700005951,2733.696630402638,27484.632735405707,42410.39301197357,34425.916214453726,1,8,3,16,2,2,1
L00901,72373.46617745803,1743.8237107859068,12734.86745220252,48397.176428961415,20745.640620604965,1,5,2,17,0,0,0
L00413,34317.716585287555,1188.6505706897228,11293.31628583403,33492.28714971142,8598.028022438817,2,9,14,7,1,1,0
L00497,,1697.1629653984346,7126.255535960232,69160.26475000662,31392.418183632886,2,8,19,11,1,1,0
L01273,43153.744706548416,1726.4252270375628,14815.160148388835,21976.969078910697,21409.108783869473,2,4,11,12,0,3,1
L03035,66179.68443179195,1538.70897547103,42699.47739069679,54439.10911114978,7742.082592182725,1,6,13,14,1,3,0
L02258,56584.764126378934,2319.1055407230715,33763.440561714546,39664.23015254785,32739.467294749473,1,9,8,21,1,1,0
L01293,64878.58176920213,2204.446282572006,33772.08787416915,38371.20284758085,22461.177294504043,1,8,4,17,1,3,0
L02708,65478.06086569911,1761.7605996921682,8667.82946049004,21565.82640292161,21565.82640292161,1,2,12,6,0,5,1
L04131,60138.77602238267,2776.440483144986,28936.97955013145,17002.38106956498,17002.38106956498,0,2,14,14,0,2,0
L03066,71431.86422678478,1872.247839365148,38780.55600452595,51757.35108619988,22467.282112862726,2,7,10,17,2,3,1
L01323,63590.024438818175,,23426.8841220163,40569.45592315953,14311.94582834692,3,4,5,17,0,1,0
L02675,44828.90631847584,1129.1995068928381,6147.539892701427,65324.67717179323,13833.750577380033,3,4,7,8,2,3,1
L04520,47043.39867148741,1476.243314509339,31386.110786254932,40802.714114703405,2961.6866483378144,1,10,6,4,0,4,0
L04866,,1776.1868093308785,20702.091707953066,50860.03382500024,6862.806552068392,0,2,12,19,0,1,0
L01063,87975.31400744207,1507.775313436892,4109.876094985586,65275.96517999776,14769.160033053406,1,4,19,16,0,1,0
L01557,,1713.4888076868665,26226.28617192566,62172.75903458503,24752.49929005834,0,10,12,17,0,1,0
L02164,87802.98077042533,728.408506777073,22565.076744292674,27315.572680158934,17529.135032967122,1,7,3,10,2,0,0
L01977,87482.25439972027,2056.7980509488184,24034.820034522876,56846.20599010958,16384.867728931327,0,5,8,23,0,1,0
L03003,56727.889331567116,1662.1000340370704,5889.972321148325,50370.34571620788,17664.10267722001,0,7,16,19,1,5,0
L04758,90618.79153333456,1403.4352427400802,13869.771478311777,57479.88398834922,23529.2834329013,0,6,16,14,1,4,0
L03972,42954.605190882896,2983.585409488698,29368.37124105179,61535.15655699695,12962.032800139561,1,10,14,9,1,2,0
L02965,89461.6613419065,1352.6689319526333,7431.4237175196195,45462.55094713616,,1,3,19,15,2,1,0
L03949,59400.13396251041,,49359.60159383489,29839.56656917346,,1,9,12,2,1,4,1
L04341,83823.63732839939,1052.324884081223,36642.01272523587,35166.38269246419,14986.139109227093,0,9,10,14,2,0,0
L02853,42902.74413874959,,14178.20546047366,36679.02612722358,25105.9267080439,0,8,19,17,1,2,0
L02431,76292.118517872,1831.7710573757076,35493.239278107394,48052.37025933514,3790.399505463596,0,6,3,20,0,1,0
L00408,62152.41029957413,2720.213916718637,14499.77318434283,40288.884510266886,9965.279113569379,4,5,19,16,0,4,1
L04517,56651.39236021136,3278.2935965616825,31492.573018529092,48407.939273057695,39366.79762285763,0,3,3,5,1,0,0
L02109,58427.63048502031,200.0,23112.23334840858,56182.74349763445,10678.38945134638,0,8,9,3,1,3,0
L00928,72544.23750129042,1933.3246538878752,16970.90349961981,41230.448940821734,9075.964719552043,1,2,7,16,1,4,0
L04041,,1973.3512779981386,13376.93063836319,59031.70882620763,29195.60546862825,2,10,3,23,0,4,1
L00117,64305.764605895136,3138.6911569220188,26445.919950731288,34739.89909512105,23065.122064697942,1,4,14,15,2,4,1
L02731,89617.4902630947,3034.1890938238207,4422.125760579274,16826.359456103266,16826.359456103266,1,6,15,16,1,2,1
L00119,87856.45629030041,534.057620781088,14468.8266937942,30127.37088794344,24867.105303254986,2,4,14,17,1,3,1
L03542,94020.02876262672,710.3653033161941,26014.29659367462,45789.35104387949,18285.54256543225,1,3,13,8,2,3,1
L01487,36632.68534133937,1617.5954185522257,2000.0,32859.84999968723,16207.904700734418,2,7,3,10,1,2,1
L00129,66993.02730175282,1919.6783660150304,23661.406130783307,36115.6174784873,34204.00923129856,3,2,7,19,3,3,1
L02270,63369.54653796708,1132.5829255456276,14273.631103468997,43203.94861846474,21395.631528213373,0,8,3,24,2,5,1
L00108,68491.55625663677,1836.863377306521,20925.551182057505,36154.66535720281,25141.409907607227,1,8,18,22,1,2,0
L00954,93875.29208146519,2447.6755487775085,25160.878221089337,57693.07401411607,28105.30762789549,1,2,18,4,0,3,0
L04334,68988.47971973535,2497.362068479051,11294.9186536458,30163.73109041291,24295.91303314091,0,8,11,8,0,1,0
L00430,29825.21027153771,380.82430711029656,9497.839741051988,57827.12449755285,17909.360183274915,3,2,17,19,1,1,1
L01517,95268.99486484262,3153.8772579705637,18901.550986359267,36767.8492575349,33536.12109546766,1,11,2,4,0,0,0
L02624,93209.18290407007,1214.5141532672912,21554.33100574518,62292.38855527798,17913.82763362127,0,5,18,14,0,3,0
L02209,58738.839389536915,783.7103629399311,34983.34489775417,26153.212236452055,15342.466069225375,0,8,17,12,0,0,0
L04954,84391.38051505813,1031.3763534040877,14453.956176067271,31285.344788880313,12638.132899113805,1,4,19,23,1,2,0
L01659,44869.14869440718,1710.9449209617594,27224.452109266942,17333.59677321215,17333.59677321215,1,6,6,5,2,3,1
L02588,60940.38725208686,2454.3852355630893,24705.134754664003,43163.89242945895,35703.91840337816,1,10,2,21,2,0,0
L04539,60622.674965287486,768.399944220816,7100.637953597776,36675.94914726026,1000.0,1,10,14,24,1,4,0
L00256,55315.31854267497,892.9357145549167,8482.924679753534,36084.94765972481,13813.70049253281,0,5,13,21,0,4,0
L01918,52583.04803497768,,30410.412769616196,42136.07299942199,16691.764772757953,0,5,17,17,2,1,0
L02678,33703.9445727589,200.0,26935.37294203767,44900.063823132514,20935.45459386146,2,4,17,15,1,0,0
L02762,48913.68480680016,2370.613000637234,35617.609133402235,40139.351024600415,9805.73266224407,1,6,4,2,0,2,0
L04222,81895.487515634,1649.1241366820095,31219.366012853556,42643.190584579344,9256.720271382628,2,6,4,16,0,3,0
L02982,90447.07000213536,1396.697061078669,21282.936537150315,59376.21776098947,16570.35163553256,1,11,10,7,2,1,0
L01872,60701.57939422529,2333.3023067655126,20060.052074333747,29855.26204633956,16173.048589171965,1,4,14,24,1,5,1
L03872,68155.22878587538,1865.4754676236312,23927.987925062687,45018.3645180682,38628.955531138476,1,4,2,18,1,4,1
L04415,69009.19262827458,820.4901813136365,17555.204701222952,27009.48332164912,18244.71937402952,2,3,7,18,0,0,0
L00026,67218.45179419732,812.3904012620832,36777.20295302075,21275.45797196023,21275.45797196023,0,5,6,2,1,5,1
L01673,57164.83701912356,2095.2131502601337,8748.428448022381,43671.62261667548,18133.867782713955,1,10,4,7,0,3,0
L01553,47440.34826486878,2117.9176187673875,33760.10985197707,17123.415384784592,17123.415384784592,2,7,4,22,0,3,1
L00849,52245.200314973685,1062.839181256863,19178.75056862265,56491.23402689406,8508.010653119376,2,10,9,17,0,4,0
L03959,87336.67551059909,2562.4075985712398,37533.54699055894,56897.76840528555,26906.175221456182,0,3,14,18,0,0,0
L02019,77708.36060418453,2832.3685931010796,28381.84040728213,42582.380044096615,5372.826645727009,2,2,13,4,0,3,0
L03670,71773.7463584338,2438.853338488472,37356.30978811032,31790.68175191941,6687.8001149286865,1,5,18,11,0,5,0
L02098,43562.85533919689,1749.0037715968272,15981.028390673864,43745.882305803956,19705.218849780627,3,5,2,19,0,2,1
L02097,78409.61234482424,3968.635439232426,35451.17173611788,50604.63196705899,26834.172312388913,2,4,18,11,2,1,1
L01266,36725.7100619004,1911.7229516522807,35662.14785205788,54503.25125133615,26594.58524439355,1,8,15,20,1,0,0
L02336,76504.10032213133,2041.125655824894,8857.149021918798,41200.619038228906,9958.905927938813,1,6,2,20,0,0,0
L02505,43296.98946884404,1266.1332950268156,20614.989780600466,32148.21355248315,22014.923231332745,1,5,7,18,0,4,0
L02621,79090.13079649446,1158.1825328523837,17165.21865005623,29269.93646358,29269.93646358,0,2,14,16,1,4,1
L00981,80716.00317301665,,2000.0,9955.773792022108,9955.773792022108,1,8,18,15,2,2,1
L01176,59386.49846266452,1589.353754497667,27102.522224050186,24392.99038165651,22201.098237936636,3,2,1,18,0,0,0
L02023,92213.17191677302,,27465.897256886386,47203.43892858554,3938.7911913187527,1,9,15,18,3,4,1
L03854,42856.863663950964,200.0,15236.602842364546,46346.19940486529,27802.139722002416,1,2,18,21,1,0,0
L02952,80548.14705529023,2582.29781776891,6728.792046642442,46774.937099262905,9942.694496520184,2,10,19,8,1,1,0
L04286,69064.71909172062,200.0,2000.0,45189.155019701,9195.822641716295,1,2,1,10,0,4,0
L03521,75054.8961498163,1613.1144312137076,17648.066678022067,32974.76967160826,28729.85641342569,1,3,3,14,0,3,0
L01344,88812.92549572683,1667.9355479975632,22301.406613151772,54483.60338189776,18906.309335895417,1,8,7,11,1,5,1
L00254,85649.30521102293,613.6124544140655,14315.644830965071,44309.44859123631,25403.74130931038,0,4,17,12,0,0,0
L02025,20000.0,2709.904878103131,31661.470124092957,32434.521994290903,6237.787795956738,1,4,1,21,0,5,0
L04388,36346.57420520694,3197.1925052756974,16166.57067121512,40419.4981596794,31248.063066978764,2,11,15,20,2,4,1
L04808,78046.6067635336,2581.2052712505315,15729.634908501554,26255.604294931596,26255.604294931596,0,9,4,20,0,5,0
L04025,51427.138774117935,1837.8389945029824,3718.350720728602,27158.385210153545,10632.313993271055,2,6,3,6,0,4,0
L02985,31902.25127543408,1990.5370449117027,30145.354596953242,56418.59936830851,23768.150710407772,1,2,7,21,1,4,0
L00623,102640.48992950068,1048.025736679947,26572.248119493437,38316.043492130535,8083.514611012917,1,11,19,12,0,2,0
L04132,65045.75872287008,3410.84343571896,29244.281762354123,13876.455246233127,13876.455246233127,2,7,14,8,0,4,1
L00658,64517.49825779993,1764.5108355907507,13133.608307954019,31244.190314658612,31244.190314658612,2,7,19,11,0,2,1
L00211,76417.81021386334,,18890.285335139277,54045.060712439954,23597.657041660197,1,7,11,20,1,5,1
L03211,88669.87333779855,2298.3552243306467,31149.553330102237,5000.0,5000.0,1,5,17,8,0,5,1
L02789,55877.583450516235,1753.730710097925,12235.744602684015,22392.73004352364,18465.57632684486,2,6,10,9,1,2,1
L01031,59852.4692515331,492.86163275257013,15967.031512218451,49495.998212458406,21479.688806327627,2,6,1,12,0,5,1
L01434,53338.45122862123,728.424180033795,21431.631477930503,49437.02947386675,4641.353291344896,1,11,2,20,0,0,0
L00306,67346.54766617564,2665.6898503945126,9261.626748657956,25328.886060046716,25328.886060046716,0,9,11,4,4,3,1
L00084,54634.59563452705,944.5964049959359,37668.547072137866,42072.21334551363,31927.690016470966,2,2,3,7,0,5,1
L02442,92629.08157380973,4033.767094327969,15531.636958323765,21959.634566576988,21959.634566576988,2,2,17,18,3,3,1
L02627,,2681.390289428967,20782.627462163746,62267.81148773049,16959.589008466835,1,11,15,15,0,2,0
L03381,,1881.430666965862,30269.460609427995,40864.341447393934,12385.810321225781,1,9,6,3,0,4,0
L02127,41383.743693823104,1818.4645271603365,20643.98760099117,44637.07281002197,21527.823671002356,1,3,15,11,0,0,0
L00187,74464.75249147089,1504.84844877483,9229.154376688812,57961.34799707361,27134.290260171423,2,2,10,12,0,5,1
L04545,,2926.8955947567356,33828.94938877925,51221.80048377813,16143.274028781307,1,5,5,4,2,1,0
L04997,79228.21158930991,201.32402628429918,34371.50975478716,60660.49868171727,17125.15830095128,3,8,19,15,2,2,1
L04477,55776.60535930762,2017.3468676000246,29733.998160676114,58060.016951284764,31267.236367786343,1,9,17,5,2,5,1
L03175,44955.6596214655,1423.3959207001744,28543.556905962174,35684.394166757855,19109.994633915292,1,4,13,24,1,2,0
L03928,,1559.89697053744,2000.0,33322.892310529875,9199.425246982597,1,2,14,10,0,1,0
L01579,50308.168464039016,2002.9898374198665,34160.06538911477,61832.47438118415,19453.530552355296,3,4,17,6,0,1,0
L02451,46676.16169037515,1433.5798535883548,20044.067631507747,39427.456195503575,15167.166057024133,0,11,10,16,0,3,0
L02876,46806.33166036333,1516.6348891929692,8822.002478910263,27487.088591893258,27487.088591893258,0,11,8,20,1,4,1
L01224,73275.98194902997,3303.8996395368067,5384.190108220078,48869.34383940209,24887.86473782399,0,10,15,2,0,3,0
L00685,,1348.6430561116108,6227.716290804992,56885.198981851936,27544.658289351188,0,8,14,12,0,5,0
L02784,44159.11175513794,3885.4873305198157,15192.335534209731,57080.48420041972,1000.0,0,2,15,11,0,4,0
L00411,79232.2975617778,1378.7746503231656,22029.259666794376,39881.07118819944,29717.263097605028,0,11,6,12,0,0,0
L02292,84577.16101563591,1286.6182850782966,8959.96822163362,62292.26987715016,11888.559852495364,1,10,10,24,0,1,0
L01035,55336.27075401252,658.5387385749261,13218.782963945474,31554.00700307347,31554.00700307347,1,2,9,5,0,2,0
L01318,58895.50591290665,1376.8425898202408,26058.50266692899,37752.83921881313,28246.595628492527,1,6,16,3,0,3,0
L00666,67128.60455383794,650.9969080575058,21923.259363154964,53511.86761042453,34413.991103217595,1,4,11,13,0,1,0
L00704,,1316.9128550104363,34721.985542500974,41096.563815711146,23842.319165190896,2,7,12,19,0,2,0
L02137,67037.12590523974,1277.9773654266837,21571.43752339662,49882.303670341964,24765.841469833933,1,8,15,23,0,1,0
L00799,65566.36752260922,2208.0994890000597,22437.103969919837,28709.21137145398,13358.872853702866,1,10,7,21,0,4,0
L01909,41121.49987201889,1112.3091888972367,15103.44495099056,45824.11382389651,24745.838196939447,2,3,11,10,0,2,0
L04027,49376.872437377715,1450.788109387565,18570.05774397768,42530.83866018816,21681.014612615953,1,9,1,15,1,4,1
L03284,82529.11291005871,200.0,12442.456421773557,55244.31914134954,19140.605275031703,1,10,15,11,0,1,0
L02906,80011.5833504353,1743.1037673357312,4304.897636475278,41974.230599091126,26877.66730011227,0,6,4,3,2,2,0
L03274,79422.70725091163,1489.1454236070376,22924.211473392363,26483.450695234642,7351.057915466337,0,6,2,22,0,4,0
L02092,71009.48719221656,3141.6926961494964,8893.542156956273,47909.95119221008,19909.437363770186,3,2,12,3,2,1,1
L01153,52220.765046209955,1181.5762323178376,9762.551533437307,32647.136406569676,17654.770739190142,0,8,2,11,1,0,0
L00358,59226.82722159723,1076.041733649547,2088.5985104533356,34727.299348616514,34727.299348616514,1,7,7,20,1,2,1
L04502,37949.82621118556,2858.1625759911835,22170.68825199726,41526.0580875989,21665.864991558592,3,8,16,6,0,3,1
L03264,88455.13690534889,1730.9297134026185,23668.160595182773,38503.595870286,23662.357531837384,2,2,1,17,1,4,1
L01069,55645.97597376217,2493.749930262191,36744.820073782554,13476.04735747771,13476.04735747771,1,4,13,23,1,3,1
L03183,42926.60342939262,1798.5369929247197,19141.277450208792,32471.58827503495,4805.881091256935,0,2,2,10,3,2,0
L00242,62705.27117066202,1126.053895898939,15537.576758534055,54851.87180339225,16353.579458828674,0,8,2,18,3,1,0
L04180,58142.422768848715,1433.4904081266243,17116.922132885084,55836.97357699858,29839.061553329237,2,11,13,15,0,2,0
L03463,68133.87456493049,2166.7112079656545,28971.82620792853,32249.04343717219,31415.376602351134,0,9,2,16,2,1,0
L04266,74871.20408668583,2338.7782369265847,18200.92033459423,57770.43696821504,14867.258632053228,2,7,2,22,1,1,0
L00788,74183.60158456874,3353.7964758050393,21191.844268364424,48265.90186323899,14339.902714799766,1,8,8,5,3,1,1
L01760,91298.28907168095,1926.475900693448,24424.501806358196,36148.9929477992,21997.762218350945,1,4,13,3,1,2,0
L00976,27209.18538108938,,24483.05475735984,40926.824053444725,27191.833809492873,1,10,13,3,3,3,1
L01810,82900.76628152232,756.1464876536406,30695.72518653421,19143.56491315286,19143.56491315286,0,3,18,21,2,2,1
L00351,71218.15131196009,2291.016684631927,23411.14496705593,34130.98427638689,12341.159316793794,0,7,8,2,0,0,0
L00694,77318.71213888528,962.2739450477884,21114.2893273121,48337.8768897611,22089.192734777545,1,6,17,9,0,3,0
L04426,42344.3009746451,1818.4834768005849,42029.470840762864,40860.63330710472,20101.976820071162,0,5,4,12,1,1,0
L02532,46472.37740036923,2293.3311811768945,16427.186903854465,52135.814336316675,33723.6394526517,0,11,6,10,1,2,0
L00450,43815.729562220964,674.4452795894645,19742.77368387865,56424.010834628934,23209.357543208676,0,11,1,15,1,1,0
L03707,54508.65972465898,1963.8383018255338,7267.933701247333,73101.74086922652,10449.822964605215,0,2,8,3,0,3,0
L00461,104294.50265832778,,9333.680048933904,16776.07497653747,,1,10,15,14,0,3,0
L04098,53202.10487074218,816.3789990260912,31194.08428753647,26710.44876288807,26710.44876288807,3,8,19,15,0,5,1
L03594,35411.11553720552,,34322.83829510831,47143.97525884834,31068.536244725685,1,5,7,13,0,3,0
L04948,38307.78786179535,1308.769470760471,18684.062210684548,43471.09526916123,17482.756593924827,2,5,9,3,0,5,1
L04024,80671.79329597214,2504.8471136459466,32278.838914334097,47595.45206593094,26262.055616322454,1,3,2,4,0,3,0
L03158,67188.1694366594,971.2304571146884,40857.885164855266,58934.168360075084,26611.809905927188,1,10,16,3,1,1,0
L04470,72747.42961265979,1724.5847433880795,20207.97345680859,48012.03913398977,20183.820327710197,3,10,4,13,0,1,0
L00236,77678.38044636023,3454.580833204659,23464.142918426034,42910.31506758699,20376.450650971496,3,6,17,10,1,1,1
L00436,66481.8956083955,1309.6133829834484,23794.141710488413,30062.24280539889,20212.33065775821,1,2,16,14,0,1,0
L01335,67973.34914404224,1708.3524580219844,7750.288281845878,50471.25197376502,9917.139320356722,0,8,3,8,2,0,0
L02679,66906.88398882616,1238.96834336676,32387.27059442183,25968.468918119397,9855.78376716415,0,9,13,14,2,4,0
L00983,45660.47713741574,,17939.708455872846,58111.386237349725,,2,6,11,7,2,1,1
L04511,41260.1322338851,200.0,14093.760087270475,29510.21690114992,29510.21690114992,1,5,19,24,3,0,1
L00352,94507.12433899104,2100.3646861018024,6750.150598559403,26666.12786410344,24559.02633167647,1,4,17,7,1,4,1
L02325,64888.07962341907,2179.7067884534335,31497.003842778697,61221.15729039719,21961.092921318355,1,5,4,3,0,5,0
L00051,71481.6793878959,2383.2509160018917,4281.033177535563,38180.36992915629,1000.0,0,7,9,22,0,0,0
L02895,75165.37279349178,251.65603222895493,18515.338086380198,5000.0,5000.0,0,4,14,8,0,3,0
L02063,72809.29699857779,1230.9574184404164,15959.70114525229,32283.61272607385,11433.873564499887,2,5,4,9,1,4,1
L02914,80158.43699847239,2233.762405527239,50425.9372801046,39659.83711768989,1000.0,3,8,7,24,0,1,0
L03578,52234.34546943012,1010.4458107987546,26972.179804531937,18567.007743255068,17165.240084456884,0,10,17,13,1,5,1
L00113,66204.60419882053,1768.0844929986304,15286.924086289138,35197.45737668911,15425.691624916053,1,5,14,9,2,1,0
L02919,66961.35079077889,1248.7105618225678,13679.295322672033,41265.11548297317,18270.73416998593,0,7,16,12,2,4,0
L02508,89893.59161473573,1179.514716318087,17567.813075723043,34079.804370092446,17096.967312648092,3,5,18,23,0,2,1
L02133,78457.2247193364,2273.8636376106747,11570.717381912624,40193.51943352458,29242.96932308112,1,9,1,14,0,5,1
L04239,94065.50952085089,,31940.020395062784,82594.34372211869,1000.0,3,5,12,21,0,3,0
L01181,68597.88302306957,2571.324707337583,2000.0,39947.84185447096,32092.795388889936,1,8,3,21,1,1,0
L02191,33037.51296232505,1926.4751188614289,26530.39656572059,46949.043537212805,8930.829469847446,1,8,9,12,3,5,1
L01879,31331.236155581,1559.339235174161,24991.99766088896,60647.83989608002,20897.105691193163,1,10,4,12,1,4,0
L00270,67614.81154572182,2379.309247451598,27052.613431742015,26347.01940658134,17438.340937541663,3,8,1,16,0,0,0
L02250,83433.00223848919,623.0988757011855,19337.870495935083,55433.16162518416,12127.903122149366,2,4,4,17,0,3,0
L04350,53784.78186040279,1534.5081105424167,15041.700536077247,45937.07411095312,4617.170578693638,2,10,10,10,0,3,0
L03185,49396.01741765074,1843.1178776265651,17678.789568705804,35920.00041537796,26560.435672029605,2,3,11,18,2,0,1
L01902,58323.6102048798,1844.0023488266997,9571.284139368652,36714.12117963087,22733.19644511927,1,10,10,15,1,2,0
L00803,66922.41553881967,1471.5852138162159,24900.878996354324,49631.81505814876,35773.27297050473,4,10,5,3,0,4,1
L04681,60373.98114140601,1481.9610427633775,15070.56769852932,54954.36222283929,13852.630530340648,1,8,9,8,0,0,0
L01742,61623.565536199785,1485.5278394388308,20825.896996551306,32681.96367889307,25064.103413791374,1,8,6,14,0,3,0
L00448,46202.40427345289,3214.5354344478264,11490.588338110396,10164.487057430564,1000.0,2,3,7,23,0,5,0
L04974,23282.042445333253,2283.025175642367,19088.362295736588,24914.305293662183,8577.253460797265,2,5,17,6,1,0,0
L01082,58014.84591363143,2056.1732623590633,39305.17951827959,25491.17893028401,17748.87439314884,1,4,19,24,1,0,0
L00124,36962.97874415438,1744.2932373599135,5923.586894768032,49451.61993375599,27848.25368548494,2,3,1,14,1,4,1
L04302,37687.651916197006,2477.4719563753324,14432.196329791328,55015.97263856145,20039.621811210753,3,8,19,24,0,3,1
L00532,31769.598754620805,1200.6626187174065,16735.17645205077,55951.535828011896,16131.590420134944,2,8,14,14,0,0,0
L04190,63737.539737775034,3088.234384386297,12823.840108936678,69679.76931322756,15237.76119295038,1,10,14,4,0,1,0
L00145,70197.65588496847,2526.369850901639,24262.380886674215,32073.23503149414,26873.732422375044,2,6,13,5,1,0,0
L04056,69127.23542650901,1247.7790134102363,31437.01634399841,70755.94976667265,10808.022326222166,2,8,8,14,0,4,0
L02478,,1956.3225770266563,17944.966334459124,36983.3830706586,3876.3188190951605,0,10,13,9,0,1,0
L02225,52012.53923357148,1790.365157632055,15930.365541273644,58614.08781077209,31165.642691137982,2,6,10,6,0,2,0
L04478,80131.2934982628,3072.636593737002,11437.295922518937,33145.08942165311,5132.815300947681,0,2,6,21,0,5,0
L00860,77658.63635511021,1294.8503780134533,16661.553561850815,39903.07608881441,19919.999517237186,1,11,7,12,0,1,0
L02979,75869.58757340186,1868.4106637116793,27247.925755013217,57868.527927711126,32388.56034058374,1,9,9,10,0,1,0
L01339,57236.46362917543,1911.2229495625004,55777.68241289362,36687.18579805673,24602.38943227918,0,7,14,19,0,2,0
L03943,53060.514265578524,1683.7204621488918,2000.0,34183.58615775664,22241.794848537924,2,8,13,5,1,2,1
L02963,54420.445838719694,,12620.465911551075,21734.92933590274,17276.75390005238,2,3,1,21,1,5,1
L04057,94243.91877435273,1653.1677423868275,37065.286363122665,33077.302971176374,19397.014844656256,1,9,8,11,1,2,0
L03373,94018.55096558423,1999.6875665677694,24174.390807258424,51373.67164232196,26619.295647340077,0,11,6,16,2,1,0
L03663,72466.97119422797,2437.144293313688,37586.28017070086,29397.198977284846,,3,7,6,23,0,3,1
L02301,86038.95235445836,1271.1799562980045,24270.630531441497,13192.921186233227,4416.435552794799,2,5,2,20,2,4,1
L02129,79307.62630882488,1954.758859993437,33729.67699164266,37760.29867192487,17962.124305832487,1,5,19,13,0,3,0
L00652,87531.30059095514,1866.389935050008,24349.281250881155,42827.18486634229,35628.89819678177,0,8,9,2,1,4,0
L04939,84653.66285539883,789.6296505061418,14519.281956783325,37340.15818164942,30364.323557451673,1,5,17,16,2,2,1
L03435,110448.69440893763,1569.479790061987,9334.611710550284,34120.095628184274,15118.622759415739,1,5,14,9,0,0,0
L01277,111386.59079963388,2528.172626931796,40892.82454250252,37512.38641506997,27135.661515790267,1,9,18,21,0,0,0
L04496,98547.54175610979,832.451736832753,2000.0,27973.163380734244,26731.698148202522,1,9,17,21,1,5,1
L01438,97146.91152039985,1575.0687660283543,34762.63987873554,18278.128370846975,18278.128370846975,1,3,14,12,0,2,0
L00881,115538.64851747244,200.0,13492.172513718466,29194.174617992925,18945.146328422234,5,6,1,9,0,1,1
L04090,57252.76070894377,1337.9725887846298,16383.394430745739,5000.0,5000.0,1,7,2,12,0,5,1
L02536,59098.20171524187,939.410681246711,6666.079110812696,39920.04140010813,39920.04140010813,1,10,13,6,0,3,0
L00325,44879.65237000596,1958.7148137419895,23822.8022353787,33021.318562463784,15031.009528474016,2,8,13,16,1,5,1
L04797,74723.69583123877,1758.7926449968577,32018.70413541088,32021.863106465964,19970.186001613,0,9,11,7,0,4,0
L00214,78027.82502611596,2119.4540813753047,20878.735563886552,54089.79835348683,16314.230932598633,3,10,2,13,1,4,1
L02882,22585.996947298678,1608.9979183492526,2000.0,41273.32362290001,22816.959138273534,2,9,4,24,0,4,1
L04430,55343.448183861634,3421.453692833914,32437.76956401755,13781.731080072168,13781.731080072168,0,3,10,7,0,0,0
L02198,65382.95554831504,1716.5132404495307,23739.235119751524,64121.1570318032,19973.219124418676,0,3,7,13,4,0,0
L01936,34940.59343209694,2184.486874677878,24611.845412796287,23499.75036888006,23499.75036888006,0,6,15,3,0,5,0
L01605,55345.12955635935,1752.2765504062468,16557.255670754617,70540.64249260168,24353.581270481474,1,10,13,18,1,3,0
L00715,,2115.6639883873754,19548.275781486143,53614.17716570153,18417.698634891138,1,10,16,23,0,2,0
L00342,69873.74422983825,2142.2515161223228,2000.0,29629.977082558355,22972.87094759973,4,7,17,17,1,1,1
L02468,65758.75670895205,1506.2103993605713,26218.27286160877,26419.957487277214,17021.258767138363,5,3,18,3,0,4,1
L03198,27336.995838828327,3461.8747516559624,28184.623923882187,36664.08773380516,14020.545353758665,3,7,6,22,0,3,1
L03004,102753.7531468038,2371.78538201416,12801.018295538464,31144.574622920038,29769.828076619568,1,4,16,19,2,1,1
L02113,65818.38350791442,2851.2599852196836,17438.31652519941,35723.56726257493,22756.635817352304,1,2,6,2,2,1,0
L04572,59016.36455145131,1351.1286952152022,8434.54947713461,33593.34176901052,33593.34176901052,1,4,6,2,4,5,1
L00922,44469.694011778796,1929.0396341301562,8383.249695363691,31743.22190966182,26727.269777566897,5,7,14,13,2,1,1
L00489,98742.83270145129,1230.8302447330361,12142.669665725256,43992.6679780627,,0,7,14,12,1,2,0
L00510,48380.997671779245,1686.5939567779692,10689.313700650288,52308.65217503421,3401.3214974220973,0,7,5,14,1,3,0
L02515,62490.914799941995,858.2188660390317,20427.636079714477,24608.978758882637,24608.978758882637,1,9,4,18,1,5,1
L01274,58671.83100610396,934.4685050294936,29834.656483247345,19949.168737800668,15793.806575439783,3,11,17,6,1,1,1
L02403,54066.39830825469,1712.1087015184514,19997.83333508344,60514.76955903959,28693.97175078791,1,5,3,11,1,5,1
L01270,89721.86350420874,2195.1819057645157,34364.895121841764,25042.846798214705,25042.846798214705,1,9,7,5,0,4,1
L01862,81216.16546319565,3277.1167364793982,11847.076257501842,53479.41800095728,30303.166954736713,2,8,4,8,1,3,1
L01405,84920.95371611633,2217.1595192476234,25800.67440573832,54827.89156971163,13675.558079360213,0,10,7,13,0,4,0
L02649,65312.36667899206,1002.2173700489791,4048.7080338013147,58692.474968169176,11249.553055720293,1,10,19,4,0,2,0
L02689,80135.77359973964,1612.8817596371248,33722.749596080685,8795.760741363225,6660.333690121086,2,5,16,10,4,4,1
L02928,69294.26366341053,1913.5839310992042,25731.223970910094,26370.215771268122,23706.139719478557,0,7,15,5,0,5,0
L01265,68387.21648072156,1319.6914457031153,25162.737802597137,48492.66086155259,,1,3,11,12,2,2,0
L03085,61283.08495614505,632.9932859754451,20747.13377230562,46430.91989941102,21311.527053774716,2,5,16,11,2,4,1
L01532,29631.21268874297,2168.033859088373,25963.19682007863,59229.67543565029,14485.67187603598,3,5,17,18,1,0,0
L03032,51835.03175332303,3001.5623721508764,16274.139518734728,13877.62515078856,13877.62515078856,2,9,4,18,0,0,0
L04996,64020.69938283099,2840.881650419274,12903.479741669616,45817.410130134376,13943.316182414876,1,9,9,6,2,4,1
L02000,50101.94710387102,2119.0110115398516,12536.861772522036,44424.02102665204,23536.795955057045,3,6,16,5,0,3,1
L02030,55167.276287359055,2058.0037282319236,31492.63174282309,47066.2060614533,18779.403046309766,2,11,14,21,0,2,0
L00546,49062.094890590466,463.06418200474786,26484.132494791094,34679.79460103863,22664.460756186425,1,7,16,18,0,4,0
L03092,80194.24590968336,2476.894775436747,23535.28457250351,29864.229963767022,29436.000527945995,0,8,15,18,0,0,0
L04216,,2761.799202688937,18067.635908371547,34024.92065966871,16764.70938438799,1,9,9,10,1,3,0
L04032,36675.45888414709,1608.3553128503204,27018.52049359891,78419.46665156659,14743.396827561464,0,2,12,13,1,1,0
L04605,43157.16813142534,2485.7267107386306,2000.0,38047.06700792857,19026.49005709404,2,4,13,19,1,3,1
L03283,21952.32910781639,2445.34112173149,23215.030098189345,30994.6495860464,30994.6495860464,0,4,3,7,0,3,0
L02276,43283.49742229629,1236.8669396675646,32270.703006441392,28578.16664854224,21936.282509182634,3,7,12,4,1,0,1
L02865,73172.14615403535,1432.8985239800024,20094.748103799626,21850.524569992358,21506.858578838608,4,8,12,3,0,3,1
L01425,44103.81611957933,1359.5303463994346,10465.174691113563,41471.20675419691,19597.557253078143,1,6,11,4,0,0,0
L04474,75884.40704680694,1393.8446972882316,20354.8546820383,46226.08764548626,34999.400925363116,3,5,12,24,0,2,1
L00890,87174.07161165815,1519.3774355187566,28467.439354186445,65070.31126139692,27860.963201043753,0,7,16,2,0,3,0
L04140,65084.59717988303,2437.072015799066,25469.60296884481,75878.10084185927,18718.30829733506,0,10,19,14,0,3,0
L03767,45492.679454435,2612.5023071955766,14331.304748820883,32576.321900502262,15610.492295011794,0,5,3,5,0,1,0
L03319,87437.15712460942,1139.7664313353084,20587.58178931468,28127.985362307198,24944.664883523732,3,7,7,14,0,2,1
L03145,73645.2590126831,2667.6004242327404,16003.504885490682,78840.84576083574,24495.250881602115,0,6,11,23,0,4,0
L03693,89363.89423508511,2224.2953511990395,39997.38291727098,51636.480779240876,29279.735374200438,2,2,10,5,1,1,0
L02214,55958.1933433384,1474.420506901303,34306.45804178011,49795.11907464856,6778.8205855626,1,4,4,24,1,2,0
L00548,60939.092279140146,2175.182462518774,31035.206838035017,39863.758088564704,20584.770684681393,2,10,9,6,0,1,0
L01689,70665.75743092284,395.649682151432,18955.419788517705,45412.909143485216,13066.700953981184,0,4,7,13,2,1,0
L01574,37868.3639075319,1424.1884285302906,22217.130184848425,30585.059559599555,22577.297412110525,1,2,16,10,2,1,1
L01835,52751.25250719124,2108.7760740551007,7560.710775077729,49410.97728432011,13760.857981550871,2,10,14,20,1,1,0
L04281,106863.9586441989,2714.85283594289,6156.724221516028,60673.447700052246,,2,4,15,14,0,1,0
L00234,51967.99304788366,1594.4438999025747,10959.743665276146,33946.09994519635,1000.0,1,8,10,5,4,1,1
L04347,64052.58594911128,2064.693622725081,15161.397966535635,56684.024395526605,10231.758741246858,1,7,12,11,0,1,0
L00394,101629.17531708707,1919.4735288479044,18407.146956935834,34729.975968164326,26025.35365586866,0,4,12,6,1,5,1
L01535,55679.26996263515,1251.4600659278958,31713.442845414815,22362.83529491203,22362.83529491203,0,6,2,9,1,1,0
L01970,,2461.1226538644196,2000.0,48177.113192658115,16898.55004989321,0,2,8,20,0,2,0
L01985,84062.50090752174,796.671210403517,28427.171526314836,27321.548418447193,27321.548418447193,3,6,17,16,0,4,1
L03551,54370.9089728157,736.7938902212413,29903.490086922888,51572.83796314179,15413.67602698272,0,9,19,23,1,4,0
L01878,60815.562525109446,1213.2143466573766,18946.90846481435,26734.296769566936,26579.12631592761,1,9,18,15,2,3,1
L00128,53674.04540794456,1788.583717640489,2000.0,43997.82474967301,20415.890675584338,2,6,16,24,2,5,1
L02610,,1760.9361312530375,25100.688238751503,43372.25105037212,30349.381631639328,1,9,1,5,3,3,1
L04109,60992.94844411672,3025.9043060700974,33389.106114800474,69319.93815193734,15865.971017098887,2,9,18,2,1,5,1
L01836,72230.07050412204,858.6840448799576,22192.90880373943,43251.8691640674,11779.974798850919,1,2,10,6,2,5,1
L03202,73508.89728368344,2789.465972901813,36606.80332129137,40185.85114291011,18730.70799928528,2,5,18,7,0,4,1
L01259,50899.76288483183,997.2488772003973,17403.947012425197,55405.06617681485,17425.694758891535,2,9,2,6,0,0,0
L00630,86883.83036941897,2093.4512346283536,40105.22478420993,46479.94845054415,10518.760535674575,1,8,12,6,1,0,0
L03553,71934.1995520984,2221.5851130910023,16753.312194346356,35533.96526678153,2532.7063348390802,0,11,15,18,2,0,0
L03127,26812.87824985414,2503.211323645606,32531.21452523803,34432.120731077106,26695.87690898178,0,5,18,13,4,5,1
L02557,20000.0,2851.025741257446,22080.66759411136,45893.61038521587,33743.116206542385,1,10,4,5,2,2,1
L01691,76733.8760295055,2178.5163626142294,16282.641772506664,33359.24395701737,,3,4,1,20,3,5,1
L00645,60085.138718281116,2408.404895667314,14122.77566734481,46980.76115228763,31722.515129848412,3,10,19,7,0,4,1
L00175,70533.81598660038,2239.746549032208,15388.628878090276,73049.64722886636,22295.873969757016,0,6,7,15,1,4,0
L01533,71463.35428369563,3032.352991821339,15697.67926353561,38682.874725477195,22262.26281424609,1,5,6,7,3,3,1
L01859,70773.87258559714,1305.4716410530982,18079.522173328853,35612.25709675987,8236.18145484487,1,9,4,14,0,0,0
L03709,73481.33723036903,2931.872530260444,10233.018142290935,23728.65348761779,12615.852951971217,3,3,3,9,0,3,1
L04110,69636.84184269696,2136.4293647232553,2000.0,21333.45928376957,21333.45928376957,1,9,13,6,0,0,0
L01121,,1708.4221025609097,26133.72029130396,54237.49105357241,31104.972790915766,2,2,18,5,1,0,0
L04892,,2532.6590252780834,4038.022446654486,6910.972301284324,6910.972301284324,0,7,7,18,0,5,0
L03240,83758.3107502131,1028.0853598508925,24559.443770783466,34307.81115982384,34307.81115982384,0,2,10,5,1,2,0
L02869,75696.3467269182,875.6385649458723,26945.224920487726,21271.274663503533,,2,10,3,4,0,1,0
L02890,72659.77969481857,,15609.34667167984,63165.00230456852,25013.366271808627,0,8,17,23,1,4,0
L00431,41334.829746684496,1251.160194371856,17775.041045675658,30184.871934173447,12392.661532229893,2,4,12,2,1,0,0
L00139,81270.3443473934,1246.1193806129645,32179.570524293595,44589.40036656755,15218.532772937215,1,4,13,2,0,0,0
L02002,62109.62658568964,,3210.1905524617287,42732.02306516765,18732.107483340587,2,11,17,11,0,3,0
L01678,95426.32103844902,1082.1975950709946,18348.670622042155,32603.508085355592,8064.084359659822,0,6,19,16,2,4,0
L04629,86921.39814954797,1109.4482302665374,14587.446324905168,26782.7040648061,26134.432666501503,0,9,9,2,0,0,0
L01269,50289.40114820467,2573.7424979511597,32945.62454613796,35549.968949882925,33058.610861868125,3,9,1,22,0,1,1
L02537,,1454.8354843520922,29032.182548567438,52539.54886408415,6313.289314799422,1,10,16,22,1,3,0
L02604,41206.666818192774,1120.716119207821,18531.360120753896,39331.82703632817,20387.38609191707,3,5,3,11,2,2,1
L01010,54295.29576878864,1130.3278931079683,21214.092040311807,41657.031338292036,40305.45723224203,2,2,17,7,1,2,1
L04636,20000.0,674.6244539523536,21486.050728074762,65140.32188139895,4422.82883470362,0,11,10,3,2,5,0
L00438,37397.970835702174,2747.1899545575116,18507.381146520383,67219.73750984616,7173.0337738963335,2,3,18,15,1,4,1
L02457,,1072.2481692733325,30747.39621580257,18674.964279114516,17766.656305658977,1,9,6,16,2,1,1
L03412,56938.480218699384,2605.128832021244,26182.15078266197,48991.61522959388,14703.698872982972,1,4,11,8,0,0,0
L02913,50380.87448569053,1630.3282640636594,39413.836552867055,36529.36063764941,,0,8,10,14,1,3,0
L01755,75224.05199049962,246.7457595038229,16006.44294947003,54348.24192680903,36534.401088258426,2,6,17,12,0,2,0
L01246,,2198.230647534222,21206.238599796878,52780.22552362742,15517.127357546779,0,10,7,2,0,0,0
L00501,83523.55095063282,2362.514033776003,37413.21144801321,38701.80758979096,9007.514424334853,1,10,17,9,3,1,1
L01329,40806.10514317785,2913.631001269673,14032.187673308246,35786.96131303512,1000.0,4,8,6,9,4,5,1
L04946,85801.23639805152,374.307934412137,39151.1821817878,35098.83115088362,22943.330451365102,1,9,11,18,2,0,0
L03177,35664.29618768646,3080.0782774563827,19997.461731872245,71674.1982762696,22523.659241830737,0,10,10,21,3,4,1
L02008,,2882.7629180969625,21645.92560954649,43709.32188441609,28488.738302850477,1,3,18,22,1,4,1
L03526,41522.40071182055,955.7406731260323,29069.550099205426,23006.757799685904,23006.757799685904,2,2,5,12,2,5,1
L03312,73989.47825664614,3958.66306874967,31079.797578051337,40264.62713102529,27892.22499060473,0,8,2,22,0,4,0
L03556,64354.38777901059,1945.0031586760401,17822.448750791835,44508.80386958697,14492.991180327434,0,5,4,22,0,4,0
L00063,42873.300519879434,1531.8047345055786,30855.770816950448,48472.96198233938,12525.75754009564,2,6,19,22,0,1,0
L03402,76395.20714397293,,12222.455989579516,13970.339446108428,13530.571804118335,2,5,7,11,0,5,1
L02145,60535.954907303894,2047.7814233088018,18474.069029355927,28139.89540116108,21101.07585756329,1,3,17,18,0,1,0
L03039,45745.34869430776,,29018.82252059294,53931.51302613662,11027.068185757802,0,5,6,5,0,3,0
L04165,56344.522328232226,,11572.249432435809,6583.0066399512725,6583.0066399512725,1,11,4,9,1,5,1
L02703,105245.40891401531,,11919.86776829322,59025.37917244101,33740.565511599816,4,4,16,2,1,0,1
L00848,114106.00279821789,1004.5159474953012,34950.07149938418,63543.76099421618,10092.864786119057,1,6,7,18,1,1,0
L01505,61596.307549501435,2652.301017807682,40628.69121400177,47981.74201279572,19539.91171287388,7,3,9,7,3,5,1
L00298,71145.99041753219,2407.0595329308876,37745.86357762342,41446.455692927564,40712.55454154862,1,9,16,22,1,5,1
L03321,68922.62918047815,200.0,14557.566330444288,42633.13365752722,32981.63151443904,0,9,12,11,0,5,0
L02334,57859.41598386781,2916.3472657593484,28706.87170726233,43657.40389925147,20057.212810991223,0,6,17,19,0,3,0
L01773,52547.01276531096,200.0,27790.615726946708,10493.581556407691,,2,3,19,12,1,3,1
L02281,,1180.0297407488122,42565.85820707596,43682.922580842525,28362.30976410867,0,7,5,14,0,3,0
L01047,78046.4575682684,1801.5814758046486,36554.013377261916,26373.034937158347,19477.028624289935,0,5,14,5,2,5,1
L00673,58146.24811839302,1287.1085918202841,13272.150464723574,26637.52479803827,14615.001130056591,1,9,16,5,1,1,0
L04133,,1995.2787548019091,35592.9142433651,50063.08291752898,18352.69771241037,1,2,2,14,2,4,1
L02660,76065.02439969567,1128.3779535858741,28163.942905303593,54312.46771286386,6648.533883391414,2,8,18,12,0,2,0
L04733,44077.57829874991,2815.690610079874,21621.071682053105,38024.49619210135,10507.865192433175,1,11,19,22,0,4,0
L01560,59577.527979148625,2921.6074607352975,10839.35823928105,23550.624337790232,20579.746966156636,2,8,15,21,0,4,1
L01427,106124.14259880644,1148.481450042941,2000.0,33523.73237453309,20736.388929402397,0,3,12,19,1,2,0
L01401,44061.78034636121,2064.091032376755,20408.50528462272,37270.81842486372,21210.092431988116,2,3,11,2,2,1,1
L02417,76029.52550479046,2425.621910059302,16605.702062215816,49964.128063856886,24122.539740346845,3,10,9,24,0,4,1
L04791,59687.90879427789,2458.145941259315,24495.924760743834,53402.09341638985,29537.502593951387,2,6,11,22,1,3,1
L01951,29539.35063586237,734.0413216843472,34740.63583516149,59956.77507343475,18144.964709638094,2,3,19,4,0,3,0
L04674,43897.84649039101,519.0550409507416,13669.917441605601,29316.984627240585,14842.159324801,1,9,14,22,0,4,0
L03641,55061.359497640435,,19065.685976866873,50965.562880783036,22760.790055481546,1,6,10,17,0,1,0
L00326,40716.227744245356,1792.654117291889,8858.004703768907,31579.648937140795,25449.29188178994,2,8,13,17,1,0,0
L04215,65909.82952661504,1306.1714344968902,29156.090679730907,47956.35195962857,19192.750616870577,0,10,3,17,1,5,0
L04158,55451.78587614399,2259.0136879215206,29422.885075783037,32168.04720661378,19635.007225538346,2,8,3,23,1,0,0
L02395,63331.24060419278,1835.2500539252794,15041.903893738345,36821.34109783779,26424.00422547114,1,2,7,16,0,1,0
L03129,66453.61048658683,,8682.525156018237,42169.41450684315,,1,7,7,5,0,3,0
L01432,81314.74425078594,200.0,25476.735422449994,62153.830333220496,18863.730654807703,1,5,15,17,0,0,0
L01875,91206.17492239217,722.1968659349207,18435.728794749215,6548.046206280793,6548.046206280793,0,7,16,6,2,5,1
L00054,77233.52577681736,1582.948017545362,11041.60836996042,36626.20690666973,5903.20705340351,1,6,3,13,0,3,0
L01296,63022.20693617715,2342.982455423535,9701.168847134593,61804.51226312421,25159.062303140283,1,6,9,13,0,3,0
L01994,79166.07694402128,2658.8975551260573,12530.172343826518,44990.579415612745,10052.827259640802,0,11,5,9,2,1,0
L00200,42140.59404338754,2540.537767602177,25070.03060005362,58490.92513102427,14883.06128088288,2,11,4,7,2,1,1
L04351,24275.58994288127,2059.8252752880917,33959.41907435307,38043.77759774333,18348.45876971625,1,9,12,14,1,2,0
L00222,27654.696148165036,1810.7602916954345,20014.308131190395,59286.38554765849,17604.505431151618,1,8,14,14,2,1,0
L02102,46958.96891284979,1698.0745020880322,12813.835414769674,39566.47714753209,13984.884852301408,0,4,9,12,0,5,0
L02606,61309.49284688301,1214.9963449496345,25651.810403026462,37555.65533791239,,3,9,10,5,0,5,1
L04411,51633.09610306397,1772.0467996330938,25094.161851420504,55190.38306826404,29336.566014288976,0,8,7,16,1,0,0
L00364,73034.23444197883,1057.9573353506175,9574.991630806127,54494.181088520076,16726.72559478564,0,9,17,12,1,3,0
L03018,20000.0,1207.8141979610332,32751.034538089392,12377.579359953124,12377.579359953124,1,3,8,6,1,0,0
L01253,25125.28714857089,3910.3054018081602,13405.402765519832,43709.34999361378,39220.36939606547,0,5,14,13,0,2,0
L01119,69021.98093429935,2241.571407465462,32929.591108966684,30822.567748901456,9847.457266537185,1,4,12,12,1,5,1
L00296,51141.80809478692,1664.7018514857468,19287.034368523593,41535.73297521479,13691.449612875806,1,10,10,3,0,4,0
L01461,62230.880320324526,1495.3892769105564,27884.361802403073,36396.8669349622,18953.439352208985,3,10,19,14,0,1,0
L01910,67858.86189527414,1087.5449515271885,21467.87563727017,84697.81775105721,,0,8,8,17,1,3,0
L04117,60146.02504349437,3090.3825364744434,27436.54128280607,38699.587696219336,,2,11,6,21,1,0,0
L00299,81257.2423767792,2357.0582896642586,32864.801228903816,5509.634556444078,5509.634556444078,1,10,16,6,0,2,0
L04359,76828.8430350371,1483.962518264346,15509.23666433361,29308.33172758609,8333.078040607335,1,8,16,7,0,0,0
L00414,90553.53643797018,2500.9391453544604,16723.462238216627,42934.60792468474,6906.060545667227,0,6,6,16,0,1,0
L04817,91408.28019567668,1891.4470024473983,3384.866393407996,43154.26845842842,19743.247396455132,2,2,8,3,0,0,0
L03152,57615.855991051074,1364.5630829485665,24522.130033628633,47711.99049989679,12087.728233530153,1,9,10,21,0,4,0
L04571,53071.77184062241,1499.213136518507,19794.374655910106,40555.21566244213,31900.045731143437,1,11,6,3,1,0,0
L02037,72848.31934357533,542.8640013293598,19380.549935756462,43638.939057301905,22195.71356141077,1,7,10,19,0,2,0
L04680,70026.33296476206,1794.3496763593362,11489.580497133064,71760.59224630514,22214.170617242613,0,11,8,14,0,4,0
L04888,97190.41331551946,1531.587334373547,10845.799964697939,22277.038700047666,20695.333298962258,1,3,2,17,1,5,1
L03548,94330.81718557206,2743.074755220515,32383.860371596325,63538.61771927063,10008.281571540056,2,9,1,24,0,0,0
L01676,58553.5906157732,2421.549362345213,13998.24701335896,35149.69495841927,17788.672083835787,1,8,12,18,0,4,0
L03520,20663.623212918712,2703.0779900395114,16306.388079091317,45179.05764418433,37013.25106456654,0,10,1,24,1,1,0
L00095,57157.83693735685,1707.9122448614087,20863.4315750096,45166.6741652587,25995.112411642498,1,3,19,7,1,4,1
L02943,77809.59590401647,644.8595623409944,13351.038875715773,32628.843749656564,31818.964527719356,1,8,5,5,2,4,1
L04933,95689.6420358903,2325.5189650557177,21145.811671669337,32126.47055696502,,0,4,2,15,0,4,0
L03295,40859.56704285569,2505.917671831984,36399.540414286304,38961.70888087723,18319.931935504326,3,10,13,7,1,3,1
L00250,73099.63421921911,2139.1115859551887,22061.314504352267,29115.738151550693,14935.975817256662,1,9,12,18,0,4,0
L02232,80812.51198325538,3150.038444189435,27433.39596999048,59779.11742267067,16767.430469513925,2,9,11,14,3,0,1
L04964,71180.94886065308,1612.3939718832871,21620.853218672302,29072.066856677735,18568.7360252866,0,5,6,17,1,0,0
L03101,50862.14864025302,200.0,24638.88494350022,26402.383286008444,26402.383286008444,0,5,7,9,0,2,0
L01631,74694.6563458895,545.4845492639595,36939.281436421974,44347.16793349929,,1,8,12,16,3,0,1
L01397,38057.47420940607,1893.464139337747,23183.502011234363,16845.54217189473,1000.0,1,10,12,24,0,0,0
L01664,52843.56025811135,200.0,15715.573108446537,55582.5956797314,21555.75112758557,0,8,2,23,1,0,0
L04860,62169.484932661035,3443.27395314878,21842.22311100329,35352.21662964253,29526.8675490817,1,6,4,17,1,4,1
L03993,25490.24457565725,1676.2802347513332,27953.232878926643,46152.27351570391,31142.180702793143,2,9,13,18,1,1,0
L04867,68818.33048287421,2057.2676322982047,32237.023365900986,38242.16448903192,15835.372645391679,0,5,15,22,0,5,0
L02546,73659.19650721393,2176.4078779028455,14418.361805000717,22079.747979751723,15281.553788444951,2,4,6,21,2,1,1
L00058,58815.75248297571,1815.5666044151064,5180.3121601458915,8875.604786570453,8875.604786570453,0,7,6,3,3,2,1
L03652,,2249.1781038609065,39533.75198724316,30000.710837579165,,1,6,7,12,0,1,0
L00608,40106.90593377166,1497.1362054294766,20908.069054994474,52951.21107342416,17215.35286281615,0,5,11,2,1,1,0
L02207,94682.3205707193,2024.9843937748833,30329.454428250414,64541.57665894479,27339.07881864624,2,6,18,23,1,3,1
L04429,67049.69284316416,216.78504520823026,14374.185705029522,9890.441504870454,1000.0,0,10,9,5,1,0,0
L02480,78858.37246063222,1517.3886916494735,4217.9727243415255,30758.497701410743,1381.8074047827904,0,9,7,5,1,4,0
L01065,57751.18117193736,1944.0568301567853,34710.3009943114,56365.41863787216,20803.7940020917,4,4,6,11,0,0,0
L02846,43053.94944734312,2972.1684027851047,22366.03656563079,53151.39983731396,,1,2,12,19,0,4,0
L02864,78627.19020885896,1285.7788936800416,7454.385947552755,33696.03953261757,24736.49777413474,2,3,18,3,0,0,0
L04926,54975.31784419574,1383.2856768769893,19158.604453110325,51200.27284142019,21530.34597067623,1,8,13,15,2,1,0
L02195,68794.12335220791,2397.955977141645,29076.78244027243,24914.573690227102,14613.073185318732,0,10,11,18,0,4,0
L00960,73954.1712003463,3443.0549520692766,23334.994190613714,29968.326418283163,,1,11,2,21,1,1,0
L03939,58011.21345566088,2181.1441333737,34083.23285947233,59323.157065991254,16345.822788997784,1,5,1,3,1,5,1
L03820,41319.388835548816,2013.980311118449,23700.102189802095,28027.211591545507,14751.708785610248,0,4,15,5,0,0,0
L01941,71161.01079008204,1456.8154261020643,31845.928948957968,37118.42979055486,24647.952694439657,0,11,19,20,2,4,1
L00677,42788.483090683425,1943.6978181055388,33026.920460743786,34677.23902972277,14301.020805878941,2,7,15,22,1,1,0
L00383,22522.08551380386,1072.9842633536214,12781.763436797863,13083.346223666478,1000.0,0,6,3,3,1,3,0
L01128,49914.48299961284,2998.4781067902277,11140.368292582936,57121.818674819064,11582.65931005899,1,11,11,17,1,1,0
L01197,64607.24402146637,655.3350387002627,2871.4864665217065,36876.659355808704,3119.7815540312477,0,5,13,5,0,5,0
L00259,73876.38856292456,498.39606330660104,17642.891676152627,22798.25352060176,22798.25352060176,1,11,13,20,1,1,0
L04254,43167.49655681795,748.0970684764704,30479.28753355282,35827.98492565274,22744.82907628421,1,3,6,10,0,4,0
L00683,54509.59467440453,994.4581112438847,20203.696272744848,50224.90977096159,22673.91300797406,2,11,5,4,0,3,0
L00370,49539.80432289067,3071.1522627552663,39648.25883791736,21762.340257619475,21762.340257619475,1,6,12,17,0,1,0
L03902,62398.7941289276,1971.3351529053998,19738.247123192392,45557.530162421375,27152.23268081752,1,11,17,14,0,3,0
L01187,45350.252129233806,2133.441259586491,32033.658927291457,37165.28133231064,32631.89123018033,1,3,17,23,1,3,1
L03684,89584.295685941,2464.9688825598046,30652.71157294546,45935.462599120074,13925.907523238646,1,7,17,19,1,5,1
L02593,64143.5323737685,1195.6008934928407,13771.323950020222,44359.99739669575,32254.210614586664,0,8,16,22,3,4,1
L01950,63972.12552823027,2362.0266511470845,9991.810001649596,40794.09202352202,10132.263818264732,2,8,5,3,1,1,0
L04920,90854.90579036414,1876.3696330866374,11891.185034103986,14523.596361439748,14523.596361439748,0,2,14,13,0,0,0
L01796,49960.61336522362,,16483.248619533217,40405.1583145286,1618.9243494116017,2,11,15,16,1,1,0
L02787,49600.078676050856,1884.946335552173,23980.5692588515,44279.22926751241,17589.025510121093,1,2,10,23,1,3,0
L01145,61538.56351432261,2272.595468408261,33851.630314393406,60141.65446634505,28476.378150694272,2,4,18,7,0,2,0
L02766,81406.88025224912,1775.7895539224114,28193.492954346984,29178.388752546918,7437.139585930745,1,7,1,15,0,3,0
L03250,27841.970972034258,2341.2059811519803,6309.009753067754,32441.039800579907,9929.691351474741,3,9,4,13,0,2,0
L03671,85589.14963196714,2696.7492099249966,39831.14519992506,50998.23756432391,14610.878333893921,2,9,1,13,0,0,0
L01174,63748.13744200955,743.6052452759748,18752.58064918026,28308.156981216518,24784.096833437765,1,11,6,4,1,4,1
L02764,52368.44541669337,2285.8312120813544,22767.328593929567,62389.14921196053,39743.73155089295,0,4,8,19,0,2,0
L00950,69866.78898645383,604.1950828402846,44331.159171321764,67882.03953370772,33880.88236640302,1,7,4,16,0,2,0
L00895,92643.17982075055,2160.7701078211817,18639.333034942596,28299.35262775072,20666.697554137852,0,6,16,15,2,0,0
L00329,77482.3963410431,2180.470748742866,27161.630229264694,40597.96311237379,,2,2,7,24,1,5,1
L03285,33770.13555116281,996.7362936359781,18012.982175168105,66329.66605949958,35293.30653691702,3,4,5,18,2,4,1
L01304,49885.096810143106,2702.149035613143,2000.0,35213.55948623465,14554.71883065304,2,10,15,15,1,2,0
L03103,,1415.5404694380204,23108.363786922222,60174.39499261223,32368.487073541408,1,7,15,10,1,1,0
L03740,38039.05776119666,614.082570403385,3310.2592417312335,40654.60198698607,24156.71974096576,1,10,13,11,2,5,1
L02728,91829.51831061763,507.3228232265344,18943.6794521432,51266.358145054495,17876.88552019584,0,10,3,16,0,2,0
L01450,65425.43153472123,2068.7745387524615,5269.159874942601,56314.10477798431,16984.86355461305,2,11,11,11,1,2,0
L03889,67860.97539757905,1745.3710337885675,16177.329374912228,34895.95483068745,,1,4,18,20,2,2,0
L03413,104831.06604409468,953.7307051118125,27673.304769866296,56486.09593830949,11479.468623575,1,7,13,17,1,5,1
L02551,,2073.6848317203344,27080.877144207865,40591.93298955896,17327.87976305354,1,3,8,24,1,3,0
L01330,76998.57459992409,1888.9035002372098,17416.016367872064,62484.376940012975,10609.367500603008,4,5,6,7,1,1,1
L02132,65392.3331538798,1652.358846251244,25132.416936936163,66841.5806661606,7353.527277134879,1,2,11,5,1,4,0
L03964,80376.79351937794,1617.2219649523677,22811.438318496203,14805.467534400552,14805.467534400552,1,6,18,8,2,3,1
L04869,67938.70596773375,2103.75974193369,30549.446510561495,54303.924259937754,22339.149163733895,1,4,6,15,0,2,0
L03864,60687.80842863955,474.2851318941564,23112.685191674893,49950.745732710784,23578.21062519898,4,8,17,16,1,0,1
L02068,62314.41675627392,1635.3864050582624,18629.736253186235,43224.76804499127,1000.0,0,11,2,14,0,0,0
L03292,20000.0,3568.5517808126115,31167.064725890188,40066.57783914721,29077.25519708699,1,10,5,24,0,0,0
L02905,34656.52606656642,2690.1074441626415,5717.459522848256,46515.65383042552,11250.349833198301,2,6,2,24,0,3,0
L00527,32449.151242336746,2694.9058673233694,16369.189229476264,38453.07906472937,38453.07906472937,2,7,9,12,0,2,1
L01148,36198.982348114114,1502.5767907812092,25424.508791769014,61474.53980406954,1895.771182696386,3,8,6,13,0,2,0
L04576,60569.26804832523,1123.5582589163091,23825.878042143362,46395.51728460335,17356.50581136235,0,4,9,14,0,1,0
L01876,92913.67621579912,1080.9601518049299,6748.145633378021,36042.57654399051,,3,4,10,15,1,2,1
L03411,51501.31962418895,1682.815463417471,14534.36647730089,56387.88122017629,27317.18475862132,1,10,14,8,0,1,0
L04968,87384.89835128191,1791.835519687254,48980.404568174265,42375.87933628703,26638.03578706365,2,6,16,23,1,0,0
L00870,105204.090775327,1490.7667072817922,27951.311859137684,47855.27112068747,17375.031395392452,1,11,1,14,1,5,1
L02778,60170.051082584425,984.9040343466119,34688.07656316957,37436.34919787885,,0,7,7,14,2,2,0
L01021,75456.70976070999,1999.5607567440577,27546.387081318073,40267.82952223262,12158.372578066803,3,5,13,20,1,4,1
L01377,51618.54522680167,2086.1290933048713,21916.39212728543,64519.082676418024,8648.39870314175,0,4,13,7,1,5,0
L04558,72203.28367891534,2387.1603826913906,35160.99451850481,50035.67113705798,23497.296820763662,0,5,10,15,0,4,0
L01317,43697.72673849255,3659.7591314587344,31067.842666754295,45993.20261523559,29314.69519553989,2,7,5,3,0,3,0
L04120,44203.86937946231,2901.8680236226737,13298.368422200978,39009.67021080957,27079.133390535048,2,7,12,7,0,2,0
L02314,74954.86178182789,242.7797709129086,8900.124882682323,43844.8697945328,12757.78686169071,1,8,10,8,1,1,0
L02193,105486.19246573705,1734.4844963420055,24608.66174721976,46401.85289887967,23022.705129545167,0,7,12,17,0,4,0
L02847,53222.66346522608,1086.7652081163963,40142.52827700275,30691.88686831509,13904.255602268717,0,2,5,21,0,1,0
L03948,73563.72495621152,1947.8616268973233,28951.66017618256,39441.732120043394,18885.33917220584,1,8,9,15,1,4,1
L04654,77468.14276559831,3014.737624521744,7915.685096316392,40504.02561030334,24254.086294185847,2,10,3,7,1,5,1
L02734,47403.712929958914,1801.4358983024856,42403.46598906489,59688.2379151034,21179.501708925414,0,4,14,5,1,1,0
L04139,82826.07373739511,1311.1991007282968,2000.0,41685.06923098565,26429.313324226438,0,6,19,12,0,0,0
L01962,70711.08149715314,1985.6757103428297,22375.668587072523,46780.08052873672,16475.472964621425,3,4,13,17,1,1,1
L04494,55827.22727797831,2113.964814776416,28520.80237354908,42402.16247373062,1913.1943139142677,1,8,4,16,1,3,0
L02702,86819.60850371934,909.3641327082951,27055.38876903208,41596.531246469334,21697.564295368713,4,11,19,24,0,0,1
L04061,79998.00478847421,1718.317552886849,32835.4852332787,42177.23044255533,42177.23044255533,1,6,2,24,2,2,1
L03761,71441.64621533972,2577.1298861378878,41008.31815065745,44920.14576975108,7183.300833470123,1,4,19,22,0,5,0
L00083,94557.88089483032,1867.573429111958,24736.601192125017,40537.0390005376,1000.0,2,10,6,6,0,4,0
L02931,82383.09184993793,,14805.276156620626,22695.10972860147,15468.42106314065,1,5,18,7,0,3,0
L04086,60513.62058243791,1476.7237505340804,16862.002472919652,56563.94600891002,20629.97785578546,4,3,14,2,1,0,1
L00877,54647.77401927657,505.7595089477304,28672.189393045282,35780.59520995646,17431.100160751113,1,11,18,3,1,5,1
L02370,89716.23240013878,1395.6081956443911,28698.844902157412,7859.202304021805,7859.202304021805,0,11,19,15,1,2,0
L02836,59003.23607450239,1140.27972776745,11205.260804254547,44197.17781453533,13943.227872428219,1,10,3,2,1,2,0
L02875,64378.82134258196,,9267.872260866025,5000.0,5000.0,0,8,1,24,0,3,0
L00758,68696.72247389748,1534.8549029747978,20783.113143127306,54801.42426224234,18868.57463369024,1,7,12,8,0,5,0
L01716,63189.33435391678,2168.659892323092,5286.677323652279,37974.330972058386,20272.645076344746,0,4,17,22,0,0,0
L00239,51764.27070463224,1943.9314956371334,6942.521994358336,31737.137945070073,,2,9,9,9,0,4,1
L00875,64337.46054252406,2816.852260805627,36190.64413357521,54361.14767848285,37443.112524232725,2,3,14,6,0,4,1
L00551,66731.795749458,1021.7883865919993,15106.70931919928,13638.649443958675,,2,5,4,7,0,5,1
L00598,45424.72568435385,1578.6625826246836,30844.42437381738,5000.0,5000.0,2,6,14,7,1,3,1
L03576,70739.11708603418,2124.659269339051,20553.142392576567,38840.65749775926,18977.65790116988,2,9,19,17,3,5,1
L03206,51460.09723082937,1442.685562548315,8787.90768143871,19384.01127288807,12538.789874149645,4,10,4,14,0,2,1
L00517,75018.34375248762,2203.6654515819123,10716.584297342171,32845.36210068911,32845.36210068911,0,11,19,2,1,0,0
L03154,57503.55886756388,584.0857603048121,35065.54067734501,42282.005782961736,33769.337315886616,1,4,5,16,0,2,0
L04076,67262.80914106045,3034.245419015746,16952.845381648487,39375.887569444094,24173.99277536529,0,5,9,19,0,0,0
L00100,60308.25733249706,1854.4578153988969,16168.342827440436,20702.957596458815,20702.957596458815,4,4,19,19,1,1,1
L03181,84568.4422405607,200.0,24452.769322176075,30242.890008111746,15678.61886431224,3,6,16,15,0,1,0
L02808,48338.87885998483,3178.459774117,18789.20570540753,24835.04559885989,,1,2,10,18,1,5,1
L04093,62730.38708235718,,7087.721686095372,48645.34026420713,10296.516505863996,1,4,1,15,0,0,0
L00143,32850.33530877545,2627.104843939367,15850.558974839569,14154.30956063153,1000.0,0,11,14,10,1,0,0
L02316,73431.73221228912,3031.357760139926,29532.13446416157,44528.95952504532,19275.948526821026,1,10,12,9,1,2,0
L00615,113915.03959233653,1391.2086638434184,23817.8123258716,28398.77610077476,15496.055591845505,0,10,13,3,0,2,0
L00182,47856.848871674345,1442.9435878125241,24239.949689010486,10612.275868960343,,3,4,3,23,1,1,1
L01601,61342.0711779032,768.4155302322499,3440.667128115634,47100.11775077715,24047.475053155034,3,11,11,14,0,4,1
L04771,65303.658850808664,200.0,17988.268282526107,22388.43429435743,22388.43429435743,0,11,3,18,2,4,1
L03232,24483.842537772463,321.39317593726787,23694.030749120695,53657.38197915544,11419.129506544215,2,10,1,15,0,3,0
L04857,82414.93289176807,,20331.603323060794,35666.61378498929,25081.906548516807,2,10,6,8,0,1,0
L00241,49149.58523134599,1718.4042266912545,38857.01754034971,46204.39566571503,3567.30965429722,0,3,4,21,4,0,0
L00921,86472.63499719545,2801.8269295653117,38253.30309075195,41990.269286996154,27707.831479812558,0,8,19,16,0,5,0
L02854,69410.82854027733,2233.0570352066225,17394.339702404424,27937.93467758967,,0,6,13,14,0,0,0
L03579,48692.487433677576,,3603.6212743769684,60360.122435744255,12801.864490067295,0,6,17,16,1,1,0
L02222,52049.16388729682,200.0,20273.73646991522,55134.87215397472,21769.592497398335,0,11,7,7,0,2,0
L03682,57129.40288060543,1882.033151854018,25673.193878491966,50547.344746294264,18200.44450819625,3,3,1,5,2,2,1
L04331,78627.24653150611,2928.553856336716,25285.631151875154,44363.067859661285,44363.067859661285,0,10,7,19,0,0,0
L04577,41460.75774460064,511.7895049665599,19875.412749657306,57875.80453602544,25164.05948391149,1,3,6,7,2,5,1
L02688,,2234.4258234317217,20598.22070174656,26133.87147655003,14992.455813092965,0,3,18,11,1,4,0
L03858,76826.98483516801,1906.0781376208809,17861.89881378103,49374.0923547382,33119.92790392097,1,7,16,15,0,4,0
L01173,67084.02207903752,1494.8084681407258,10141.850889850548,30093.289479886254,25096.631077101232,0,8,9,13,0,4,0
L02017,59709.703173787784,1771.9228265723245,28184.072157441347,22862.771528223657,22862.771528223657,1,3,16,13,2,1,1
L03620,82892.94375147745,3067.595500125647,13809.47356881194,41483.308237827754,32635.130428331493,2,4,13,14,0,0,0
L03300,87746.29084729459,2626.12601329761,6977.34747659719,53534.886416955786,33266.216394999414,2,3,14,18,2,4,1
L03426,86278.81975121712,1773.9968855538484,31089.374968885997,41450.3605433023,22036.60422726178,0,9,17,15,1,1,0
L01500,76850.53898402366,1513.5364430565448,17659.666456764,55377.01906836372,9316.718288794285,0,9,12,13,2,3,0
L01557,,1713.4888076868665,26226.28617192566,62172.75903458503,24752.49929005834,0,10,12,17,0,1,0
L01394,67730.70662165475,1268.27912199835,2000.0,40167.52014259491,14007.255217348555,0,9,14,17,3,3,1
L00567,24237.50929644292,2670.168340926293,34891.31835437445,27264.64851876947,,2,11,10,14,0,0,0
L00341,48555.59208867137,956.9316037085235,17492.597226972484,57294.0126546216,1000.0,2,2,12,5,0,4,0
L01023,64512.90815478034,3793.747198880549,29631.42300709657,52362.28545183458,22967.72507084235,4,8,13,16,0,3,1
L01360,68667.19839558311,600.6550384338414,24922.654561557123,55139.424336697135,9521.336940110283,1,5,7,5,0,0,0
L04642,67572.34900809934,2099.2496705048347,24251.70932226936,10570.497239825261,10570.497239825261,1,8,7,17,1,4,1
L04582,45309.31899036064,672.6273615803893,2000.0,27855.333104445323,17946.82355197912,0,11,2,8,0,2,0
L03530,43973.80176721311,1443.394032162521,27666.07832835089,20517.946689222077,8223.57330125487,2,11,1,17,0,0,0
L04555,63412.23151188594,1455.6578409594272,16923.072298199084,19335.615159046592,19335.615159046592,1,4,1,11,1,2,1
L04821,61833.890439806724,2036.156294527069,7095.071342631065,26135.43747277995,1000.0,1,11,3,22,1,2,0
L00587,55812.782009195114,1284.5277863824126,30261.456160405156,35395.089311748976,1000.0,6,8,4,11,0,3,1
L01795,69263.93256475378,,35229.26160335532,53696.06208893289,8190.3638215298,0,4,12,18,0,1,0
L03851,54506.75185866394,3295.2532029426084,12887.199430970415,57433.91665856736,1000.0,0,8,18,18,1,4,0
L00857,48352.88853791542,200.0,25200.581914932445,31497.948218562735,23204.616215115824,1,3,18,17,2,3,1
L02769,54671.407122248565,2355.0587630872815,19565.935252048806,20018.065680536485,11062.547178823468,2,3,10,20,2,3,1
L03336,38157.4450302977,2110.5486365237866,34655.229214185405,32621.808177782994,12538.639793040955,0,3,17,3,0,1,0
L03744,68361.19611933641,2507.874066240927,9575.803261675883,49015.79402611155,35439.506047611445,1,3,1,11,0,5,1
L02560,83485.40279075659,1629.125406235966,7487.807837400644,22599.694270850672,17023.57464003504,2,10,18,6,2,2,1
L04042,80317.56558961229,,16130.417900237157,19201.599118285027,19201.599118285027,0,7,5,16,3,0,1
L02635,98999.1474915276,3281.632035850936,22239.463824492614,36952.65450499328,27202.61523552609,3,8,8,12,2,1,1
L00634,56462.3786010516,2038.7614511851518,6714.087037407138,39420.22346759012,26102.442577895195,1,6,12,7,0,3,0
L04044,70992.95375674697,339.47360346831374,14245.173513155867,38416.10561066982,18014.186766081762,1,3,7,17,0,2,0
L00838,45032.91918522418,2955.52975604407,15150.038498736074,68959.8738858439,9704.354077728272,2,3,2,21,0,4,0
L03612,67227.45203680104,2265.3786919764048,13824.18413222309,20190.375107052903,,4,11,9,12,1,3,1
L00079,66835.21553071005,2067.550811878817,25589.175837406594,13055.851498336968,13055.851498336968,1,11,10,5,1,2,1
L01325,66289.4882962024,1406.750448784856,26596.37318074816,34815.195150914966,12936.702933037079,1,2,10,4,1,0,0
L04263,80190.29774972216,2288.8567240884568,26586.00453877631,35509.092350016355,26390.20475468985,2,7,16,9,1,5,1
L00050,,1650.6568301492441,26337.476093485355,45911.89765651222,3820.893542099455,2,9,11,14,3,4,1
L03266,103824.34872927499,1643.6521227817889,33262.38188436384,30312.265175589724,,1,5,19,3,0,3,0
L04303,45517.56307567263,2227.4777707630274,36754.54131042294,44452.406628188204,25190.327410915175,0,9,1,12,0,2,0
L00948,51161.83860237511,2732.7332162041785,29932.624959550307,46680.95158171428,,1,9,9,2,1,0,0
L03458,57473.98550150008,1818.708171726806,22274.87633360813,29406.649688978854,22812.105299558778,0,3,8,4,1,1,0
L01638,73471.98131186923,750.2694390435859,19482.213260736207,27994.13343554965,16384.880275495307,0,5,18,12,0,0,0
L01378,85798.09374792152,,31758.368916238178,37047.8331535356,16891.60851725002,1,9,1,15,1,4,1
L04328,83010.66154663183,2659.6238321839446,2000.0,30362.017467906444,18398.975863079504,2,8,5,10,1,1,0
L02815,101651.14086958404,1894.070903909762,27541.429265127488,47387.85169309535,,1,5,8,16,1,3,0
L04602,83749.5498501385,2814.971115661256,40878.58987958639,31842.976068079504,25959.63308831091,0,10,1,14,1,3,0
L02459,74993.70220605868,1306.5797107842338,4068.4649754584934,43394.73929347718,12286.227736603907,3,7,7,14,2,4,1
L02900,70746.57808806018,1411.4570043399624,29854.825898295763,35487.470695674514,29525.147585958977,0,8,12,18,0,0,0
L04443,76037.71943644308,1022.27022564534,33244.14149970889,51163.436793423956,16631.41650710525,1,2,6,3,0,4,0
L02970,70401.14716782844,2706.243757739846,24410.760788032952,24077.905406145586,24077.905406145586,1,4,3,5,0,4,1
L03194,52647.166461326065,1872.8998938027014,4142.587180537368,46951.90533499326,20658.63066319757,1,6,1,18,4,3,1
L03698,71652.15020648396,679.943012478609,31117.50123972265,52431.10680528362,29779.650129999216,0,11,4,15,0,0,0
L03589,89791.68012883123,1240.319353038109,14956.396757791184,22307.238150392324,,2,5,17,9,1,4,1
L01739,84006.15183947151,4148.324965110774,9744.652777850977,63652.74738383826,25195.02814193426,2,4,7,17,2,1,1
L02976,67115.07582542961,2056.7440495405262,29906.862100258404,41952.26592978377,25823.128855244824,1,3,12,5,2,2,1
L02428,63756.17966001378,863.2600849540371,22850.458602001818,62625.04147086594,23718.168109947226,2,3,1,4,1,3,1
L04588,83378.29709316659,2264.799631969354,17239.822524010568,28490.911414600265,21143.79760702636,1,4,17,9,1,4,1
L00649,60381.30939582644,2958.237134766293,18371.44372626393,5000.0,5000.0,1,8,6,5,0,0,0
L03799,45132.826008360986,2804.957951530946,36832.58884856591,15028.164978508557,4119.158849556259,1,10,7,15,1,5,1
L01310,74493.96465759905,1823.0204512647988,10690.126115144136,19548.93628993729,10227.15167957031,1,3,17,21,1,4,1
L01848,47676.50303570998,2180.9922827101327,8900.234456250006,44068.1721291996,20507.072538636745,0,9,5,19,0,5,0
L02049,,,32175.314239306263,42459.27221342216,21757.536516880853,1,7,13,23,1,1,0
L03705,62192.49882189327,3195.448891794489,27215.95160352507,25000.794598099266,25000.794598099266,2,6,9,12,3,0,1
L04400,83855.7702828015,2311.9223657216676,24461.177063765837,38827.450957963105,20805.9582402975,1,7,9,16,0,0,0
L01054,70213.47531647814,2483.521600896576,22005.599923396952,32793.69670894759,21626.34469900177,0,10,8,22,1,5,0
L00041,79769.33159990821,2199.2766529101996,23235.29201841093,33933.06568113845,16512.247389931308,1,6,2,22,0,0,0
L01254,72481.13139695144,2041.4987045768094,28793.73170574121,51421.459360913395,20176.213109768534,0,11,8,23,2,1,0
L00770,101248.97115993858,501.29397604700534,42064.086377129366,36943.607297583694,14319.383856303992,2,3,6,22,1,1,0
L00308,53168.5722232834,1118.6702605324854,25861.664979983885,51921.610576905034,1000.0,2,5,2,5,0,5,0
L02309,75690.112969611,959.8507701106645,27516.802322559695,61739.38642605739,15861.322750262916,1,11,5,19,1,1,0
L04673,74605.2100281185,978.1984899958969,26955.165241448958,41548.24389648876,13241.195638920917,2,10,17,15,0,2,0
L02775,55176.9250571579,2452.6035893216554,20461.912221189647,21794.317015401248,21794.317015401248,1,5,13,10,0,3,0
L01576,64287.17035405033,2724.8053355609018,25286.82349496483,43001.41088692591,19972.916731516503,2,11,18,2,1,3,1
L01542,100445.03193339487,200.0,33106.776840540915,63270.6658151424,,3,5,19,2,1,4,1
L02463,74644.97905361315,,12343.32086152769,28597.115173886516,24585.867799485826,1,4,5,22,1,4,1
L01511,42166.2177173299,3040.9962131421835,32084.15969942991,23110.73655796909,8449.243790398608,1,6,17,13,3,1,1
L04844,62167.028279797465,798.9150542085705,26731.96583225226,11335.324321821128,11335.324321821128,2,2,18,4,1,4,1
L04446,49772.89460382119,408.45980461417753,12552.471479911103,50086.791630792344,28520.537818100245,0,11,19,6,1,1,0
L00955,63356.97643214862,2224.7154513727596,15294.568385833169,47759.1314104196,17459.794338293257,0,6,4,14,0,4,0
L01171,80178.5717957353,1092.8009146028476,30944.588431051292,23535.349546320835,23535.349546320835,0,6,9,22,0,5,0
L04906,83564.91382688649,793.3882965061697,33329.561648061375,16376.985812880204,3694.8712235894272,1,6,9,12,0,4,0
L01662,62638.629460178425,1295.800563996451,16087.843807576262,36687.48261944376,20231.66080062099,1,7,14,21,0,2,0
L00011,55731.64614375075,,31219.363780076168,35049.20897133999,28029.49926519495,1,5,12,5,2,5,1
L00688,57503.58384900805,1401.8619812567686,19404.0327819073,44406.21027510998,10712.166300165834,1,5,3,6,1,5,1
L02964,43868.84714479494,2388.21544797999,37986.475935911105,50429.03840633121,17313.313835909586,0,2,6,4,2,4,0
L00893,,680.7372574524197,21701.962181485593,49631.61638497921,34767.53729848928,1,7,4,16,0,5,1
L01658,91351.95071215919,3028.925418283956,32925.37833608303,46098.13207400042,27272.793759371594,3,3,15,20,0,0,0
L04272,54525.37394457156,2822.747966372572,31478.207764124665,64389.66940009598,16694.14661541668,1,11,13,10,1,2,0
L00318,58794.66486813088,1623.56941667477,5312.861376538702,36305.647860868,31951.854024030978,0,5,2,23,0,3,0
L02230,85150.27379673845,2329.8103857276956,14769.268950878555,56695.01048708021,14206.594304241844,0,4,15,18,2,4,0
L02729,50150.31534923232,2098.1185491840442,22495.91827661586,40620.786434606714,24308.14070697415,2,10,13,20,1,3,1
L00007,96584.25631014783,2638.786120840474,32008.20497768414,58549.29613214463,1000.0,0,6,5,15,0,5,0
L03681,42609.07743233663,900.7025129113813,5049.8220702469225,42123.38900343692,35169.05353335881,1,4,4,6,0,5,1
L01022,53525.99992122842,2119.3825543514617,5760.8215743003275,77129.70701404153,1000.0,0,5,1,23,0,3,0
L00852,53890.457616794905,1423.837328971751,28927.75769708238,17813.66067853717,17096.281559840667,1,6,7,11,0,0,0
L04959,63969.54142950708,2320.534103033669,15619.698343476255,66208.55992764837,8191.340601991897,1,4,2,5,0,5,0
L00073,64283.47921780097,2287.620836166881,31878.61582406509,56235.68066985164,20853.045150474543,2,5,4,15,1,0,0
L00387,,2880.8126019896004,9705.04842291912,16771.254495679113,16771.254495679113,2,11,15,6,1,5,1
L00529,70194.45003442964,1656.5991797144707,33305.26619537311,26635.218370698545,21411.66249387992,1,5,8,12,0,1,0
L04428,48113.51925633858,1310.0616872793055,13917.361749330754,41461.544304679875,25091.394756715406,1,4,8,24,0,3,0
L01583,44683.56362043206,1584.0384825398687,17641.426450185932,33107.86852071034,25098.1790844696,0,3,11,19,3,5,1
L01059,75872.00309188865,3913.609528394096,16280.714538015673,36967.144969185705,19716.334955704046,2,4,4,13,0,3,0
L00003,77953.77076201385,363.485461895988,16026.18938954857,40964.423178813726,10634.801541945088,4,9,6,15,0,5,1
L01924,69784.93728222299,1226.254479422023,15883.068782982016,56288.77617260079,23848.505646822017,3,7,13,12,2,2,1
L03172,77164.92383369937,2811.0847512771106,33478.02791759753,48084.44608983583,28074.19182382428,3,2,19,19,0,5,1
L03603,105996.24191571852,3868.780140547117,40167.932366623725,32949.32222267697,28431.50372596491,2,4,7,22,1,5,1
L01282,,1948.6701031222024,18634.55078790889,32008.101803793295,26673.944380578352,2,2,13,23,2,2,1
L01066,42606.60210747713,1581.6533438195897,18729.265691362136,43752.215740530344,33703.165001393136,3,4,7,6,2,4,1
L04064,71370.42009597749,1169.538996877063,14552.438432156114,28296.742777935375,28296.742777935375,0,7,1,19,0,3,0
L01995,72028.96415083166,1295.3235593673148,26513.475478646327,31068.63422135476,17150.69181356822,3,3,3,6,3,0,1
L01596,44805.385905801246,2862.5328431658663,30673.94492997976,31297.544168132205,31297.544168132205,1,8,4,2,4,1,1
L03834,36540.50149476654,2554.8782210183567,32271.947882428598,32525.155405863807,28480.871588009242,1,10,14,18,0,1,0
L03848,55741.209759494835,,36634.356542609945,44645.94254630513,11774.803558183172,2,10,16,23,2,4,1
L01117,113068.31170476551,2457.8803767166028,26404.944961633377,52702.80614769851,26066.6651348988,1,6,8,24,0,3,0
L04377,20000.0,200.0,16196.449971472688,23693.98730597623,20976.08141127748,0,2,11,20,1,3,0
L03009,86653.82107774146,1549.7308215587823,28495.813316461732,33543.77936969073,23967.05691513917,2,4,11,20,1,5,1
L02605,52513.09220573552,2044.5324549140767,30583.73231972127,5000.0,,3,7,17,11,0,4,1
L04018,78923.35994318579,1212.2054292218327,26507.70417186266,22489.04529898582,21525.692487409342,2,6,4,23,0,2,1
L02215,55599.15704480997,1811.2039738971046,34207.15195495442,77262.16121118004,25256.399227270944,0,6,14,19,0,3,0
L04339,23731.936950410913,1826.218910044625,12653.910874097688,31125.345396047174,,0,8,11,7,2,4,1
L00927,,2337.911470089106,14287.305833225191,25562.517476210167,12717.824751944552,2,9,11,19,1,5,1
L02104,87508.69568829538,1561.7630750208318,33122.92449891727,72944.98351783784,12378.948066123274,2,5,16,4,2,4,1
L03575,39598.778225759364,1684.1065958831246,23045.42245549216,52724.75829556908,20246.415666379467,2,8,6,8,0,2,0
L04606,,3019.710877186205,42997.52547995989,40246.613929290725,16364.997556344944,0,4,14,2,0,2,0
L04051,50238.85832677217,2137.8598379599,24862.733367774425,27214.994823203353,27214.994823203353,1,11,7,2,2,5,1
L00402,53012.499540924546,,21214.11607085643,51299.967576673174,22001.51664807425,1,10,19,3,0,2,0
L01764,32960.68376205663,3133.805473399627,22853.4395552051,33835.973851392075,5532.093461701354,1,8,11,12,1,3,0
L03452,39897.29256053211,2163.1241835530777,23404.66975734857,51286.54301226219,44750.64639169303,1,11,13,5,0,3,0
L04403,47414.34435176024,530.249544257237,30708.17551863464,28197.58553897444,28197.58553897444,1,2,18,13,1,4,1
L02391,28076.242755238127,2826.2359750711844,34285.72082061997,25519.269689432585,16669.970280136906,1,9,9,4,2,4,1
L03218,54511.03727474697,200.0,34211.65750004087,32384.620324249197,22650.06359068304,1,2,17,6,0,0,0
L00249,100309.08480562194,,29990.680731422995,37384.55745381198,18570.853080068176,0,3,1,21,0,1,0
L04873,40109.14999830554,1544.074177597669,22893.607385962394,63075.92476657417,3477.5643305902195,4,2,7,19,2,5,1
L02925,66835.04968896745,1545.4731987056568,26448.582205983224,21601.59130147052,14431.852423429336,0,7,2,11,2,4,1
L02269,54916.40337984657,1946.3955597162083,13146.735677819395,51909.02681365765,1000.0,4,11,8,23,2,1,1
L04119,55904.105652446146,1733.4625824523043,14116.907352250366,22278.381076340353,22278.381076340353,1,9,14,15,1,1,0
L02733,76257.6172034871,1476.6742724165579,7427.007124161684,42944.08507661295,27745.633043824586,1,2,2,8,1,2,0
L04631,34101.25306646482,3403.538642940137,14998.824081845867,39105.85231917199,6981.261481272135,0,8,13,6,3,2,0
L00406,77456.99864694997,1805.0185249475346,32450.56145231206,46996.83959454119,8658.055768847305,0,11,2,18,0,0,0
L03968,27207.01415807694,2037.2581413554465,29362.27445165127,40433.08720261702,25646.507215035574,1,11,4,9,1,2,0
L04170,50760.53545482155,2073.7804635394764,42862.64100808081,43066.67755784761,14485.260887205146,1,7,6,2,1,5,1
L01144,67511.52906943085,2346.6596092128734,35461.03423862481,35938.20254531405,22277.53921258836,1,7,5,16,0,0,0
L02180,65135.99689119995,1220.5579726338665,25841.601779674776,35404.27953756464,16215.974940825521,0,2,19,17,2,2,0
L02526,74653.75774418426,1167.3832647317172,28533.683837958855,61831.14223258044,43453.045634718284,2,3,6,5,1,5,1
L02494,93872.64006937628,1801.426432883687,7654.191390956512,25139.537356956513,25139.537356956513,2,5,16,24,1,4,1
L02711,48631.426681159974,2066.1754636681503,19329.962382329682,61861.56924055654,1113.8081028228044,2,4,6,6,2,3,1
L02103,47606.73837450611,1882.1164228317316,20501.219664778317,11889.167459031698,11889.167459031698,0,8,15,6,0,0,0
L04217,102132.9487312391,2765.228578763442,22339.568851651682,71275.44514391037,25991.321013748926,0,3,5,2,1,2,0
L04614,54752.51518646613,301.40791054467854,22432.04048685504,46331.77172356693,29107.00971024631,0,8,4,18,1,1,0
L04625,72125.05577412168,818.3887381691713,3357.3016274352776,43764.14789854988,32411.18372495374,2,2,16,22,2,3,1
L02402,,2259.233544707224,28899.40276896087,37186.04499862582,27348.96942538333,1,10,14,6,0,1,0
L03519,90590.37339520318,1292.5802265461489,48903.150072886936,39461.48053599838,20280.76181116171,2,6,4,3,1,5,1
L04379,70905.59881241736,1480.1835908455541,24676.96254358662,35302.577156798296,4306.025788633911,5,9,15,13,1,2,1
L03505,54964.31614376936,702.0722099509544,29178.462289962667,56969.485753746194,30727.0874076744,2,2,3,9,0,0,0
L03557,77810.85870149547,1518.0370146898065,4289.431976628177,32259.097352044788,13023.371539869406,1,6,8,10,1,5,1
L02266,88850.15024955949,1274.7007433602362,23462.14796377559,56762.8082316191,18669.15572079313,2,8,2,5,3,1,1
L02805,63090.71505821854,1671.552312398562,12396.469478578863,30128.367859258506,30128.367859258506,0,10,2,11,0,1,0
L03982,97812.29126976574,2895.275666210281,16303.699234536225,39407.25186652658,13624.320746771245,2,7,7,8,0,4,0
L00663,64344.93459568003,1805.8901451388538,31496.41498616534,43244.58116872475,,1,3,3,11,0,4,0
L02647,57589.83802819942,301.59533525550364,33974.88540038175,42908.82215325901,2999.278350216937,0,3,4,12,2,5,0
L03330,81695.02652649765,1700.0627237411477,26350.483716404444,43603.459386556715,31118.533687966246,2,8,6,7,0,4,1
L02901,64089.75509397516,609.7106372075016,15480.478459766142,30757.778066610583,23831.961512084075,2,5,1,20,0,0,0
L02715,72352.98585982843,2839.3198564381337,23593.931977762222,35103.73560777857,17892.895194238285,3,11,9,8,0,3,1
L04097,76909.81795278515,789.7081970174577,28867.754890476648,60404.42489424865,24049.62197591166,1,3,7,18,1,4,0
L03086,71199.9796633111,1988.1082394929508,17779.9410329092,36935.39187099751,15493.32847175376,2,6,16,6,2,2,1
L04945,99962.74138241672,1645.6149057914483,21587.192266076294,66112.87115521652,,2,6,5,16,0,5,1
L00269,56199.11026606032,731.3100766651094,20517.771111568793,54980.89855124647,13001.85056342026,0,5,13,20,0,2,0
L03812,73403.83085789983,2064.627045230589,22554.533351576993,42919.42866876117,10878.0672879388,1,11,14,4,2,5,1
L02791,76900.5893167113,1891.176534502218,26489.427181929976,31169.612129620116,31169.612129620116,1,2,16,14,0,4,1
L03097,85834.49328117703,2722.802279825235,37583.84011880781,48590.87978994733,20324.261178224297,0,2,13,3,1,2,0
L03432,91924.51512405496,1736.9692799357601,32406.42442799668,54152.75227229062,29368.99194304106,0,10,14,18,0,4,0
L02320,42996.915340566105,352.5858283293935,19546.925138121976,10117.216504761796,,1,10,1,4,0,0,0
L03608,86639.69618499884,3201.8335272976256,33587.5483450987,23708.354705115627,23708.354705115627,1,10,13,24,0,1,0
L03745,45097.03036293241,3440.9975546155706,17226.551415561655,60801.70985927817,9271.098842850824,0,2,15,23,1,4,0
L00923,67659.39348293752,2315.2990142800872,38923.13019104875,60732.06992270012,10772.514364356304,1,3,7,21,0,3,0
L04901,57162.46469226267,2547.723765869299,16516.032121888173,41818.655977305694,25356.375884651636,0,6,14,5,1,1,0
L03008,34053.92022123269,2998.409416243542,18501.373369235625,25263.756392785945,16054.00533260886,5,2,4,10,0,0,1
L02685,,2595.4812158523387,13064.190320219892,56841.56860350013,14273.614805757967,0,4,18,8,0,0,0
L03712,38683.68367144986,1437.8478811923733,11486.709819767211,51653.827821402876,22792.377542753515,0,11,16,17,1,4,0
L03778,40431.12337468474,2713.7659143084466,16592.36645022778,54531.16931750877,24501.497600597322,0,5,19,2,0,5,0
L00010,75851.2008717193,1686.7762901297222,30185.946183432134,32723.05086850195,32723.05086850195,1,7,7,14,1,1,0
L00110,63511.081684676654,1864.8660343206589,35134.73161325237,35059.05316056185,15437.659953915056,1,11,12,11,0,0,0
L02434,61512.91484194328,,25275.927311429576,38063.80017929721,4540.452220769588,4,6,18,15,0,5,1
L04156,60657.37850107595,1429.7149714284963,18515.72049708406,71067.56953799666,18766.210896564953,1,11,11,7,0,5,0
L03249,69579.9278491868,4501.906335266117,34937.531558659604,19408.131253803866,19408.131253803866,1,9,14,11,4,0,1
L03831,60949.5154587034,1493.7460152106,26989.144009644144,27371.30438748917,,1,2,4,15,0,2,0
L01057,64488.91858017109,1859.6076750614181,13603.916279593279,40300.44623236521,,0,3,5,15,1,5,0
L01491,53962.83708215106,1886.4112967836008,13861.863580710706,60948.96769334767,14895.014412364042,2,2,9,18,1,4,1
L02705,69986.17191283457,1190.5917034538834,27106.761378588075,58299.14798849247,33424.598894067094,3,8,19,2,1,1,1
L03592,77082.41779177036,490.87758463481214,37162.88450556014,11335.510966116923,,0,3,11,14,0,1,0
L01715,54293.436280921545,229.36868172882055,27855.215328568676,26812.70201359681,14600.580852806583,0,6,11,23,0,2,0
L00206,46243.499201697545,2461.7888861259385,33966.271208272425,49096.37092586745,29580.352686288294,0,3,9,19,3,0,0
L02861,54375.714107848034,3443.355073004856,38399.56681828661,30128.297603624582,24318.55493461616,1,7,19,12,2,5,1
L01203,67445.95006064567,3633.5290134549487,15352.99094848986,27947.03557859362,7916.48050504401,0,2,11,24,3,1,0
L04597,59449.114873688966,1021.7376859336343,23620.856926467757,44608.05918846808,30352.76566180256,1,4,5,3,1,2,0
L03021,89005.23499477659,200.0,20407.982884133606,39487.42177698509,14620.448249759025,1,6,5,12,1,5,1
L00486,36554.925808046515,2396.1206914278537,22716.68553880244,35819.81645740665,17071.09169797003,1,2,19,13,0,3,0
L02128,87286.43389337744,2299.9228757232345,29859.928127031315,40932.263591285904,36019.00784769872,0,8,6,6,0,2,0
L00345,55579.23388763354,1536.408559825611,28174.286309273244,33165.06252979509,,0,5,9,12,0,5,0
L03270,77929.79075451542,2434.1688141869317,22338.70549435244,39914.15738642619,27796.43852361518,2,8,9,7,2,0,1
L03246,80438.4030967335,720.3157954304577,14021.778785572204,47303.28925450858,18780.69586418002,2,10,2,12,0,4,0
L00861,69058.460417026,2794.7246377497295,20503.640557482075,69329.89324224685,19720.160073292052,0,10,3,18,0,4,0
L04148,63103.51537438256,1416.0254830810188,45930.12294766787,44102.82351212526,14188.504889280983,1,11,17,21,1,1,0
L01192,,938.8950500783533,19198.889922499937,17377.461859417333,17377.461859417333,1,2,5,10,2,3,1
L02261,73734.7710346702,3386.9069219488156,2526.6012733807656,29874.41482870798,24866.359561448113,1,8,5,10,0,4,0
L00522,75867.2038475987,1270.7668459877664,23456.169968268914,26148.56191417911,15898.63738229018,1,2,8,15,1,2,0
L03070,78854.45510233719,1510.0007976943452,16511.949772228316,37369.30473518529,15701.8807716862,0,11,15,19,0,5,0
L04508,70312.33986345067,2381.737007627159,16116.384356932218,55446.37246463548,9092.619422766522,0,7,15,17,0,1,0
L01184,33589.98792753646,3362.333905991609,18096.055328828574,28660.37063027482,14459.844667533,1,3,18,23,1,4,1
L03332,34085.40426618534,2714.718485719642,14448.756015514817,52440.15887839423,16297.859693920895,2,8,9,14,0,1,0
L03504,66023.9580376217,1589.4709823521387,27379.83672150941,67819.93200789377,,3,11,7,3,1,1,1
L03868,98072.3453698457,1122.0208875479484,24909.134015923315,20761.649604920687,10053.485700287936,0,11,11,4,1,5,0
L03168,68161.06979840263,2378.1398599106387,4926.570463504002,46914.37962785953,7556.37515850212,0,2,17,14,0,1,0
L00375,108063.64915023113,2145.305303710078,23434.059610713044,14555.256473256668,14555.256473256668,3,8,4,12,0,3,1
L03298,46089.86240114538,2101.810607473781,32686.42219590085,49348.83135187709,23652.903274589054,0,5,6,22,2,5,1
L00949,64088.27967289004,,14445.391986071181,26011.609173299417,15807.686211010852,1,4,3,17,1,1,0
L02701,72736.17041378406,2513.490417728599,20160.11339897036,37265.2794892451,27579.230340112386,1,8,4,23,0,0,0
L04471,71463.70964916411,2129.8847752687584,31594.96076599441,24590.298654235412,15529.455640339367,1,7,16,16,1,0,0
L01133,97274.22538117295,3294.882575330402,25625.430910929615,24212.154175039323,24212.154175039323,2,6,17,5,0,2,1
L02971,26754.900491604465,3077.9178345772984,20129.257300772795,41734.3118563215,22055.269982164602,0,2,13,2,1,0,0
L01888,73481.2208892818,3244.4595461494523,18501.14650876997,39477.81527863071,29805.632589915353,0,6,13,17,0,1,0
L01600,50439.94117541731,,20795.025861006405,29710.98244075573,6705.064278070811,1,7,4,20,2,3,1
L00322,76903.14050873827,841.2863000383638,27990.841852948222,45210.45105274187,28493.81577377611,1,8,17,21,1,0,0
L04719,79456.53789971024,2275.8834987177956,19502.273879596167,68075.71936473757,18441.655099929994,2,6,13,20,2,0,0
L00088,71575.02219319368,2204.0168706190134,8182.308114322961,50983.27109636492,18628.994776097778,1,9,12,22,1,4,0
L02797,76462.556264824,727.6090869068505,12373.314655909746,28674.49006134252,28636.29910578904,0,7,7,11,0,3,0
L04832,41273.27145780291,1148.2514774098638,15357.321350414179,44295.67724501641,18566.78931435647,0,3,19,13,1,5,0
L04464,88256.77155069972,,20742.073723416703,49318.84141305294,21637.768711928547,1,4,9,5,0,3,0
L04072,50905.431287782325,1383.4955147501607,19898.443958091255,45532.36618372992,35964.645248001856,1,11,10,2,0,4,0
L04848,54410.66072985983,2000.7608165696345,25301.499493919386,66128.83797840908,29561.734355606444,0,9,9,6,1,4,0
L04653,65911.27762283797,1954.2894745201525,2000.0,47174.50588382034,11738.300456108222,0,7,17,6,1,1,0
L03534,40218.94594946715,2906.5556122634744,34098.93960019104,21927.784885938174,21927.784885938174,0,2,15,19,0,1,0
L00467,77283.3340008685,2034.8300239749124,13806.584072654265,53079.901981402945,20796.80979845414,2,8,1,24,0,3,0
L01840,60837.662854549206,1593.5931710419127,23045.14036075821,27747.07749677563,27747.07749677563,0,4,4,12,1,2,0
L04956,37214.02539578019,2357.6407830717812,24750.934769437543,25577.159690061788,5915.508593979555,0,6,7,17,3,3,1
L03427,70051.37691993247,2464.3985071887614,12029.396726367375,40592.45141803284,,2,7,15,14,2,4,1
L00076,81438.05008750448,1880.632858115845,18896.038635244862,28502.80340637146,28378.336775244425,3,8,5,2,0,4,1
L04111,87920.6028828413,3278.487283284442,14124.485593712936,38629.28109358085,,0,11,11,22,2,2,0
L02561,44722.08095414925,573.8528232610126,21124.464535465606,64844.83761705336,19215.103756236593,1,6,3,4,0,1,0
L03398,94782.2621665658,1934.9210940881565,14756.148348778303,47618.19767602932,24844.842391297403,0,8,12,17,0,2,0
L00576,,234.12912869280808,26330.63946741319,48606.516417168765,21318.17732596719,2,10,17,13,1,2,0
L00385,49817.34676892604,2473.837861611122,18648.568612218074,53322.35982615162,13810.224315929048,1,3,14,6,2,4,1
L02239,56859.27374146439,1053.5151382503127,32049.302940678834,31791.723396010406,17859.422293679825,2,7,5,14,4,5,1
L00488,43369.0399277121,2142.67364052858,31622.105785810978,83111.24047014871,12945.662759427136,0,4,15,13,0,1,0
L00221,111293.17133347018,3227.8200313480756,35161.76081530022,42691.442819423995,34625.303826914445,1,3,13,15,0,2,0
L02927,,1075.027734362231,35466.73001401146,39089.71850197119,27597.70859125845,2,7,4,7,0,0,0
L04632,54213.89971073459,1722.151079438727,10082.808663826569,69202.32943519171,29540.43411463309,5,5,2,4,0,0,1
L02812,,1657.5813679489293,18969.072803082738,56918.874782752406,15992.642013836503,1,11,11,2,1,2,0
L02794,46466.03382305379,1439.8384866673252,18577.548698532082,34676.1796945115,34676.1796945115,0,7,1,10,1,0,0
L01803,50831.86466179074,200.0,16870.257560321883,40732.72589814227,9610.265162852358,2,2,9,22,0,1,0
L03265,78308.33647383557,,33568.039489134724,33374.64843357279,6792.065963805009,1,3,5,20,0,3,0
L03305,87016.4279684521,2465.1990935453296,3371.3641354876418,32136.573278431188,12215.084348816514,1,3,3,15,0,3,0
L01674,46551.79631002995,1899.4285558806805,43050.86639334502,36263.184947669215,,2,7,4,18,1,3,1
L04412,63778.486572952475,1074.1387525021876,16356.97054189374,33862.52396179088,26464.97965595993,3,3,5,13,2,0,1
L02050,68103.81367717958,877.5325346081742,17370.83620513673,46156.90332853117,7065.494772701297,0,3,9,18,0,1,0
L01945,77431.43779712102,364.64650676045085,42177.75813175065,56133.92362297495,11794.147041460554,1,11,9,14,0,0,0
L02614,64869.573695410836,,37571.86632376758,70211.70585039616,20194.940232768564,2,11,6,16,0,2,0
L01107,77255.4781012514,3670.26219631064,27220.206351107667,40994.121060163525,32154.705420797873,2,11,7,21,0,5,1
L00037,69177.2719000951,3548.07591602889,18956.551289460487,40651.35113224616,28930.678269867727,2,11,19,9,3,1,1
L00919,56071.32770898943,2316.712336220714,11763.402538692855,31200.763966603714,19601.54577219214,0,6,18,4,1,5,0
L03739,57588.34475198435,2982.4969808795877,21074.00604731607,64636.28868892483,3735.69241083423,2,11,11,5,0,3,0
L02990,113233.53351156841,2264.454149628492,26551.756698688245,42870.43381167417,12870.815897571329,2,9,9,16,2,3,1
L01797,58618.92128666764,3031.3138766485204,3337.540651504107,18873.64923690987,15412.331703338074,0,6,6,12,3,0,0
L04592,68924.81881333441,1550.5715413951802,15396.186294644609,25593.746193861567,20559.206609232184,2,4,7,19,0,5,1
L03697,53565.07916087877,3676.4993295171525,29159.104161288094,34709.4880749459,7349.144019017664,0,2,7,17,0,2,0
L01226,62403.586005331475,1537.7548320987817,2000.0,56412.502534226966,9567.224058892829,1,11,8,4,1,0,0
L02595,81968.61764410569,2957.555317109584,36673.75988327678,5917.875166440892,5917.875166440892,4,4,18,3,1,3,1
L04129,50295.97930473507,2256.3888688637526,24872.203451752794,30629.287497200876,30629.287497200876,0,11,4,7,0,3,0
L03786,53988.96136583025,1980.2053455868797,32982.35803523427,61173.20058238653,,2,11,6,16,1,5,1
L00782,38293.11282579797,1252.4066155097626,5689.32374805021,38773.94985952759,,0,2,11,4,0,4,0
L02445,,375.49946167400867,13460.797024792817,49264.30997626975,41233.205132810195,1,8,16,22,0,4,0
L01028,67400.62653436522,594.7727758476808,7831.764720508101,32668.3443262989,21042.863222321987,2,10,2,7,2,1,1
L01770,76029.70752080934,1296.630280376446,11171.594711316566,52679.20456910272,18623.431215273227,2,8,9,4,0,2,0
L01602,92497.5283829637,1846.7595845645199,26862.873047408946,36748.11952468106,11721.07132634191,2,9,4,20,0,0,0
L03280,76081.15542231814,2708.4964683931807,22216.654117035636,45357.89318492408,18704.962863726625,0,10,11,18,2,0,0
L03597,45532.42323945931,1450.989574255977,23670.029216957384,29229.50376741589,29229.50376741589,3,2,10,18,0,2,1
L01637,45897.54841301294,2105.9466525540283,21505.334286767484,69749.0898388114,7063.744639177061,2,7,13,17,0,0,0
L00027,41980.128451553945,974.4269729222564,24454.98681794313,41412.647037604635,38735.76393897136,0,5,4,12,0,0,0
L02807,63388.00501406478,2142.370101242108,19896.42396223088,38296.046085478774,18244.038653370477,0,2,5,21,1,0,0
L00909,77909.68362282151,3137.078060349981,16569.780536142105,57813.87727027019,17482.20925857382,2,4,11,23,1,0,0
L01545,52955.75879276439,1865.953413307874,23860.930208759353,22042.501109646546,22042.501109646546,1,8,2,11,0,2,0
L02388,46515.33711463391,2051.470946505144,7931.894553951282,55562.00004347565,12804.804871139726,1,7,1,6,0,1,0
L01988,75323.56574229916,,30892.634247589758,49542.70733026054,27617.69726263774,0,5,15,9,1,0,0
L00876,100891.15727035576,1015.9501585275086,2504.098272739673,21634.003401684557,,0,7,15,16,0,0,0
L00698,39977.72847229394,1203.8657837461196,43487.06293937052,27465.981389683817,27465.981389683817,0,10,2,9,1,5,1
L01426,25672.868212479967,2207.751384979725,18299.63387431803,55432.73730414391,20839.815774947547,3,4,14,19,0,2,0
L04904,57534.63508117372,1766.8071163380966,19557.84959824331,43706.28483531108,23033.92375197781,2,11,2,11,0,1,0
L04951,69804.11687892445,2494.2443676339567,40680.3292495911,20733.774595673636,14266.950777686003,0,3,7,24,0,3,0
L01030,44544.14869603189,1330.3077835038819,24448.973017127293,61994.67704376789,32905.109976279935,1,9,17,22,1,0,0
L04960,75061.80737247494,2140.728773681129,24823.526639796524,48335.969786545036,33852.37379608139,2,10,12,10,1,5,1
L01703,77694.4293712354,200.0,5387.955948160776,53576.787747540846,22059.60716209084,1,2,15,22,1,1,0
L00464,69279.59821468443,1201.5231483026823,13543.106885534777,48776.05303687558,26439.13010296156,2,8,5,6,1,1,0
L01072,74540.81654446243,,5811.774280135596,19175.613527727215,19175.613527727215,4,8,10,21,0,3,1
L02673,70208.84526667112,,18893.707601631195,45697.50182555628,1000.0,0,5,6,22,0,2,0
L03815,39710.031860900686,2050.2925211927286,19129.17796884991,69410.76748058054,5762.821812960652,1,2,15,22,1,1,0
L01887,48807.92960156708,618.9899647985765,20793.56965870165,11255.488510034396,11255.488510034396,1,11,1,9,1,0,0
L03226,45242.53318198502,1416.224882587091,56289.10478008213,23638.694262666304,23172.585812789817,1,11,4,20,0,5,1
L03296,43493.75213901524,2621.9834746821534,32756.2679401766,20103.477590380055,5371.221631925706,1,10,8,19,1,5,1
L04542,103903.90148553866,1340.944068871905,35610.37360932807,64889.05996328786,13362.53553401056,1,4,4,10,1,2,0
L01507,78927.7489491343,2814.8665885179753,32994.63771395653,47320.20229564015,22345.700199365336,3,6,19,2,0,5,1
L04112,,2232.0142413785125,17300.421268268485,53207.2195137117,,0,9,1,13,1,3,0
L01528,95864.87056544378,1766.9302361526638,25939.905721750078,26805.90536254015,19745.88630678405,1,9,14,2,1,2,0
L00455,54394.84763255119,2580.8325754847574,12111.276523644161,52747.305479783594,25161.34966087943,3,10,7,23,2,4,1
L03635,73430.92167073123,910.1380242635354,2000.0,22000.066298595353,22000.066298595353,1,7,14,12,2,2,1
L02790,68628.53240227942,2702.2304216893167,31753.357348887595,14862.397531722283,14862.397531722283,0,8,9,21,0,1,0
L02060,68871.79822735088,2349.565305678942,24839.278876047218,27510.891703917274,24718.11739506145,3,7,6,18,1,1,1
L04522,86486.66009540488,3385.9763601351424,23536.491292966188,37790.95258730582,3229.0544152783477,4,8,10,5,0,3,1
L03890,81992.23977032426,1589.2610919043968,17380.24402028716,69200.47693548343,6266.7572023917855,0,9,8,17,1,0,0
L03991,31216.339240654765,3080.859444931514,9085.444355130358,59743.70945741911,38511.540620191154,2,3,16,2,0,0,0
L02322,80578.73007024228,1705.8661582457173,30233.568294771725,60745.86097872407,32919.97626126056,0,10,8,9,0,5,0
L01740,99212.2674516385,977.6609879914089,23348.014232902035,27430.311779810225,3379.7262198946482,1,3,10,23,0,3,0
L04308,79639.11005019692,2098.27379892466,19199.757670782303,55642.98114339413,16576.191446613753,0,10,10,21,2,0,0
L04780,20000.0,2094.798069471231,17098.3268462344,41314.37732754946,23176.520811831797,0,4,13,11,1,0,0
L01993,88778.26742949286,2556.7105252437113,17938.485834261963,21127.040649596114,21127.040649596114,2,6,9,17,0,3,1
L01786,35848.97001070139,1463.0409467096695,24316.48071610923,32542.989641950957,7399.9210234774455,4,7,14,12,0,1,1
L02032,45529.076005910625,1374.497799768537,10258.576275188854,45918.16051475012,35995.7012207059,3,10,4,9,0,1,1
L04009,55234.52315096911,2044.120668699978,13904.331979104278,51976.920084668236,26764.281053209223,1,7,11,21,2,3,1
L01826,73838.81299138819,1322.0169135804772,30219.214824159004,43972.36363697167,34111.05009112135,1,9,6,12,3,4,1
L02165,96610.81373136747,1206.0909036554121,37583.499601419775,31814.109390457088,9965.234392158045,1,7,6,18,0,5,0
L04008,52402.30895272379,2584.003388907115,8678.742347233527,59879.63495901608,,4,5,19,10,0,2,1
L04493,53213.355371452766,1453.8723892827263,14899.749131848987,40789.331950258915,2740.8155183035124,0,9,9,10,0,3,0
L00331,64755.06454306171,1368.9913301231234,14251.978218644708,30799.54599065146,7437.3085508965505,0,4,8,24,1,5,0
L00661,,1756.17731172894,36043.162819949524,52902.261938088195,31721.263095893824,1,9,9,22,0,5,0
L03439,39233.84765072925,1780.6967116360213,31343.117376707713,43596.95250612983,38871.660616712485,1,5,10,5,0,2,0
L02894,69307.93010912577,989.8844468455284,14290.009871812714,50089.19336634764,16473.44513135925,1,6,3,24,1,3,0
L04251,86506.86803913795,1154.7841340347509,45428.57008287408,41712.53625232192,14442.795378506358,0,7,7,21,0,2,0
L04501,45824.43087626451,1585.7875850201242,33728.94278631479,44989.311771715584,20568.24062149306,2,11,12,17,4,2,1
L01156,85196.34178685269,,33127.981956129064,28389.61524456091,26905.32462151185,2,4,13,7,0,5,1
L03418,69156.05014706627,1874.3485221463823,11436.918695242468,49590.44265229945,32168.367914244394,1,9,4,8,0,3,0
L00459,53927.013893056355,970.9526021009838,17700.998947921133,29266.833703622087,8648.805805887609,1,10,3,2,1,4,0
L02958,60268.89425562108,3527.2969236826334,29887.54043885447,8842.605110487584,8842.605110487584,3,5,4,13,0,3,1
L04322,62854.704683781165,1475.1117143812774,17268.168936928865,38151.37091723299,27230.958871534815,0,5,1,21,0,5,0
L01375,94423.40654987218,1662.6610768601734,10903.906320969692,28912.95161153945,18500.37977103729,1,7,9,6,0,5,0
L03790,91065.56074632128,1231.8907145300943,19059.056916113663,26692.56117455718,20920.622955465624,0,9,3,2,3,3,1
L03976,,1069.2331362942218,18691.89480477728,29582.45257922785,29582.45257922785,0,7,2,11,1,4,1
L03356,61687.371793647355,2564.5631768910935,20664.74264547512,67581.31751368172,51366.86048322273,1,2,11,5,0,5,1
L03874,35461.50144936197,1559.4605116450539,19926.43231305995,31149.610463637677,30075.314024885403,3,11,8,7,0,5,1
L01538,54345.98320676177,2356.7456807526796,23870.0772147472,54047.59909085512,29072.736847917084,1,11,12,22,1,5,1
L01498,89167.32461186284,,15361.668971743096,50807.291623814315,22123.26140667899,1,11,5,17,1,5,1
L04566,53587.19139599775,1882.7055969696762,19526.490728510867,56986.08311063904,18773.463277453255,2,4,10,23,1,4,1
L02328,57258.00595051198,2126.5087302226852,2000.0,35689.61688775548,5679.803687791211,1,4,4,16,0,0,0
L01214,82898.48753888882,756.328444959622,27775.169546072117,68526.48563052317,21860.47712151212,2,3,13,3,1,1,0
L02999,71683.52834489795,3122.3304409843377,37428.88105539118,22760.431339147573,19048.501834011695,1,3,17,6,0,2,0
L00920,68881.79985796615,920.7641987561019,19143.134519077365,30273.777865617812,14076.677951459718,3,8,17,16,0,0,0
L01569,33749.08286226915,1974.7111900353393,27698.763759795227,49600.84121549376,10512.984653368332,0,4,10,18,0,0,0
L03674,81403.16373510969,2754.8894041380704,21686.588473302774,34747.13454468998,26488.475406246504,0,5,3,13,3,5,1
L03619,88895.25723753875,2354.9648900289485,3562.4704120737006,16415.863304131322,6698.104844464962,3,6,11,5,1,1,1
L04899,,3090.2946965657025,20658.466730075947,55645.63790254573,11069.314434950296,0,6,3,3,0,2,0
L02827,89937.8343106944,1752.9337166947823,23632.556262921655,31690.979742366366,17377.718627661678,1,10,19,6,0,2,0
L02085,53989.26301016833,1552.831988321674,13952.481862808621,30183.313996730394,16946.262639063516,0,5,18,9,0,1,0
L02608,20888.67885801862,1290.0100521399906,29952.34249257182,43628.72476482248,6582.77756643686,1,3,10,7,1,5,0
L04715,,,15804.0001989631,52902.76180327115,7659.998792600722,2,9,4,19,1,0,0
L00935,73800.28900106665,3138.7535084983883,24478.46281901825,49976.590772822194,18430.551947228214,0,3,14,4,0,3,0
L04494,55827.22727797831,2113.964814776416,28520.80237354908,42402.16247373062,1913.1943139142677,1,8,4,16,1,3,0
L03191,56806.268147410054,2283.2413159372986,13347.909461477531,35872.263439204806,32431.035778482932,0,9,8,11,2,5,1
L02974,104745.51998461617,1391.5132005619364,24315.410688138058,62352.15393825215,31113.76088989256,1,9,15,15,0,5,0
L01632,48072.86690018253,2165.7704509540113,18693.413376236684,44171.19393360291,12296.864621091041,2,2,19,14,1,1,0
L00933,36039.72199167512,1882.3339124185898,10340.25814319539,33938.958246212904,1000.0,1,4,6,17,1,1,0
L04248,108924.46284305598,1007.1270917347091,19370.250859842956,50409.74860490556,23766.94848676386,1,5,4,18,2,0,0
L01905,62853.95711991542,1506.2368526306013,19573.335385728773,32209.130168641856,17774.779197419382,0,6,6,6,0,2,0
L00443,23651.15799920247,1119.509397638442,21129.847766818624,63090.3478390104,26511.89769575384,0,11,7,20,1,3,0
L01189,76001.04198049103,1781.5595551316271,30254.14597823085,39899.82140420991,16412.937592338334,0,2,19,21,2,4,0
L00733,73165.05511428944,2618.2731772406114,16818.659433331428,49379.34268813103,16398.02091515065,0,6,14,10,2,0,0
L02730,55293.88329264263,1933.1945016920995,26078.79050897491,37714.33754093234,5243.212518098417,0,10,6,19,0,4,0
L00806,58816.557530627215,1909.3973179193845,15391.588032474192,55257.61321255234,26519.334010300285,1,11,11,19,0,2,0
L02849,,1279.474702931044,6267.870604382928,43923.6622609811,16694.468126331118,0,7,14,21,1,0,0
L01097,66572.7038063218,885.3288071329114,8929.016556008675,40462.73000580261,13621.959325224649,1,2,19,11,0,0,0
L02683,58411.04427305817,1627.908959863608,28875.50719592494,59634.84114593668,14063.005730127428,1,6,19,7,1,1,0
L00793,70431.57674390747,2037.9696424942533,22546.94865374626,5253.327146087642,5253.327146087642,0,3,10,20,0,0,0
L02858,60389.50749639498,1091.2234128817786,24230.203029621633,48164.84057148604,20524.78057170451,1,5,2,16,2,3,1
L02339,,1814.4378019745793,26892.340135500355,52398.759477058724,11832.59133877088,1,7,6,11,0,1,0
L02059,,3362.485758618059,21877.23466497824,38993.25418697333,16252.161499616082,1,3,11,4,1,2,0
L04646,97326.00085443833,1565.7936649820363,40453.996812503785,45223.31656216253,11471.118741696424,2,6,2,13,1,4,1
L03425,29479.764919031957,2290.7681325374697,32247.738006650106,41866.56396860416,23286.782423480825,0,8,7,12,1,5,0
L01630,82055.4735024444,2152.047943218516,40068.58884146511,41033.119592706535,25395.475333610182,2,11,15,6,0,3,0
L00432,24215.356444797988,1306.2302026816308,32277.187487795334,48797.72736427,22523.982066520493,1,2,6,19,0,2,0
L02996,66549.61037037725,3567.8845325987713,16557.117068445143,54774.25154508777,7411.29443629747,1,7,3,5,2,3,0
L04781,,1433.8584056092536,32560.303715657137,47081.450365826444,21856.69559044487,2,6,17,12,0,0,0
L04386,56912.760146199544,2093.2849976110438,24553.281717450445,5000.0,5000.0,0,3,19,14,1,3,0
L01994,79166.07694402128,2658.8975551260573,12530.172343826518,44990.579415612745,10052.827259640802,0,11,5,9,2,1,0
L00508,47720.18460640368,,3174.7924853253608,36104.830547387064,36104.830547387064,1,2,15,24,0,3,0
L02929,96562.36115124369,2050.978546317526,7213.264036897028,71442.41914076426,14607.70463210433,1,5,18,2,1,3,0
L01953,46885.35398274762,628.0202031160889,17976.899772472774,38677.67696694414,20008.2133677946,1,5,2,6,0,4,0
L03423,73516.87317259658,1321.376532641722,15761.597513127395,60675.35832133824,12354.021294445858,2,10,14,12,1,5,1
L01041,98678.55382915738,2563.268081725302,16939.107088081117,42844.71932312347,19155.632136444685,0,7,13,24,1,3,0
L01584,66233.59699695943,565.2392454514024,26643.205608266653,53243.87208380128,43906.48134335849,1,7,6,24,0,0,0
L02713,74997.28247480743,1602.1312288828656,20755.43370285578,58605.75151908133,27081.121401845892,1,7,3,10,0,2,0
L00810,47107.85395560992,1615.4706666882335,27080.122910545997,40521.11850308537,40521.11850308537,0,11,12,18,0,3,0
L00589,81606.71633088491,2748.916379233839,25987.128017903444,23618.201354164055,23618.201354164055,0,3,13,10,1,3,0
L00085,,2565.036001673077,27990.897592638088,5000.0,5000.0,2,6,15,4,0,0,0
L04014,68973.60019094814,1919.0470093436722,11465.309659267232,23003.872403617646,11415.083997545395,0,9,14,3,0,4,0
L03466,38265.49122248139,1495.0898426612648,35175.408190174,35813.4121546008,10584.170335325753,4,5,13,22,1,2,1
L01221,41248.03161940974,2759.4396583372686,12769.276036844225,40495.238154022896,25924.210073873066,3,2,17,24,0,4,1
L01442,88469.4771497065,1697.3892156129355,14863.711067955326,60031.79592552614,18678.38247644676,0,7,14,22,0,3,0
L02149,62934.90479701905,2893.111529483551,18887.917108263187,41319.464162114135,22505.724890748716,3,11,14,21,1,2,1
L02856,54736.07270973208,1115.9236204726362,3883.601528816129,66955.24774746932,1000.0,1,3,13,7,1,4,0
L00456,49142.543354753114,2919.589141577874,17091.271051064345,64574.21774704633,,0,2,10,10,0,3,0
L00972,51378.96685050239,1800.6044059636765,20179.595689143443,23979.292924506393,17277.77828227304,2,6,19,17,0,1,0
L01305,75730.19687140807,242.1260206873485,12071.312946213018,32701.28130467893,10011.847318104745,3,2,11,14,2,5,1
L03375,31346.826117546283,1652.5687985338304,21751.69685873353,53547.51387992165,22884.898442662463,1,9,11,3,0,5,0
L00993,60056.452349588064,1001.354579767156,16053.270128378314,46967.31408365851,23767.168478693588,2,8,4,19,0,4,1
L04219,71489.17208705033,1079.8718177010696,29664.559598497086,51765.50703655819,20124.807054859397,0,9,1,2,0,5,0
L02021,66198.65260532657,3438.9666061590806,16036.753109080793,53077.66854811136,,0,5,12,19,0,2,0
L03136,73860.04260894751,1702.051208202082,26827.127605561378,18095.71140911782,18095.71140911782,0,4,2,5,2,5,1
L02319,53833.96492107939,2084.2705564721095,33687.22794231237,55579.81430979603,20513.9196897484,3,7,3,2,1,4,1
L00610,94920.88622978366,1830.1572584991384,15280.826895350094,24626.576509287,1000.0,2,9,16,9,2,2,1
L03445,78908.04949100598,1950.4586855934185,53865.74911811055,26552.958433746993,26552.958433746993,0,7,17,6,1,3,0
L00344,54861.1364925774,1350.9296028462352,12318.714021476733,62669.84198804804,22246.32315856075,0,5,9,6,1,0,0
L04907,55069.36529036062,2309.2425654986114,27100.665931710657,21494.58753507176,7133.90874600262,1,7,8,21,1,3,0
L04362,48507.754991304784,2931.015718633007,24175.134959387855,36528.21677518519,16294.0356822465,0,6,12,22,2,4,1
L01666,64542.63875402236,1060.7497541271478,14462.92355138254,49524.44310418825,7484.772056954689,0,5,5,8,0,0,0
L00814,68931.0955302315,1126.5426945054783,24149.259647767056,33958.64065140374,,0,6,4,16,0,2,0
L02382,45856.98170209915,2116.2989449485326,45744.662832839924,7341.458966548966,7341.458966548966,1,9,11,16,1,2,1
L02910,90142.98433725146,2426.5279102216086,22422.630649649793,53173.20997232492,28298.197674916883,0,6,16,10,1,4,0
L00494,47774.31597343473,3466.1282576878384,15157.578194847563,11672.148809268907,11672.148809268907,1,9,2,14,0,3,0
L03015,53328.0134730799,1498.090786030232,15420.418723344887,37172.69710361756,11523.28050784965,3,10,4,18,0,2,0
L01415,52129.63539239714,2091.6491818843656,22343.93795307583,46290.12808692438,9152.411984895502,1,3,11,8,0,2,0
L02380,70205.61013165773,2117.63733590592,29727.28377919393,38327.216552413105,,1,2,3,17,1,0,0
L03176,49951.2952529393,2696.9505140559236,33289.56735182948,34243.70528630486,14421.077400963437,0,5,4,8,3,3,1
L03811,45122.74650330293,1915.402817825632,41435.84087377563,46592.65028228678,2367.490680080642,0,8,4,4,0,0,0
L01114,,1101.608826488518,18172.215982904414,38355.17726323811,21215.500827851545,1,3,6,2,0,5,0
L04374,67706.76695784582,2064.831122253771,41933.835005824134,27799.600953266632,19919.66396440728,0,5,19,2,1,5,1
L02271,71953.52967076673,425.86228130928293,2000.0,21860.132983323798,7528.1000788707115,0,10,17,18,0,1,0
L01011,91347.88131268651,1753.023658316297,24066.776285391163,62730.95123895389,22245.90633249992,2,4,4,21,0,1,0
L02607,52905.10670923574,1081.8724917799568,24912.836656902564,40947.75503211634,23580.488388565707,1,2,11,19,0,1,0
L02473,49280.279347300355,810.8173707261209,25173.626332553613,17378.861802984848,17378.861802984848,4,8,15,10,1,5,1
L00784,77211.71490567646,3478.5771796373974,30077.395559841512,27748.9310220265,25672.41706806904,2,9,17,24,3,1,1
L03512,47464.5243757631,2267.6983619893927,17268.925866394777,52272.63288207212,36311.52515028004,1,10,12,24,2,1,1
L01025,99550.86340201422,1545.7912847860835,23243.761223009296,27764.409278509836,9107.755081267374,3,7,11,6,0,0,0
L04879,51372.39529860852,912.4355556430241,20938.67992387684,37020.76415682304,16336.566794104878,1,2,15,18,0,4,0
L01090,,1767.732871828765,38047.350122948534,12891.065356513987,1000.0,2,8,15,22,2,0,0
L03460,41566.913053648765,3071.61842888309,21469.480080748937,55812.74746955961,13901.787832727012,1,3,19,15,3,4,1
L00647,20000.0,1313.9449665763552,41635.52833543816,26463.779188838118,22984.278994828182,0,4,13,23,1,1,0
L04627,51656.218304449896,1947.9700698736692,17603.179910815503,16038.186725063162,16038.186725063162,1,6,16,17,0,3,0
L00194,40085.22442576024,1326.9721689584844,21821.378451122666,51919.618053604885,1233.0966866212439,2,9,10,5,0,2,0
L00127,45189.27349738623,1581.0165982665915,26728.150699278325,46773.2123685926,46773.2123685926,1,6,3,20,1,4,1
L01784,80201.11927379205,1587.525893390071,17588.233092062397,49312.449179348,16767.3774061251,1,2,4,14,1,0,0
L01109,52524.6207860839,2227.36628989974,20071.939126925874,31143.388446950878,21809.378270039993,3,2,15,15,0,0,0
L02148,48430.05950439508,200.0,30146.844372940694,32338.342121432914,12986.718998618368,0,6,12,2,1,2,0
L00112,64469.722491015666,3831.505298226289,40641.995258873496,42882.88374188043,21569.6862704876,1,4,16,16,1,2,0
L01078,56437.69678068175,1083.6576312599666,11418.535687055884,33685.99653124351,23259.63605327993,1,3,3,18,0,3,0
L03877,84000.31657339292,1579.283422847861,2000.0,32007.226887097233,26056.862111291928,0,7,17,5,0,4,0
L00716,87066.03764033043,1459.3955162787277,6815.843011713174,27636.663409488203,26388.688736788816,2,11,13,4,1,1,1
L03384,85539.72526639464,2794.2900502866514,31283.88679136171,26936.517692980986,4981.734810858814,2,2,8,4,1,1,0
L01558,48936.4209863931,2689.6804953770707,2000.0,13993.493649876276,13993.493649876276,1,3,12,19,1,3,1
L02305,104913.34979567929,2164.999590822826,13613.423624794152,56682.235942098974,4341.436153456212,1,8,12,18,1,3,0
L01648,84714.59991359725,1050.7263950050863,21351.285589466388,32075.036663343635,26092.851164158597,0,11,16,4,3,2,1
L01701,72012.60198547118,2752.872546516953,28037.330161902217,63759.04661445225,14469.549922830642,0,4,12,24,0,0,0
L00246,58309.97528318103,1789.3562916970918,16801.65854274774,23468.73152835902,1918.7704605837644,2,9,14,24,1,4,1
L00014,26734.395106844044,1609.8533464312127,17340.49021927949,57212.80924948363,9536.4996431258,1,2,2,6,0,1,0
L02932,55889.209479522586,,15748.925793063474,38595.680213940825,20630.6502948812,2,7,7,13,2,4,1
L00323,48635.58633533055,2667.358595234834,32370.053243691586,79718.26320335631,16270.414897868744,0,9,14,23,1,1,0
L04833,76757.1177627547,1435.7260614837498,27041.54550950278,66483.4176644089,11470.716777041607,2,3,15,5,0,1,0
L03702,94052.33490972359,1329.8096245440813,7110.777439294234,59690.86103908992,,0,7,16,7,0,1,0
L00179,59706.86333524088,1700.0904917199462,37089.18894266903,33987.01997485446,22797.677077282162,1,6,3,14,0,0,0
L01976,57229.63093822228,1819.5454721424273,8248.50607959697,47378.17225868332,17008.048498306787,0,5,18,19,1,1,0
L04256,85708.8683283389,1419.6862062283662,18774.512897733784,26731.165797857553,15905.319414219444,2,8,13,2,1,0,0
L02741,73297.31000723821,2367.528784469284,6507.975548521617,70333.18844458129,16160.397979651598,1,3,13,5,1,2,0
L01417,66140.26249794169,772.4903711419886,21654.27774514181,11391.670004667958,11391.670004667958,0,9,3,23,1,4,1
L04988,66387.39605316138,379.2142024304858,32363.859085870252,29789.17586323443,21740.56039343021,1,6,6,12,0,4,0
L04622,99524.53091271265,1392.0848377074938,44323.46033185738,69811.01323790745,23161.044531064,0,2,2,23,0,3,0
L00284,40243.690023463016,2279.662032996285,24332.85041087872,50743.937447027936,16735.17376220444,1,7,14,8,1,3,0
L04183,48072.805602260545,1627.1988627415094,20147.34085069642,61075.8337840434,29572.630761791635,1,2,2,15,0,2,0
L04922,71104.86253062706,1981.5455550401982,2000.0,48945.00375798211,1730.896960340182,0,3,4,17,1,3,0
L02501,76412.25994439062,3180.5550342518163,27107.355496072734,58614.48398107798,22613.657421135737,1,7,11,8,0,3,0
L03978,93946.11398783613,1759.0113315742467,25330.584350670473,60279.359580976874,31022.7652658535,1,11,11,22,1,3,0
L00742,39408.460665285966,1005.9375946169416,23434.289370373244,41510.13254648401,27845.362375298337,3,2,11,10,1,2,1
L00747,68735.33528954157,1492.9002069353737,20182.66462384094,62236.66043131955,8386.531292827525,0,7,17,17,1,5,0
L01464,,2279.282665490876,6900.068294207931,54337.9090978747,3876.4236907462655,0,9,10,6,0,5,0
L02801,68676.69032645009,1133.1213736268749,37947.61989043864,57531.533755166805,20074.31802439667,3,4,17,24,1,1,1
L01833,84062.7326782649,878.4019619366856,26331.840672715425,50239.78760938882,4060.874733159928,0,11,10,4,2,5,0
L02437,62370.54808656665,1181.9663105262111,25092.783851266944,86450.4327065808,24222.47498758354,3,7,3,18,2,1,1
L04615,66117.27879688994,1439.7054469946656,11622.04526981816,53475.191876132936,24140.12941944691,1,7,11,16,2,0,0
L02527,73401.88980903683,2612.749778850845,11288.05142131014,39322.21707362257,24743.91065156057,1,7,19,4,0,5,0
L00498,61193.22643832784,1278.6599022748674,22872.04992037267,45507.48107564567,16935.48199988811,1,4,4,19,0,5,0
L00362,95654.77826005155,1891.281193781216,14691.86874391247,41042.17174331618,10470.311664925948,0,11,5,2,1,1,0
L01239,76379.66158370551,1195.2394346464637,23634.477466174772,56928.1866629678,31398.56604361703,1,9,7,17,4,2,1
L01642,93244.41110830859,3237.332161340014,21685.28629796316,44902.786093914016,5096.501925392025,3,8,13,4,0,0,0
L00282,78242.61349042093,2327.2434751307355,21379.113017857126,25616.075984280757,14740.47260205706,0,6,9,24,1,5,0
L04799,23992.85085431599,,4616.024214782137,50052.508931956945,21773.28363141144,2,7,12,16,0,1,0
L01371,,1592.8489627372876,14351.507716918968,52439.10529849701,41907.85514210701,3,8,13,14,1,4,1
L02556,75692.58172244871,2011.4321681226008,7048.024126968445,48805.6363610175,20720.50850186656,2,5,9,12,1,5,1
L03299,41932.98978808081,1650.2181427944959,11183.489037359392,38158.42861469784,7963.423740880771,2,9,11,8,1,4,1
L02804,44918.90806315979,1953.5116360173179,22956.075441125777,42885.53390556267,11871.895104382134,0,10,4,17,1,4,0
L00015,30501.643349739345,1861.2872563613278,30229.885920033215,52299.60463520179,25229.715738969455,1,2,8,5,0,0,0
L04456,,1214.1603602103291,2000.0,35132.87263755363,18182.44189219807,0,8,13,6,0,2,0
L00931,53896.009466136034,1026.6384874378723,17929.84108193229,22363.983299995576,17920.524011259513,2,6,4,7,1,1,1
L03436,82780.74244559783,1920.3795990191209,33672.9071738378,27624.8215239072,27624.8215239072,1,3,3,24,1,3,1
L04453,87993.44037757494,1299.3815650145789,21061.543837766334,49568.97940082933,27842.88125727707,1,5,11,12,1,3,0
L03779,23488.239818429334,2725.79563818482,15632.694408919428,36631.6743761402,18358.44566506183,4,4,6,5,0,0,1
L02160,76153.82121450249,1477.5473055706223,23704.84680696914,39272.56207676761,18805.8233010784,1,9,4,10,1,2,0
L04249,74859.72917028918,2863.8354921640607,26873.13163053316,25413.94390584068,25413.94390584068,3,7,1,14,0,4,1
L03486,54695.632123835145,2405.741456881618,29992.464575172453,51031.64929306238,28193.469063825454,0,11,15,21,2,2,0
L00324,106847.7455137092,1968.2424321775964,19245.176848209776,46809.038326056616,8550.917423610234,1,7,10,18,0,0,0
L04433,,1574.52412048232,36468.22840111534,54253.624775756456,29617.159605132205,1,6,4,18,1,0,0
L04713,73192.72237367988,772.2177868660262,37895.63332862577,30274.654445162487,30274.654445162487,2,4,4,5,2,2,1
L01776,38599.54977558588,2457.652862426022,15349.681096960749,40243.09899226078,14971.75281064384,0,2,8,6,1,4,0
L01079,95015.19581268622,730.7451997480641,10229.683685469288,38942.89639183816,35121.26142376654,0,8,19,5,1,2,0
L00281,67270.34690502496,1287.1349867693157,25456.20344651446,44248.37437916078,12330.587376169373,2,3,19,23,3,2,1
L00044,58977.926088214226,1149.741127730748,23243.847669077142,27299.210081102407,9140.472664214652,1,11,15,16,0,4,0
L02531,74472.64153622909,2808.679615999448,22003.18611465068,48313.81714039782,4350.84075839929,3,11,8,4,2,1,1
L01037,40484.68673995318,2490.034787692136,20861.752276925232,47119.05884552142,,3,6,5,6,1,4,1
L03604,65013.65637914965,2135.240587802768,35476.78085512624,44807.596188979565,22086.272804856482,1,9,14,11,0,0,0
L04434,53768.84507338749,1290.4988206348532,24439.861879976466,34814.44141559386,25066.221699517468,1,7,16,2,0,2,0
L00918,68732.18246312716,,16729.33881760226,39739.47988736353,9448.140553688274,1,11,4,3,0,2,0
L04473,90899.71169633912,313.36680941991403,7252.21458761605,15234.199074071268,15234.199074071268,4,9,13,15,1,0,1
L03051,37566.526055390685,935.6741365771986,24819.488738090513,42683.97593407241,30236.80849162606,1,6,12,23,1,4,1
L03903,98381.39051652662,1018.7037473091552,21532.505460972978,48294.147837971585,28502.45519368886,1,7,11,15,1,4,1
L01937,70074.79322989147,2957.250633001094,29917.452740087225,33411.73352767281,10043.575927558399,3,2,18,19,0,1,0
L01110,103280.62707733572,1218.6064760943846,8604.820764349628,40288.889635468186,25210.286893314038,0,9,16,20,1,1,0
L02124,59742.18341583465,1764.314774253599,18936.045729134803,47517.43105102678,15126.600739608348,0,3,19,21,0,1,0
L01794,78426.80152900932,1314.1908687311325,22187.905113079407,68347.20855840764,8125.938451463182,1,10,6,17,3,2,1
L03268,57439.84201963566,945.8219383691638,29678.436946681115,52324.236283557446,27231.601126549525,1,6,14,6,0,4,0
L03647,70173.22295710776,200.0,22220.677009368635,38344.00143851435,18140.64583862063,1,5,19,9,0,1,0
L01539,41601.66328579424,1386.7086409919139,28259.320959729026,6403.125544508184,6403.125544508184,0,4,7,3,4,4,1
L01449,89765.66142867271,200.0,31610.93457232083,40481.73183148481,22991.645671884784,6,11,3,17,1,4,1
L04045,83648.69741909334,1558.7789633845223,23248.67610195479,41476.56435886875,27262.639375953455,0,8,7,13,1,5,0
L00001,74934.28306022465,1460.9922543818375,15215.052695127782,37848.651753116064,23482.862476668182,2,6,9,15,0,4,1
L01071,64061.58842241632,2261.1610760979383,15024.580575248854,25885.341080759245,10183.907355559419,2,9,6,15,3,4,1
L01015,99719.27606330498,2183.202514714207,31416.19013551491,58843.32016662038,,0,4,6,11,0,3,0
L04235,33739.31386857493,2741.60050943227,27514.36538175545,42297.897108371166,13019.684953590364,0,4,4,17,0,1,0
L04787,79619.17952752432,1954.3917134183437,24111.24776844667,58426.99735635314,8961.358097878583,3,10,12,10,0,5,1
L03737,55843.03227635022,1965.711549422855,28983.99121329401,45309.7289900651,1000.0,0,8,3,16,2,2,0
L02656,,1533.2314454545824,38147.832542473276,45470.676598127284,10511.68128376657,0,2,14,6,3,1,0
L02686,71323.11914365557,2521.8171199547623,37868.99657033091,49917.78212224007,,1,4,13,20,0,5,0
L04033,41976.925268942614,2191.342680510235,32868.63489721836,30411.757888199172,22790.973372215438,0,4,16,3,0,3,0
L04559,54247.08484440367,1340.318513453287,12449.177118641725,5000.0,5000.0,1,11,13,7,0,1,0
L04173,55316.52097502526,2304.9794855774267,34150.656055916385,22674.552393879723,8800.547294227872,2,10,7,7,2,5,1
L01130,71575.2482060696,635.9563159275585,31761.38690066921,61912.280774336694,13695.014857532467,1,3,1,2,0,3,0
L00155,70861.44946597362,1104.570410409085,22770.786113814935,23579.61933958943,23579.61933958943,0,9,3,11,1,2,0
L00695,,3168.82304735263,28847.14854049892,35686.237786118545,13599.003482830933,1,11,3,15,0,0,0
L02157,57496.07239352126,2734.193540422223,23060.725763868384,33959.97683144903,1000.0,1,5,11,3,0,0,0
L00889,76813.09661384618,200.0,35158.21840016223,56680.91020049736,23972.663356214976,1,5,7,14,0,2,0
L02412,95758.63836825106,1877.9472882378425,14798.460229784334,21685.741435016942,20759.010228843683,1,11,16,20,0,0,0
L01342,65060.92040306829,1709.0666487348517,16845.307269161407,60879.87364271997,33648.69373855072,2,9,11,8,3,1,1
L00679,83713.56786294922,2087.7911801014307,16702.322940769594,28998.622497741417,23116.2882372473,2,7,9,12,0,3,1
L04978,67316.49174453891,,25653.96208236193,24504.567324475844,24504.567324475844,0,5,5,19,0,0,0
L00625,96863.73253278794,3172.7261049061553,33982.25393201287,37094.74509933429,17970.91021416739,1,8,13,3,1,0,0
L02602,77394.22891932272,1392.7249557507444,20770.310533656306,36779.581789197444,24400.506606935734,0,4,16,15,0,0,0
L04103,92021.45784826278,2386.5434539380462,32048.216917579128,47098.22813511383,7932.041135779949,0,5,6,3,0,3,0
L04543,28578.278614110073,2426.52452481054,22388.945162362437,52732.55193969282,13836.780108911391,1,8,9,5,1,0,0
L03186,91611.4980807808,738.9902704406743,46409.23965456535,30669.02747582568,7698.078833035255,1,11,9,21,1,1,0
L04289,95182.620268091,1816.096903664688,20059.19867666905,52451.7649674284,24361.230887697904,2,9,15,21,0,5,1
L00617,67187.89589209786,1665.292062021718,25736.534056211483,34195.227416827605,20058.837778503734,2,6,10,15,1,5,1
L01051,52488.74596980941,2901.744749203649,36443.43411979945,59274.69572143252,39359.14050722412,0,8,16,2,0,0,0
L00886,101934.14651472066,3137.812723278022,32813.16957768537,46900.68086325334,24810.703695107724,1,11,3,20,0,5,0
L00832,46626.961070316036,1704.3043005049828,24845.667904745264,61481.17905856845,5968.615919110003,1,2,2,18,1,1,0
L00473,34696.17875602895,1501.3052599975324,17029.693093340913,56250.88215375028,10169.670132802463,1,5,5,9,0,1,0
L03310,64993.726547764505,1587.9480024891366,8407.98731336677,42223.04452941847,2683.424760273454,1,9,8,10,1,2,0
L01393,105267.74495053246,527.8865354557618,27251.693132621684,62785.29358796471,1000.0,3,9,9,21,0,4,1
L00353,82153.19246404039,1934.0560846407923,20662.206274787604,32249.36335855172,23036.925939211967,2,10,8,8,3,0,1
L04046,56697.99422073261,612.448745445259,14174.58713673555,36610.25194971627,17993.368568881935,0,8,1,21,0,2,0
L04309,61061.56384006221,1976.1514513641062,13358.279208260352,61398.0423160996,18810.843485234087,1,5,3,8,1,0,0
L00965,63205.28611425547,2894.463480390881,24893.389056429845,33291.32342819039,29183.63114933871,2,4,12,21,1,0,0
L04264,59164.82735482926,1186.8268551841697,31082.22524091729,31116.334335639796,5004.039034406322,4,8,15,12,2,3,1
L02274,65683.04834976049,1619.3546007391665,10116.15329259929,48755.94042282729,17934.919413001167,1,11,13,23,0,3,0
L01791,27496.55060708511,1729.16462833359,6489.7381801668,44796.6706169023,29037.1836104992,1,3,19,14,6,3,1
L00757,74866.35801761778,2256.3369386886366,20549.663084715776,38767.95004668931,17538.401756814783,3,10,3,22,1,2,1
L04944,50436.561980603685,3264.94170845271,9233.81799755339,44496.942573593944,24339.720803463544,2,4,14,11,2,3,1
L02340,51793.57721053106,2768.5396420337574,26718.699478766757,60621.9695508217,3704.607000347829,0,11,18,6,2,2,0
L01481,79447.62715655542,2354.574081326963,22151.232615845536,17828.29428418466,,1,8,5,17,1,3,0
L00078,59019.85299068265,2629.727118926595,11216.849333707722,55625.00099625026,16734.633966236717,2,11,14,5,1,3,1
L04638,40593.58620112049,2997.5042190806853,19089.78526914706,44975.10942452917,,1,3,6,8,0,5,0
L03971,57056.09367708025,1487.1802665075388,19456.25582973438,62952.58082830782,26160.443970128166,2,7,17,11,1,0,0
L01002,83492.67365825537,1295.255333009768,26328.50402519974,40589.63798115198,19800.68438342755,1,4,16,4,1,0,0
L03446,42179.829804945235,1119.055614042012,35444.33908083005,57943.914824603125,21300.86936261738,2,11,8,20,0,3,0
L02777,59876.4049500924,2632.0463126347113,11148.263216642554,47872.974875876935,10037.009854546652,1,10,2,13,0,2,0
L01942,57167.02865156418,2571.8159154419563,29906.723186907282,37770.69424852817,32316.943004340057,1,3,13,16,1,4,1
L01968,61974.53432692977,1738.0045600856097,37440.92663524045,55488.42580540829,15216.33283412062,3,5,11,14,0,4,1
L04408,57301.142231798374,1458.7429977355412,9193.878546388916,19834.892917826623,19834.892917826623,4,7,17,13,1,3,1
L04612,24601.453356877275,2308.58122115244,23254.086794758445,43633.87234930429,1000.0,2,10,19,11,0,3,0
L02621,79090.13079649446,1158.1825328523837,17165.21865005623,29269.93646358,29269.93646358,0,2,14,16,1,4,1
L03367,54482.40648209592,2254.9156928102166,18520.104504044168,42586.29778137099,21265.969454701888,1,9,5,17,0,0,0
L02432,44606.71322615769,661.6984737507564,37380.162818616336,64819.52122603133,30216.508350576776,2,11,13,18,0,0,0
L03546,71262.6428002631,3341.0286838843144,33240.958947016254,73168.64425423843,13778.590454278652,3,7,10,2,1,2,1
L02579,70612.72808980272,1350.455908913659,9536.065014608377,24039.311091316413,20989.86487040251,5,4,6,11,0,5,1
L02540,66098.68221999698,1551.249986919125,14666.08629085882,34099.113430663965,28377.462255551516,1,4,16,4,1,3,1
L01519,44516.263513415906,200.0,30439.51400518931,37831.198490103285,20607.361255813044,0,9,10,8,1,3,0
L00070,52097.60490789751,2031.3469384949803,18474.537572633802,32794.60491262967,11200.865952768632,1,10,16,19,3,1,1
L00902,57133.22375345279,,16664.563741769183,42139.32089003324,16242.820909462833,1,5,2,8,1,3,0
L01470,73892.05336440282,1269.2510742244096,23227.289077054837,43793.14986273501,,0,9,13,13,1,3,0
L01123,77774.60444058369,1190.540262672921,28573.21095119539,50152.56481166511,15200.432309149754,0,2,6,22,1,1,0
L02196,51760.35644406782,2038.3009528190762,27065.343913859175,40564.71058254041,16089.73682234445,0,8,1,14,1,2,0
L02887,54475.042869651574,2736.5293034541282,25689.172029082467,40836.096599895514,19078.259199466964,1,6,2,6,0,3,0
L00515,53464.57338863335,2756.4251104693676,23654.915641331405,45373.51891021679,11165.5589423815,1,7,15,4,1,2,0
L04563,47073.34682815876,2256.9793681889914,36922.64509475059,12153.52675095696,12153.52675095696,4,3,19,21,2,1,1
L02042,56814.35123773792,1468.8840461801144,20985.92170278136,42568.660715274935,28103.346284574458,0,8,6,4,0,2,0
L01913,,1250.7689974769849,20650.097720229387,19291.434738295055,19291.434738295055,1,9,5,6,4,2,1
L03109,74012.06825725078,2685.419614899463,16531.615448052173,35858.01870278252,15073.971288976798,2,5,7,22,2,1,1
L01787,58815.81845900273,2581.1451017584545,15439.65241759345,29088.027903185808,13926.730895823028,1,5,3,21,0,4,0
L04581,69189.40167295546,2973.1539129508637,21356.02459375292,25957.743308876812,25957.743308876812,0,5,16,13,2,5,1
L01768,61482.283751353265,2025.627375367474,11612.6556583733,31526.927586896323,14703.959511977073,0,7,8,23,0,5,0
L03024,88078.01468511495,1039.447445267796,45440.53778832626,42921.61008442101,22505.446283233636,0,11,11,3,1,2,0
L01743,66401.04326226363,545.6093875517861,20913.833450616577,40544.189389575025,36241.91327722064,2,5,8,23,0,2,0
L02754,61983.24576866609,1220.1111329599582,24201.29187487776,50605.88287601805,27546.9375030858,5,6,8,10,0,5,1
L03157,40251.46723554855,1945.6785966526895,9347.879640018033,40756.40146209164,24452.10878914062,0,2,6,10,0,3,0
L00471,59498.96605696712,3012.355846681798,27239.98955584328,48269.24999163381,32647.695267749652,0,4,3,3,1,2,0
L00590,47878.323481822656,3032.2591838559088,18299.775341627555,17902.811850302052,17902.811850302052,1,11,13,20,1,3,1
L00185,60530.74429348298,2632.3447141158713,15707.662366125805,35782.08981703856,21549.720185564725,0,10,17,22,0,3,0
L01585,73576.33000661146,3075.3423649632095,27553.9886065174,21766.851819234147,21123.320683872047,1,11,1,21,0,2,0
L03930,68445.08772822075,1901.4597481079695,21529.414592256137,26823.992839910483,19395.938677838643,3,9,14,18,2,5,1
L00680,90431.10189988317,,30048.5593818008,39834.905175573884,26943.993421472373,1,8,16,16,1,0,0
L01202,56411.889177494944,922.2850802969488,7481.652548315649,46839.52599820884,9175.589562195642,1,7,10,21,0,3,0
L00564,58479.52935664318,2397.584672083768,20479.810943673023,5000.0,5000.0,1,8,15,3,0,1,0
L03719,61371.01861504967,2218.659026182871,22054.57844281314,63864.12037831158,24834.28230647461,0,3,17,4,0,2,0
L04270,83588.1996958163,1452.8076302272343,13638.12885461675,40815.03489198089,21516.080686445628,3,11,3,21,1,1,1
L00064,41075.867518386585,727.1482293587451,39816.84786466851,32668.003024736026,25604.146322087054,1,3,17,15,1,3,1
L04230,65171.121616487,1815.6366758385454,28124.11652915375,31534.593629739502,7706.4676178588525,0,2,4,8,2,0,0
L04794,70285.36543291273,1035.0914376331687,6827.461394278947,40894.81847510626,18333.72891945605,0,9,3,20,2,3,0
L00942,82449.14656560289,2417.1214359230135,11522.250538609009,56030.574702019265,,1,7,2,13,0,2,0
L02053,51837.670218494866,2640.0392332427414,32825.3700868291,76391.28420779579,33353.45356737042,4,8,3,23,1,3,1
L01758,84057.49094405878,2193.611424453519,39283.29380566333,45014.499456265126,24342.914613157307,2,9,8,3,0,2,0
L02054,,2059.726588402015,15398.52132663524,32083.42186081861,18175.912992640813,2,2,19,11,3,1,1
L02108,77767.83851216765,1680.510803480287,42178.0644879303,36459.48714765938,4828.966328168908,1,9,16,8,1,2,0
L03591,86367.58667388033,2963.8609393173206,12794.167741635225,73125.22396509806,19031.54339048215,0,7,4,2,1,2,0
L04174,45675.07360493492,879.0186739942847,41008.887896036846,51398.69264764726,22711.842050438772,1,3,18,14,1,2,0
L04029,96970.76224192683,2036.1798066761942,29397.59290697269,41186.1078694392,31045.545249911913,1,10,6,18,2,2,1
L02524,58729.40627655204,2160.980812908879,16472.49212933678,65432.73728874785,12933.782440437015,2,8,13,13,1,3,1
L02078,89077.68874337632,3447.876001389922,26398.42886472828,51963.48434028931,26445.32687313047,2,9,1,12,1,3,1
L04896,64803.10382699234,1177.3531575947973,27882.36794515059,23292.334338984747,23292.334338984747,0,9,2,19,0,5,0
L00692,88186.59606728496,402.826619536773,30717.244241841363,19028.52977977187,17318.7296937215,1,8,5,19,1,0,0
L00178,94070.68154314633,317.58521368194465,27495.74316064444,47599.54682363504,19411.735908319497,1,8,15,14,0,2,0
L02131,73769.51477619454,1740.5237361931806,41596.83981955883,33402.20105349391,26342.52876471426,1,7,6,24,0,2,0
L04730,65386.88141623508,2110.143903226277,26153.796225059898,47061.2986232168,31051.135432740903,1,4,19,4,0,4,0
L01089,59819.15708358594,2011.4038108858713,2000.0,14508.557205887228,14508.557205887228,0,9,7,23,0,4,0
L03958,60209.961559565,1514.06796146344,30246.686246914298,33782.25673798524,8344.706104236882,3,7,18,20,0,1,0
L02802,118860.67327960994,1256.089168211051,11844.92561186679,40828.45654721667,19242.855963922422,0,5,17,16,2,0,0
L02596,20062.213320307892,1271.3326113518833,14033.874303720213,16165.155962833367,16165.155962833367,0,11,13,4,0,2,0
L03307,75640.12397643886,660.6659198499208,17150.444551223853,29227.935118559053,19489.45587239942,2,8,5,8,1,4,1
L03932,95560.62718775665,1941.409682600211,4093.4900704328684,40207.535848335916,21516.731858014038,0,2,4,24,0,5,0
L00005,60316.93250553328,,33971.78531461913,28791.740372698845,5099.17324423382,0,4,3,20,1,0,0
L01980,73141.0457424907,238.7176696936906,44369.71077061629,42335.1308153258,13400.45986853402,1,5,5,17,2,1,0
L00120,80038.66065373548,2453.469609144785,10770.853225524294,71482.61845528659,6829.018032450216,1,6,18,20,2,3,0
L01578,88294.78708914343,993.7056694222958,26685.23602818836,76809.08009388085,,0,9,6,12,0,5,0
L04413,43831.18732716695,2246.9562263374555,13415.24108827358,31855.364398419817,12445.392797989472,1,7,10,16,1,3,0
L02211,39991.84532060565,3693.931491221697,8140.733340297535,27484.35532367893,27484.35532367893,1,2,17,11,1,5,1
L01832,69664.32262527003,1199.416314395521,15832.698900435984,52323.46186936922,25390.94104255102,0,11,6,8,0,4,0
L00081,60606.56224324976,1005.128387524771,40486.6306896655,36635.39758084531,22748.930089109723,1,6,10,10,1,0,0
L04567,82049.372868659,1010.8476007206027,14774.032185985223,30673.514686167517,,1,5,9,9,0,0,0
L04782,70831.27353363945,2657.180744203648,16772.18783433829,42088.350976954236,19606.393751898504,0,4,19,17,1,2,0
L00243,75099.74557960914,2400.6982235210658,17214.457332822818,48881.54474803737,15133.371926763044,2,4,18,2,1,2,0
L01413,74117.75544163215,356.9996127260031,26021.978249123513,71514.80784719667,,2,7,9,19,0,1,0
L04277,53031.24838837906,,28067.300025201064,63030.0057495777,11455.334937329679,2,3,13,20,2,0,0
L01007,82903.86440055465,1543.0727690354381,17333.810318243544,32739.705652055825,29506.278731265123,2,10,6,11,1,0,0
L02368,30852.840848141066,1424.522826858631,27837.1141982395,52146.68908842138,9596.198491560892,3,8,3,7,1,1,0
L00620,69477.68048558263,1676.87581842025,3102.9651637845454,34617.604435846755,26528.803714722882,1,2,9,14,1,0,0
L01801,103023.81371506015,1040.8377377850575,21995.212819314944,72114.55444495531,15096.715556573938,0,2,18,13,1,0,0
L01834,70742.48330403649,1887.2663762798654,5962.705249701046,27949.319392505648,12739.958967539987,2,4,16,11,0,2,0
L00674,57571.18268008417,4059.464472802437,12798.477685423142,10774.322399017732,10774.322399017732,1,9,14,22,0,2,0
L00101,36692.585158991715,2623.0151931387845,36056.47597507964,62094.753664447446,1000.0,0,6,9,24,1,4,0
L04185,,1663.0565041628804,25113.899376964273,29920.357699697564,22849.64915162697,0,6,12,12,1,3,0
L02138,95980.40302990374,1311.0582783845384,22742.736901901448,36566.79755263087,29073.429460610176,0,6,18,5,1,3,0
L00307,,1696.772707896173,22146.940955443668,41085.632734223385,11818.657783623254,1,7,3,18,1,0,0
L04455,90353.03022375947,2422.2381047021718,15322.1760571171,31220.64203025445,17241.260441834598,0,4,18,4,2,5,1
L01488,,674.4180303168089,10986.733712302901,38533.07504373696,18321.645676195694,1,3,11,7,2,4,1
L00417,96023.03951045046,1494.0380818645679,34724.28382816596,27493.791389213264,25198.829317679476,1,4,16,5,0,0,0
L03824,68650.02061198426,1280.801183621474,29567.27002853428,67094.23444573898,14897.502102714696,3,7,18,3,5,2,1
L02751,100109.51396630981,1817.5110569318679,7669.595953821457,41778.91634585311,16755.674182515133,0,10,4,22,0,4,0
L03073,69046.57592845603,1305.307983964696,28984.25134384372,45549.688208211206,8287.317898413849,0,8,19,16,1,4,0
L04317,42450.078020939225,1572.168472387684,30247.017407860974,31988.175375806564,15537.04888485681,1,5,8,24,0,3,0
L04481,41109.5412046793,2267.069665231247,13411.557217010408,12400.116258795511,12400.116258795511,2,10,2,18,0,3,1
L01376,60813.526456962674,2678.7879008414548,5186.23108284736,36700.44869990455,,1,5,11,6,1,5,1
L02489,65507.768410848206,2000.5025856826417,21894.435651191467,24579.420113607048,12057.181528649653,0,7,16,21,1,0,0
L04296,34456.64286820705,1004.1149180259671,26300.135238113548,20128.211344011623,20128.211344011623,0,10,10,6,0,1,0
L04607,58096.70589100407,200.0,16245.097869038786,26531.036599299143,26531.036599299143,1,3,10,23,1,0,0
L04905,77890.36983290582,2576.390767690704,7352.933183824331,47957.346977948095,21530.3175278115,1,2,3,7,1,3,0
L00313,81508.3269797606,1155.923855175593,16331.866821976608,61856.527393411074,21559.18586051112,0,9,15,10,0,1,0
L00274,65204.66122039174,2359.135748064631,31397.35481747104,53744.93430157857,17347.76134549466,2,8,15,14,0,2,0
L04102,49423.259143591305,2617.570524048003,17788.972278381683,36493.12948600425,6136.209277842161,1,5,4,13,0,4,0
L03789,68621.25485542165,2343.4350559858794,30183.137363199618,58885.67506095857,18454.411801122606,1,8,9,18,1,2,0
L01046,82673.19874973345,,30594.14254759453,49940.17536529247,26779.632895993345,1,3,8,20,1,4,1
L00106,73081.01713629077,1961.3223241034036,16537.35990822535,67928.72317225259,14811.629571783118,0,3,11,17,0,5,0
L01489,34486.873708598105,2121.8144617610383,15729.491545526495,57774.76671400474,11421.052426570259,0,9,3,3,2,0,0
L01721,75262.11596352165,2254.6187017222273,19862.297519376512,27460.90335750237,16193.09310897589,0,5,8,6,0,2,0
L01209,36947.89456400613,1749.3808320824674,26868.42068967491,64943.70482481164,28915.784566951166,2,9,12,8,2,1,1
L02332,63568.014962838664,2379.592848305382,23430.849370279942,30877.69672569386,16229.391828179558,1,9,10,11,1,0,0
L02197,73517.74412386071,2160.124507157318,15415.264047387442,57418.171036174215,34165.403509931435,0,4,13,19,1,3,0
L04480,86077.83104591767,2635.2201035539038,29566.424651069377,40329.59943944825,9354.82026916961,2,4,3,17,1,0,0
L02001,51496.43450051237,2428.148065848301,33748.140575856916,34902.68247537554,6423.67555051093,1,5,1,20,0,3,0
L03437,76474.88842008826,1926.107646752755,2000.0,42806.52305833409,22503.986972793056,1,6,3,8,1,0,0
L04564,,2912.514876759966,19463.59546107498,46058.32142110928,26403.371109296717,1,3,19,21,2,1,0
L03894,26839.957257533846,,21189.29258991975,72452.12280550213,15454.917006977295,3,3,17,22,0,3,1
L02283,88882.18806094745,3373.533570006603,28561.162018602707,48860.32067266286,10251.644234714031,0,7,12,9,0,2,0
L03344,89600.011454383,735.8189954869297,20246.41825605159,59584.68342760071,15750.885899171577,0,9,10,24,1,5,0
L00495,95462.48154539315,2144.68993521203,14942.444377728021,23946.168399783757,23946.168399783757,2,3,1,11,0,3,1
L03106,72228.34634546205,215.33082326189287,2000.0,58829.84784296408,10864.001743969373,1,2,8,18,0,2,0
L00161,45506.36659545357,2018.4085739955085,7068.101877910687,27403.038889769487,23461.469439524015,0,11,7,10,2,4,1
L03210,74024.50638637017,2074.526843357933,34568.78031674922,62106.06367114253,2777.714392868056,2,11,18,23,1,4,1
L02115,79816.48690840251,2649.0050068096944,18711.105033291908,41195.41101074068,12270.963362577986,1,2,18,10,0,3,0
L02387,60391.98571588466,1547.1336311016214,18712.751870337088,44162.18862006199,2293.4769007772557,2,3,17,20,0,5,0
L02297,73367.96441777368,,18553.651629918437,66367.40349252927,12861.458397069866,0,3,2,3,3,4,1
L01407,36563.78666516313,1734.1970402628374,14293.820498746612,20376.201168634427,20376.201168634427,2,2,14,11,4,1,1
L00845,68329.04416426113,2376.797562324509,18187.627127271266,55279.36765050716,36051.98015209525,2,7,14,13,2,3,1
L01106,44201.881457489384,2650.2829544265733,3251.343444982889,73318.05091407942,27888.946307844868,1,9,2,13,1,5,1
L03368,68555.00212536062,2106.3373680458103,2000.0,43698.28143245977,12516.277035795176,1,10,15,20,0,1,0
L01568,75318.78435408199,1645.2578971350356,19520.83974256991,51794.473463504175,4500.008215039923,4,8,13,14,1,0,1
L04741,75377.42360880243,1148.6773947219172,27425.042296645155,37471.81126144663,18386.872772264618,0,3,18,20,0,5,0
L00520,80027.74246743578,597.7035130540885,43173.24144370953,42871.630710169135,4113.558314033435,1,11,16,17,1,1,0
L00090,75265.34866226712,1229.1322640742592,37061.47240774946,7644.4491216497445,7644.4491216497445,3,5,10,22,2,1,1
L04661,94639.21536873071,1758.4361832793777,28209.33395613991,62790.67274427929,16234.111251824897,1,7,15,12,1,3,0
L01361,,2518.6876546775884,35295.342439705244,25623.259281177885,1483.4303631994371,1,9,10,23,0,3,0
L04115,97592.84262225596,1811.4297695071912,2000.0,34135.00837714542,34135.00837714542,1,4,4,3,1,5,1
L02664,46033.03991551598,2330.272874417306,18669.60224261081,48505.3274935484,22585.749007371418,1,4,12,14,0,2,0
L01757,62251.02970744616,2076.893863038178,22950.27885272073,56315.901270082795,,3,9,1,20,2,0,1
L03642,61348.62051240918,1183.660160689697,18005.75219013983,52786.61897232014,31893.9137861293,1,3,10,20,0,3,0
L02810,54009.194508089306,261.78258235013095,24227.160626009645,45316.09851211508,19085.7963803088,4,3,11,2,0,0,0
L02235,40776.56141438437,1297.480480195486,20434.9616979079,56711.23654203158,20138.72072175976,0,4,9,6,1,2,0
L03893,49001.189865961314,,21019.68928720212,25809.3997262267,25809.3997262267,0,3,11,10,1,4,1
L00446,78393.45097660077,1622.489382966185,23973.134122902666,47058.57189100446,21518.190927437587,3,6,5,22,0,5,1
L00535,51963.27784395682,1671.664494419722,5770.25037996436,34724.88635734343,11763.56870144356,1,3,4,4,0,3,0
L00328,80833.25387925871,1974.2418717989808,26981.119956445415,17472.44613055243,17472.44613055243,2,5,8,9,1,0,1
L04626,90230.38505071032,1256.0752826025348,44446.82255430256,45490.83873191187,25637.147224289292,1,6,8,5,1,5,1
L03846,,1206.80140006982,18311.168970629762,44118.04281374923,20236.2060241465,1,5,3,17,0,3,0
L02369,42669.51120102682,771.3087861762281,29404.212140477513,19826.69828828201,19826.69828828201,1,8,12,5,0,0,0
L04004,74452.60691686811,246.00184723058396,30093.109039313007,31359.622442849985,31359.622442849985,1,10,16,5,0,3,0
L04884,74507.31221384021,2158.1570131160097,25533.937974589568,62120.40978018523,8030.620733318958,1,5,8,19,0,5,0
L04376,77920.12374229103,979.421284020314,29833.847241542397,40194.45912207639,25351.21008799532,2,10,19,15,0,3,0
L01692,55501.92686754951,1237.670849568346,39624.73164869612,43578.371059593206,29758.146536025306,1,10,2,17,1,0,0
L04463,81862.1066464648,1723.0301903675368,23414.789529346737,46684.65256735149,22014.36543917286,1,3,6,9,0,1,0
L01409,58546.403223157286,1449.8101420765404,18853.985525579512,43848.660937739616,32769.830590630525,1,8,4,12,2,0,0
L01482,57543.33695816466,200.0,25363.22969321281,44657.189155089,15535.164144055729,1,3,2,10,0,5,0
L00988,82547.24581151342,1832.7397989831384,20212.931154365044,21666.614206120696,21666.614206120696,1,7,2,10,0,3,0
L00844,72648.19492368102,200.0,27915.710184530977,107186.26376538635,33527.74175754248,0,2,16,18,0,1,0
L04389,,2621.720828714521,23029.652424646105,20332.84267319536,20332.84267319536,5,6,3,22,0,2,1
L03823,64102.13939754926,2012.13113819727,21622.82050234409,72267.46062138655,8539.320578916715,2,10,7,14,2,5,1
L04784,45430.00908266787,2058.59775002685,27068.11397663049,28464.248386199404,20617.818231935213,0,4,6,11,0,1,0
L01157,51236.99309644553,1673.1698460668347,17971.66571525196,29859.233675671196,13668.136606347667,0,11,11,15,1,0,0
L03768,91070.15863869518,1949.9675056711287,4150.560308081425,54459.26876582068,7507.030742648534,2,5,1,11,0,2,0
L02162,69930.0955686401,1754.1836713423181,29051.486589381766,69529.81150576875,32474.967235682736,0,5,1,23,1,5,0
L02107,46987.585307042624,252.02870620762315,20596.8377195284,34822.94154285114,24810.976654282444,0,8,1,16,1,3,0
L02773,61464.51673768436,1567.6468143910804,29012.55639443369,16087.259804118992,16087.259804118992,1,5,19,21,0,2,0
L04990,112842.19270547986,1183.3490955087286,18827.716117785243,33808.838586676764,33808.838586676764,2,9,11,22,1,4,1
L03122,52756.66165690358,855.8146126397039,11486.781857607702,37609.621378653035,12831.733920918858,3,5,9,13,1,3,1
L01207,50960.16624386489,1480.4276076217177,26500.546711851464,61181.44562016384,15782.881481564971,1,7,5,9,1,1,0
L02116,54735.72867056829,1453.2883466510775,29193.276018294382,30926.884014862248,16377.583022426203,0,11,12,23,0,1,0
L04440,75002.86066227767,1716.792617820244,10645.676909694314,15226.904298547139,15226.904298547139,1,5,4,13,1,2,1
L02519,60404.007388496124,200.0,30884.469303585545,49559.99561908289,16963.118103231624,1,7,17,12,0,1,0
L04495,82134.04960485111,1059.0693892134334,30392.2514466879,25306.520280481735,1000.0,0,9,12,10,0,2,0
L02251,62449.017592449316,2069.02231139805,31259.661298522296,12874.869189636487,12874.869189636487,1,2,8,21,0,2,0
L02467,49734.27791642837,1541.5661049815944,19099.695985338072,36017.15707849977,15872.061556477081,0,10,1,22,3,4,1
L02598,69225.67384558945,957.9622465039117,29536.442816334635,31576.019854346967,14930.51309740374,2,6,9,6,0,1,0
L04795,61997.66097492387,1327.3453215268567,28673.552844546783,37554.08080409538,16886.63346552812,2,10,4,23,0,2,0
L01916,54146.52400531957,771.2002347868051,24595.95646698954,33020.16222488384,29974.209381243505,2,5,6,22,0,5,1
L04955,71537.10801220874,2003.3021496571482,27030.892533366627,40487.23082129865,,1,10,4,12,1,5,0
L02040,29618.481902217638,1173.9269099614935,11295.317569799288,49369.099673414166,15075.586160787374,3,8,17,3,0,4,1
L02719,53152.88088695893,1560.387969962018,41380.94899393139,38763.310612762696,12776.663761497957,1,10,8,15,2,2,0
L01809,33376.18595935733,1499.493071426128,32733.665824449723,54764.44667795568,2763.146214409884,1,7,5,14,2,5,1
L01055,53993.8969230916,2072.972673993627,30264.531108587624,45686.854496038555,1000.0,0,10,12,20,3,4,1
L00709,23361.411842325557,1181.2353247732558,20174.151215875583,21636.624874666293,11929.119402624185,0,4,1,13,0,3,0
L04321,64602.52729263377,1440.873290149595,10806.091202540902,57313.522073496395,9229.872991512273,0,4,15,11,0,1,0
L00781,68554.02001866508,,9534.380338405736,33303.18282617428,29824.388307289075,0,8,19,4,1,4,0
L03666,39842.63688182224,2487.704629483877,16845.65135318615,13769.30443871917,4265.651610094861,0,4,7,24,0,5,0
L04872,92202.31800360625,817.7371471544063,30653.5870905007,41025.90790954994,19459.927980807417,1,11,9,18,0,0,0
L01383,108146.16426531007,,7702.757569696289,26560.794946168317,26560.794946168317,0,9,17,17,0,1,0
L00512,,2382.814914811629,22002.23947995788,65288.052283322846,17240.369035449992,0,8,6,10,2,0,0
L03229,80586.98007810664,1602.7431565923405,16137.149504478479,52558.142300930216,9458.945630043145,3,2,16,4,2,5,1
L04101,34995.562771061275,1527.1256542867134,2000.0,52265.29469581832,17618.304576240283,2,8,9,24,0,1,0
L00921,86472.63499719545,2801.8269295653117,38253.30309075195,41990.269286996154,27707.831479812558,0,8,19,16,0,5,0
L01735,80998.838038841,2291.9557112251023,14271.662691110363,46157.60187229572,27803.95594585185,0,10,6,19,3,3,1
L03601,48521.29026056001,1492.6546674344195,13093.039147377227,39329.703978397156,11873.942395243937,1,4,16,24,0,1,0
L02981,70280.4016266734,1056.8588140314157,9185.850202219737,52814.760087606744,16080.463318213913,2,5,7,15,0,1,0
L00588,48003.112610704164,200.0,25216.52659591586,48770.880205539106,33701.38904804557,1,10,19,13,0,2,0
L02800,71022.14678383485,333.0353858964522,38070.19008249281,29410.22251751634,10160.519341174455,2,3,12,6,0,5,1
L03293,90539.30772176376,2443.9467125858605,27475.265304356202,50307.66212647973,24404.79797387217,2,7,13,6,1,1,0
L00776,33595.50560219087,757.7241891802037,24165.547383782057,21596.26485557139,8092.905680548391,3,10,6,8,0,0,0
L01565,79736.87794184867,1782.514602046301,32694.473881241895,18315.84698835156,18315.84698835156,0,3,9,16,2,2,1
L01357,54075.11103495034,3516.659940061191,22533.84272479022,27577.897935806548,23974.040328868454,1,10,17,12,4,1,1
L02125,65449.31785624093,2873.7441049958834,30987.26774013644,7348.304485422275,7348.304485422275,4,5,14,24,1,1,1
L00829,56596.263658082855,1928.471546537408,16472.0908245482,68874.10769780586,10679.13586442643,1,10,7,16,0,0,0
L01422,86450.14674619604,1142.5481372629233,28099.513873319775,56778.12114003924,1000.0,1,10,6,6,1,2,0
L03237,85148.87946390397,2531.261731379227,2000.0,17178.368619017725,10438.319397493306,3,3,6,15,2,3,1
L02178,68694.81157791449,1028.1682098962515,13284.09528931572,5000.0,5000.0,0,8,8,13,1,3,0
L02415,85353.22933687005,3631.0325287042315,37120.67949141453,31767.192105516206,31767.192105516206,3,6,19,3,2,4,1
L00724,79865.2818804543,1316.9293620054507,22712.872605494616,33299.09701415757,13608.607822149595,0,10,6,8,1,3,0
L01697,44993.37350788851,2597.647485162913,15704.057681362023,39666.99664847013,37564.93281675319,2,2,14,4,2,3,1
L04529,63937.863966061785,1940.482839843496,35435.46506622051,23883.05850465997,18377.80850978447,2,7,2,10,2,0,1
L03380,,1984.56939925997,27593.55409715436,59878.95404691083,20280.846170385954,0,5,3,3,1,1,0
L01404,,2203.4165984307074,11197.329402193072,64302.38027435061,29973.506565515258,1,4,6,5,1,3,0
L01964,77904.31171900114,1526.281079098209,12099.862860968607,32997.16884400121,10947.438402235568,0,2,5,22,1,5,0
L02262,73085.89509923395,1809.5043476142337,21106.64134528954,57962.41774846545,8383.526143628587,3,11,13,8,0,4,1
L02809,83307.80551120323,3111.405213393402,18115.88759011225,40160.39967694721,16037.646899308314,0,7,10,7,2,5,1
L03784,41555.3249312672,,21483.020606247683,34464.99716122702,28138.40570650689,1,6,14,9,1,2,0
L03223,92410.72287993427,2235.699659599471,30982.445728562292,52237.80265117774,18991.586524554248,1,4,6,9,1,2,0
L03060,57086.38576487472,1006.7783671162942,26173.293016604395,42037.626221621686,12482.56435312812,2,3,13,10,3,0,1
L01216,89954.84145347468,486.8959075183225,33119.53360860409,59136.57731137484,29138.2665614555,2,8,11,6,1,0,0
L02732,98700.28557417018,1994.7800617094163,27705.847001198596,6109.206131437211,,2,11,2,20,0,1,0
L00883,55211.21114963556,2337.834726432322,17182.82949064474,29351.21300571903,29351.21300571903,1,8,16,23,1,3,1
L01904,72392.84384396188,1427.0491104430216,12229.278538585988,39642.34347795825,14244.145461547087,1,5,1,4,0,5,0
L02384,64026.95296859098,1163.2088719929968,18389.128366131306,34087.628552108894,1630.1683877485448,4,9,3,2,1,1,1
L03876,88837.98668827146,1533.561903219582,19574.83550473978,58914.275282213915,40129.55849433983,0,3,8,22,0,3,0
L03235,39390.88857995067,2644.881001335991,35101.948560543,36086.93798131165,36086.93798131165,1,5,18,24,0,0,0
L03121,,2712.200442136964,25147.625614551638,50340.73814463438,5913.367322414089,0,3,9,6,1,2,0
L00157,102315.49022289514,1909.8819835256288,11028.561302295364,34877.19377492042,13536.827023025831,2,4,4,2,2,1,1
L02795,64371.21659250447,1859.0907475287042,47032.37805069488,71909.46120624352,25267.642170046776,2,9,1,13,1,1,0
L04424,83917.39287368291,1891.8760722222023,18552.334201263435,42530.39117214088,26561.20456368646,1,6,7,2,1,0,0
L00879,64671.54207854496,1146.073492468528,8612.762938644266,32285.965426440387,4391.222935191927,0,6,3,24,0,4,0
L04914,68159.48624502904,2436.6910498729812,20504.14684682624,20501.883889473214,20501.883889473214,2,4,11,24,0,5,1
L03125,62212.055986735315,1533.2109752242438,25497.478152479816,65645.58850910996,27689.915363449174,1,4,10,16,2,2,0
L00343,69899.33142217445,438.47821598533164,15487.125350168182,51626.34117618461,29347.481295413476,2,3,5,11,0,4,1
L00637,81463.41167923828,3467.7703369848127,14068.65336386063,70163.54553120151,32604.293992232582,0,11,7,8,3,2,1
L01428,42935.83268556633,3000.6744242243026,16097.780336943651,20016.33119854832,12155.580812587536,1,10,18,5,0,1,0
L03625,102955.34033491954,2617.5702213425134,16086.506202017223,37023.15340683946,1000.0,0,3,12,13,0,1,0
L02564,70107.67511348634,2498.229931575688,21165.892652534385,76346.5919592033,17040.324269517398,3,9,16,2,1,1,1
L04458,38337.432904443864,1841.8982149820547,31878.344213079938,46435.10272024581,16381.860119154748,0,10,10,11,0,4,0
L03007,74720.72578835273,1881.378566777416,13844.082287808502,14184.293115555058,14184.293115555058,0,9,15,24,0,5,0
L03980,44006.89002180118,1621.3827292533524,24315.187720464615,52438.35378455668,17586.989782986886,6,2,7,13,0,1,1
L02926,70044.80792853356,2280.586412116473,21617.387175358443,37212.915848503326,11308.707575020699,1,11,13,21,1,0,0
L03465,68505.73557867848,2590.8870347993397,24606.561547052028,61717.86649227046,19230.35463559565,1,10,19,3,1,2,0
L01018,55322.28331891357,1955.4667706705866,14525.707467507953,27715.713325394187,23612.52283363536,1,9,10,21,1,5,1
L02716,22999.46984696752,2334.0384642959966,22912.71898167573,46440.26070491906,28169.851431432842,2,11,7,16,2,5,1
L04961,58625.033695077334,943.4668750478573,28289.391096964737,38248.53818040542,19538.207873407315,1,11,6,15,0,3,0
L04892,,2532.6590252780834,4038.022446654486,6910.972301284324,6910.972301284324,0,7,7,18,0,5,0
L04568,40416.32804399167,2213.4602126595605,26408.197989057157,38565.80464882119,13937.959229547405,2,5,7,4,1,5,1
L01959,86121.13618132104,3933.524177856007,13668.584766710337,10202.092870337165,10202.092870337165,0,11,8,4,0,1,0
L00640,39098.42455872768,1985.2859793344735,21720.305855130176,22496.23297942835,22496.23297942835,0,6,14,15,1,0,0
L00220,66637.48278772645,840.8388816048993,27212.299906445412,53212.10280226333,31766.37548616744,1,7,2,20,1,0,0
L03873,43052.633620578665,385.47447059741444,36591.60994188691,36857.074277244166,23029.90856665729,2,10,6,13,3,4,1
L02374,75035.6547233509,272.64203281820573,12471.389594136996,52859.37256184523,24944.40923493606,2,11,16,5,0,1,0
L01857,92849.30600128658,1921.125912499822,19626.87765804782,37115.45223577559,8919.466731705577,0,6,6,18,0,3,0
L00055,85619.99044991902,826.7353566914323,10955.481721450038,36983.68096599448,25734.33791687982,3,9,7,13,0,5,1
L02879,70843.85456652746,1334.3509327255902,30276.575097351986,15244.682437682059,9419.382827094825,0,4,17,20,0,5,0
L04116,57546.48832096051,2528.7555230715802,25860.2461870856,33577.71620368128,22454.37622578789,0,9,12,3,1,0,0
L00289,70619.83735470065,1315.875011515202,16133.054112381273,65496.14113297964,11393.5086808527,2,8,2,21,0,1,0
L02453,63656.434199012896,949.3164001357451,27491.266755583652,58495.58700176419,18633.813085224276,3,4,13,10,1,0,0
L04114,34390.77180513246,1541.1880425724344,17100.559790260377,42476.49327239839,19821.392990250824,2,8,13,7,3,3,1
L01775,50150.588286039034,922.4999364928111,35029.28421945811,60423.07304272167,37550.836057615365,2,9,12,10,1,4,1
L01448,76727.28037510187,1430.9863596013543,30255.570748695653,38761.14511875232,18217.80987432144,0,7,1,5,3,1,0
L02817,74641.33454670772,1336.8385941208614,22963.77123114036,32808.10883574312,21585.666954686098,0,8,19,11,1,0,0
L01251,71617.60464428914,1344.2408296594149,34833.545772882055,40168.122297938484,26765.487604029506,3,7,13,21,2,3,1
L03390,67781.20797306835,797.2786253639852,15695.548092068202,42475.60954806609,19853.586461966817,0,10,4,7,0,5,0
L01459,90795.05508165491,1241.3905209988861,14581.568389915246,40128.06422768754,14708.873327254943,1,7,4,17,2,5,1
L04753,60281.669413757525,939.47961314009,22309.4808826783,40785.59259587494,21222.84462362201,0,5,15,4,0,1,0
L03516,74508.61365053247,1985.384753624314,6848.850637505193,54052.21475384,21965.119260012147,1,11,14,13,2,3,1
L00104,48954.45461556762,1862.494188188813,15264.603521027571,17243.90444641551,17243.90444641551,0,11,8,13,0,3,0
L00556,56762.460677550655,639.2576871110207,6854.264909414434,24109.8896908776,19429.200968041023,3,8,18,20,0,5,1
L04819,77552.12595123662,928.525889830315,24424.629717227108,65946.81081184365,5002.851890914408,3,4,5,23,1,2,1
L00884,85883.21754138144,599.6187606695987,24426.028130549414,56380.831171582024,16092.482300953827,1,8,3,14,1,0,0
L04233,52782.84720389868,1855.1249064967776,9499.743444123958,28016.516528603042,21890.995567668513,2,7,2,7,2,4,1
L03378,45709.24410179617,1057.3873290752033,17134.143302993467,32515.31885416172,32515.31885416172,0,7,1,8,1,3,0
L04080,58887.61777863374,453.0139459087611,28689.644817181823,20753.718454353362,20753.718454353362,0,7,5,18,1,1,0
L03095,47722.340788204674,1833.5167369234211,34354.83769503069,35017.034257871,1000.0,1,11,17,15,0,2,0
L01891,75925.684960074,2608.671788016251,18400.889064333285,45322.2717726759,21613.87049634509,0,3,5,7,2,4,1
L04425,46988.19294927877,2495.0386706444397,17721.657842821274,44914.58855082131,1000.0,0,9,17,17,1,2,0
L01556,72347.31013632356,,27085.353176271306,45469.02705557248,30611.627323738507,1,10,6,10,0,3,0
L03508,63779.92056289233,1129.458814134775,20395.137796714374,38499.305333445,37238.84876422766,2,10,4,3,0,4,1
L04825,63747.03555756357,1659.0926418313773,35567.28490712121,26564.672324563413,26564.672324563413,0,3,16,2,0,5,0
L01734,58936.40434331449,1255.6047617887618,20073.93561239194,27423.276236536374,24834.947019642914,1,5,1,9,0,0,0
L00425,77907.51899170295,1657.9232041930088,12455.613737090367,42540.66204914061,29680.29607196348,0,4,1,8,3,2,1
L02398,44920.852558370025,,20345.759478181066,29055.131765588198,29055.131765588198,2,9,16,19,3,0,1
L01384,52885.70153993323,1698.7848824368398,7791.060147765567,44065.51379291867,32630.28069816903,1,8,17,2,2,3,1
L01032,31628.318522448208,1460.1349219794893,27735.58836877425,22315.057405646567,11209.831138352502,4,8,4,16,0,2,1
L02506,48491.789400420894,200.0,33701.923340705616,59397.22112531907,32867.98852725901,0,4,4,17,1,2,0
L04993,62703.95502481873,2329.735003158,24122.996176604767,53332.582293099884,18102.132540951872,0,7,12,4,0,1,0
L00247,55501.09377678088,1320.1423813441206,8675.50219001795,45512.93571342118,7241.467953186715,0,3,9,6,1,2,0
L03770,53941.58325265396,2423.8629126040396,22939.0648166045,44038.52699329387,8229.796119773058,0,8,8,18,1,4,0
L03531,94948.63366359253,1094.4313885862607,28378.98316259925,51348.911777596484,6612.0078842055445,1,10,2,21,0,4,0
L04209,47862.96269744402,1997.8171616870047,13680.288919214687,34304.03312449241,17645.555421264908,1,9,12,13,0,1,0
L01534,62047.948274026625,2804.27982423078,6295.249546320294,71187.35047700207,3338.107619733928,1,3,4,5,1,5,0
L00167,81441.2031998898,1397.144304873826,37193.36351090644,23130.164675005093,18151.15016901314,1,2,9,18,1,5,1
L01086,73600.8329438214,1533.5699047569906,21669.31998638232,59219.04468102014,19656.91643427541,0,8,5,23,0,3,0
L00421,106214.95849763975,1827.12217894587,32562.884837461228,50837.436541644056,9739.381691076074,0,2,18,17,1,1,0
L00159,41173.93005594703,1652.6833474534383,27025.46246454182,24127.7351129397,18064.542508324113,1,10,4,5,0,3,0
L02229,27669.200972787672,1928.5199522824933,31669.17401075468,37485.52711767454,27625.10580763997,0,9,4,10,0,2,0
L01399,89008.27815888851,2504.0527703658736,21618.654311753595,53626.21358629243,41700.9499187626,1,11,5,2,0,3,0
L03074,97637.13798178217,1164.0850823986477,26601.97681230041,27939.8050306863,22537.245031041926,0,5,11,14,0,2,0
L03920,63811.69637455012,2460.7388664245227,42191.99252711264,25493.71190800689,13582.989695774828,0,3,14,19,1,0,0
L02620,94116.44644293532,2115.180180691522,24422.911858023184,81146.69308695619,24408.79898237482,2,10,3,16,1,1,0
L04059,84239.74378143682,614.214861058153,43503.107933312116,75320.67096616139,22720.26896628827,1,7,13,12,2,5,1
L02293,66706.36285130048,1299.2671858523183,33264.3371674603,46775.50301463909,,2,6,8,20,2,1,0
L00968,101018.80865821632,2779.0847348340744,11737.576246971,56609.09458005706,21401.800310015926,2,3,6,21,0,4,0
L01626,86600.96131429297,200.0,3750.2225303888335,18469.467594296664,17201.609241570608,0,3,8,21,0,0,0
L04838,49824.6948412925,2734.864291418705,17637.098090058433,62410.078715613185,6918.784230275136,4,11,15,21,0,4,1
L00549,72422.91746742617,1406.4344761044135,18125.08685094566,26740.15151616998,18615.821476600257,1,8,3,13,1,1,0
L00947,34489.49658150523,1319.0987578649224,15550.715396777021,57400.72643359613,33616.234583088175,2,3,9,23,1,5,1
L01891,75925.684960074,2608.671788016251,18400.889064333285,45322.2717726759,21613.87049634509,0,3,5,7,2,4,1
L01623,83384.57869150407,2092.3153935401124,20335.144157184543,59962.05873459793,29333.42304207253,3,6,5,21,0,0,0
L01883,40313.02256240156,1216.8325999734702,18685.006117004858,28517.781693368714,28517.781693368714,0,3,11,10,0,0,0
L02966,59822.91199260337,1431.7545899405095,15752.274172223846,25012.196455575126,25012.196455575126,2,10,1,9,2,5,1
L02757,68900.49968056254,1035.1531586532844,26219.688214334576,42659.45819720963,1546.0567477709592,3,4,6,4,0,5,1
L03299,41932.98978808081,1650.2181427944959,11183.489037359392,38158.42861469784,7963.423740880771,2,9,11,8,1,4,1
L00077,66740.94136476342,1833.0299644699514,15431.645313055695,14543.55785065817,14543.55785065817,1,11,12,8,1,4,1
L04749,47634.78076803335,1254.3401615809735,23110.88351304833,14551.261899361096,14551.261899361096,1,4,14,6,1,3,1
L03303,69332.49950809238,1222.7447341279767,16560.899464867423,20212.420632518144,,1,11,11,10,0,2,0
L01219,48293.05893480485,1587.551589985167,28418.790614777692,27948.858103113445,10230.681789094364,1,11,8,7,0,4,0
L01232,37603.94040841844,1509.1413640679766,16108.396120110581,29819.43801832583,9708.70321921695,2,4,6,15,1,1,0
L02658,82804.95001673017,200.0,28513.30951995204,55099.36947394772,25038.878713794005,2,9,12,17,0,1,0
L00297,82991.99750866502,1863.6588279537327,2000.0,30551.989762939374,30551.989762939374,1,4,4,8,2,1,1
L02300,34938.39396480364,2697.1993694799426,28440.649229572227,63214.611603929065,29686.23785705837,0,2,12,8,1,3,0
L04272,54525.37394457156,2822.747966372572,31478.207764124665,64389.66940009598,16694.14661541668,1,11,13,10,1,2,0
L04579,53672.108175705536,934.3857719664511,28802.87165717757,53985.6286247078,30113.682571901794,4,7,5,21,0,1,1
L04573,81178.38538785439,1408.4686124044638,24043.198839883196,45145.727960410644,18927.060565661202,0,2,13,8,1,4,0
L01785,66648.79505869007,2347.560382109142,10636.248332961428,30733.05589778458,26844.93024696896,0,11,13,4,1,5,1
L03282,65600.62958328164,2899.5879851420477,22799.958552435823,39613.459661841145,17580.417884521834,0,4,12,3,1,5,0
L01680,56367.59374563903,1360.1685122895733,12420.72160504732,40077.14710812774,32773.74038513222,0,3,19,22,1,1,0
L02676,25747.48616654842,1206.0105777843203,25564.77104669492,30910.555240787347,26442.561808107916,0,7,17,20,2,2,0
L02392,46409.7827961518,1862.405934783086,44022.43273372913,56952.47038399175,2774.4517211971797,1,6,7,13,0,1,0
L04893,53611.00451015779,1509.4595530137472,27712.830531642965,28995.880808700404,13840.186569151478,1,4,1,10,0,4,0
L01966,66791.61362510498,2229.9829636851427,22464.612731541896,28448.2133915237,28340.275687263307,0,2,4,12,1,2,0
L04383,51663.02566096873,792.7480708414454,38630.42259596117,38321.24972201193,13237.000887652968,0,6,7,24,0,2,0
L03897,92869.09055048863,2224.274321336464,33762.25706758529,59755.88016951046,20890.04110553482,1,3,18,11,0,5,0
L00452,84102.84641002477,1888.7091062627342,14067.788027929655,46332.15538292894,22630.35181817904,1,9,16,5,0,4,0
L01132,73438.41508470569,1362.0739817865017,25947.573891079934,22618.10400363093,18979.617991815354,1,2,12,19,0,2,0
L03714,22348.087476903274,1537.299792466558,16130.773945549052,69813.01241535052,19291.660924747448,0,8,1,9,0,5,0
L03950,39419.385275604276,2247.862759062448,27687.696953394487,43140.314952814224,21089.53717270807,3,3,14,21,1,0,1
L02450,51189.17895367481,1596.4191386837267,20896.352407081402,42713.66012837538,12062.954204977614,1,9,19,23,2,2,0
L00834,49644.04869791743,2456.4428023103173,19491.66328188769,22323.449306039864,22323.449306039864,0,5,11,11,0,3,0
L03502,52453.73108097394,,24365.421936148632,26244.579568888144,9312.730457936736,1,9,5,13,0,1,0
L01465,53389.53100390555,833.7924859653182,54877.61187388739,27853.591876001014,18534.817209884593,1,8,2,11,0,4,0
L04271,62357.268221969054,2996.457389185941,20185.9396528281,19955.95545172969,18908.614151542446,1,5,17,11,2,1,1
L01486,83651.8166374618,3798.744386977196,21766.060397560537,23246.20732131761,,1,4,13,6,0,2,0
L00462,65705.27103943458,2327.7199984658964,12103.490338356365,51641.31059293847,1000.0,2,2,1,24,1,5,1
L03139,74469.43798070456,506.26248796356435,28099.09122654644,24982.936631722754,20065.368477351956,1,8,19,24,3,0,1
L03805,47144.24969016232,2120.135684160398,29463.732418253723,32576.790127310207,25115.256721178874,0,2,15,16,0,3,0
L04623,47253.41082288457,1945.7365021696814,20247.566370356886,49754.66796244514,31940.46983662575,1,8,3,23,2,2,1
L01137,88789.40977849282,2671.9239672726644,12406.450393518771,31605.187287622568,19184.492049102213,0,4,13,8,0,3,0
L02820,,1987.4074115654125,34635.39010796508,14397.06156710425,9423.710697651939,1,10,6,8,0,1,0
L02589,48999.22871204707,2117.093565173881,5933.972646419941,41725.38349514211,21112.209154834276,3,7,3,9,0,1,0
L00575,81588.11162366979,1016.0595401742044,10869.358988128224,44515.01850877714,9076.637020489896,0,2,11,6,0,2,0
L00105,61774.285766679815,2120.18868442142,13417.839682283733,49018.5518222751,14537.795845128181,2,6,19,8,0,4,0
L03247,73826.14303398492,1815.9963889651353,48253.055802689116,26476.517570447257,18888.872859272837,1,9,18,7,0,5,1
L02655,51843.30892295726,2666.8664824879966,23606.85498125653,62991.75827152158,6665.678545504314,1,4,5,21,2,4,1
L00718,68006.03522923755,1590.5933678231245,29489.361138059267,26912.33085091546,11609.01777428952,0,3,17,19,2,2,0
L03062,58342.79191234978,1920.481994275707,43704.521789445556,30500.051177046455,13153.191074873457,1,3,14,16,0,2,0
L04373,43157.57599302866,1328.0676830000534,38180.684811660394,49301.39796380301,25346.365326374682,5,7,6,5,0,0,1
L02529,106130.87129659083,611.8510698400544,29520.463836188297,45457.60651438919,28026.24760078478,2,2,6,22,0,1,0
L03215,79712.43994491494,1394.6921329696645,16435.34222150024,5000.0,5000.0,2,9,11,13,0,2,1
L00966,93802.34430898946,1900.7211107159671,20297.76208028821,58279.97816183382,,2,5,14,8,2,1,1
L00572,98528.74624550565,1373.5276783873335,16782.333427009282,67015.67794809001,15673.055393917268,0,11,9,11,0,4,0
L01984,82247.86944765518,1262.623368593538,18990.64707029867,23963.435632510555,23963.435632510555,2,5,6,16,2,1,1
L01142,92514.13626623238,1763.2569370078716,36706.619906522894,39201.49498654852,23707.05567115584,2,7,17,17,0,3,0
L01324,74730.03287652404,2844.857763097303,38037.0185546693,42160.78347289745,21298.478304668606,0,7,9,6,0,1,0
L01493,53715.04802685223,2566.3951531840153,24265.42750930996,24934.896065506153,,2,7,13,2,1,0,0
L02859,,200.0,22104.879826738754,52879.95158616362,22130.803959715548,2,8,5,23,1,0,0
L04902,44644.713818460936,2095.9404904035123,24662.15260152907,31679.996881178973,1000.0,2,6,15,24,0,4,0
L03685,77061.89369897667,2497.2447730305134,28961.897158262458,40222.24014895758,13693.076743224243,2,2,11,5,0,4,0
L04121,52847.07309253055,,2000.0,63528.009080639895,17261.58369687372,3,3,2,13,0,3,1
L01249,69675.71823581496,444.5952832039377,34373.697935635995,46933.78493939573,5874.1681745593905,3,5,2,3,0,4,1
L03227,48062.98067749271,1453.8899869331774,23151.523144404757,28734.597897714666,2508.371981419179,0,4,14,24,0,1,0
L04731,41220.73160930076,778.0507169237259,2000.0,34438.836695587386,13798.24376485244,0,8,9,5,2,4,0
L02599,89001.57912853723,2595.4390613500987,29836.604742267078,22010.763670538017,22010.763670538017,1,2,8,20,1,4,1
L04050,72866.14100010647,2517.437865626588,12395.530460161184,48683.6953565935,16101.569455824063,1,11,19,6,1,4,0
L03794,60186.69650939574,1579.3280320828349,24106.354452150583,54821.43975365031,11242.18724947245,1,5,6,24,0,0,0
L00824,57743.22879120682,2757.528759009082,25720.81478667386,19270.558225194934,17693.438311319514,1,5,7,15,0,2,0
L00275,45369.82697904098,1472.1590049651736,14393.99335574861,46130.27143413113,16153.698679287661,1,7,14,17,1,2,0
L03374,101143.9328727577,200.0,22661.411151490018,13676.93722686623,13676.93722686623,2,11,11,19,1,1,1
L03953,108681.93466760912,1049.226315407132,39806.38599477708,29800.499576019618,23355.55854639598,2,7,18,20,0,2,0
L00512,,2382.814914811629,22002.23947995788,65288.052283322846,17240.369035449992,0,8,6,10,2,0,0
L00552,61886.45529215841,2125.297627378139,7895.325835872249,44665.58598052117,22412.673752655333,0,2,14,10,0,0,0
L00761,53487.24347524452,1823.5444733420418,31341.414422336944,51056.06005926507,15692.695350339822,2,5,8,22,2,1,1
L02296,75450.28210531516,,34705.29224147143,51370.98559260952,1000.0,2,10,1,9,0,1,0
L03352,58181.8424530784,1354.6256817142696,26660.667482786037,35665.341126007625,6232.111750428428,1,7,8,22,0,2,0
L03759,70547.16923929352,,29183.31543194246,35389.44520454153,19307.18879670868,3,7,16,13,0,0,0
L02755,63521.048687832146,1843.2413302768007,4592.993936196646,26451.94586656823,26451.94586656823,2,3,14,11,0,3,1
L01684,71487.18563443205,1759.105045587698,22779.372965582097,19028.76940121825,6802.71343850996,3,2,14,15,0,2,0
L04366,106958.78678264862,599.3583877902602,33961.33717091107,38948.287838829536,28457.75063584365,1,9,18,11,2,4,1
L04694,75537.95847331587,1617.6859529873327,31660.928553563208,41400.47789397392,24935.884858741927,1,7,7,6,3,5,1
L03188,82873.95378778221,2305.7730512254802,33794.24468140428,44008.159827175834,29743.993553013206,1,6,18,9,0,2,0
L01712,62592.376720928034,2943.0081296294165,22440.646349129376,37865.71461332278,23578.54401104655,2,5,10,18,0,0,0
L02916,101972.17666592823,1801.7852977299217,25530.39248415001,53680.35506482459,31727.211798231125,4,11,16,18,1,2,1
L03975,,2453.973701358698,24615.1859672583,60529.35134047766,17290.493266230565,0,7,10,14,2,0,0
L04068,70944.88546760248,2258.757994684319,12560.149846521117,52608.51546687508,1000.0,1,10,1,16,2,1,0
L00980,80208.29312288595,,25820.337057160108,56984.310622584075,5256.171306818518,2,6,14,3,2,5,1
L00426,92372.63115064698,2324.713710230066,27069.15720136311,28363.210160311002,,3,8,11,10,2,2,1
L00641,58284.306014197435,2429.124969596653,24736.14581165705,42971.17925547399,4765.294906964526,3,2,19,19,1,5,1
L04552,81786.98228463205,1857.8306776998957,23405.089042856052,35664.98172098174,14322.517838858013,2,3,10,13,0,5,1
L03088,89379.41579587327,1586.2900112465964,17246.76582317811,38360.25614145939,17640.751489147933,1,2,7,16,0,2,0
L04966,60285.77510286663,2200.903420851661,19995.550173227748,54132.61455390803,16305.828287136352,4,8,6,4,1,4,1
L03951,75305.88643248935,1990.1141250399673,15701.13762427285,31759.249240750745,1277.5493775474242,0,5,2,4,0,1,0
L01490,90251.68206854364,2856.7966316325683,34075.03194951921,67259.6622958841,3254.303743260931,2,10,10,8,1,3,0
L01603,52080.71641750929,2530.096258032352,10936.558429228911,31971.31444089407,18281.749553232814,1,4,11,4,1,4,1
L01008,77703.43603363939,,14630.98647768201,52071.81165291098,10739.37835650987,0,2,4,11,0,3,0
L02080,55996.21470297177,1674.8180991014733,29260.359992293335,49218.208564763016,,3,2,8,21,2,5,1
L01751,20000.0,2515.3862196007476,28463.201631358254,73169.995429023,18042.082988599446,2,3,15,15,0,1,0
L02923,61106.05407766637,794.7477312436516,16803.255217963648,54685.53738201275,15834.059543478405,1,3,3,10,1,4,0
L04357,69540.68957729777,2328.2744436501453,22431.25430953049,53529.97567315139,,2,8,8,21,2,4,1
L02299,78009.00185072278,1227.589611611817,14214.129531882885,23236.209360650137,14676.443297338252,0,11,16,17,1,2,0
L02153,,1098.6423315045656,33780.873685621744,19231.050629089765,15515.095691335686,2,7,1,15,0,5,1
L04942,60887.442927135045,,23127.489380767496,47349.434641790736,25686.3458356295,0,6,7,18,1,2,0
L04184,53301.8469316446,2067.1721197409524,15917.608519354606,60560.43983357464,34097.448071981635,0,8,6,9,0,2,0
L02367,54283.97073895404,3182.3710683054123,19476.465180091094,34315.23888912713,6454.003389273577,1,9,5,19,0,3,0
L03267,47433.53845640522,2469.1873103719527,19596.01524311589,14097.951959398662,14097.951959398662,1,6,15,17,0,0,0
L02341,78976.56840405069,1320.2880041430371,18165.820580310683,31591.639823584475,20599.428893971683,1,4,13,8,1,5,1
L02245,97344.25149937248,2359.162457373937,37622.65110655069,45378.316898347315,25689.64384836334,1,8,8,2,1,3,0
L01892,65128.445396218754,4623.244150056387,42311.58713073231,48855.433121724185,17458.741768098964,2,7,17,21,0,4,0
L02915,78710.15477580408,1529.6977796209546,19214.152762432852,29948.6413927295,26444.51157913382,0,7,9,6,0,5,0
L03084,42656.270765859954,2422.0768494338176,14522.148956340181,43835.49307072214,29754.72955671135,0,8,12,21,3,4,1
L02172,63480.979527149546,1602.6204607084476,25708.51892710997,52249.05355536569,7223.951759439404,2,8,14,5,1,0,0
L04073,34248.30407101649,521.9042166652348,12498.24537930205,51600.12541967063,4881.952553215995,0,4,15,6,0,0,0
L02007,65024.10950724449,3086.332048895326,28104.398198094932,47695.71801115376,,0,11,6,14,3,4,1
L03853,90921.26123562793,467.89976295676456,36844.34038440228,21935.36601190735,21935.36601190735,0,9,8,10,0,2,0
L00882,54382.624541593585,2913.964753186454,14712.098036226165,31668.99400836492,25099.312413567954,0,4,2,12,0,3,0
L01217,51530.18751512263,1809.7788387321357,33044.77703837467,18866.44143361893,18866.44143361893,1,9,8,14,0,0,0
L04829,83470.17232094737,2218.0166131539117,33012.19580727709,38268.14024216216,29946.931513214717,1,11,15,9,0,3,0
L04736,84156.79262216535,,5534.886133980588,18816.120588732992,18816.120588732992,0,5,6,8,2,0,0
L02653,75215.8417705519,1749.2881183721513,37092.400198275005,58457.26534537529,16255.450852986207,2,8,14,2,1,4,1
L03908,36863.699810049235,,17689.98894167061,16143.54612221054,3476.159435457441,3,5,15,3,1,4,1
L04760,79438.06970876284,1359.1070079674969,24235.994544459052,19061.646483045715,9311.299122617425,1,9,19,23,0,0,0
L01260,63884.61844684588,1534.9181607297205,11367.41313468722,39943.77199297222,9884.297242956092,1,11,11,5,0,1,0
L03650,56377.48860849802,899.8417378098214,28098.125198747526,39727.49677891818,14694.616817073178,0,8,6,14,2,2,0
L00372,74959.965824909,899.5303087744247,19763.33428196556,63209.664746315175,32070.265134276855,2,6,8,5,1,3,1
L01423,57700.945409142296,2842.072317428985,19681.314933742102,17386.222978540936,17386.222978540936,0,7,6,5,0,3,0
L04436,,664.0982685832569,43321.464601437016,33199.53018593734,26980.01587510532,0,8,10,13,0,4,0
L03120,98108.1422617659,1808.4365693928205,26828.487457481086,5000.0,5000.0,3,9,19,3,1,2,1
L00125,76737.14187600541,2351.3315656594687,19203.87280095323,39120.89386326292,30771.925042677896,0,3,3,19,0,3,0
L02497,59420.74139336383,1387.1066865028522,31192.61091681292,31312.207882796047,6159.110079875767,2,9,8,18,0,2,0
L01116,,975.1797798821544,26892.11824664301,62950.71162342443,1447.494604473366,2,11,11,8,1,4,1
L02372,54034.25407018798,1846.5701816680453,20042.75020916117,53963.099335985375,19336.30160789946,0,6,3,23,1,1,0
L03900,72592.79296771932,,11319.756241088224,35774.675188163055,1496.2231511815844,0,3,8,23,2,5,0
L04916,69227.93134941318,2031.9289392301303,9618.388556645412,39475.58955769929,12875.714100634028,0,3,19,5,2,4,0
L01754,28387.342062870863,2092.6079888743325,19382.192776572934,30715.248236708154,,0,7,11,21,0,0,0
L04211,59873.18643255016,639.0189608790733,20520.112524771463,42631.20462739617,11629.250125886345,1,10,9,6,1,0,0
L03391,33460.070356180055,2116.7313767664364,25727.941585292057,42378.24479739464,35887.6522322982,2,11,19,22,0,4,1
L00725,68417.30876255884,1441.63092924002,28389.568142127453,42353.4811179777,12638.029156173257,0,2,8,2,2,2,0
L01467,98398.09008702813,1120.223262817843,18742.6110681738,40304.07838183432,3563.6585778004956,3,2,17,12,3,4,1
L02640,72958.54099893618,337.2752953264296,18414.574724373902,15205.981564405603,15205.981564405603,1,7,9,16,2,1,1
L00151,70009.85700691753,3620.66034211811,22342.046845380755,48854.054666129836,15550.297970128726,0,7,15,6,1,2,0
L00958,74135.06438307567,2282.0642143826726,24244.200383822503,52511.508578651024,35640.140182118135,1,6,15,11,0,2,0
L03599,71722.89926052457,945.1833967340489,35667.46736694397,37773.660292612,22073.258341936416,1,5,15,11,1,2,0
L03428,92690.64095187813,1075.362229303082,11427.485379798965,30214.02309306283,20872.298924194205,2,2,7,2,2,5,1
L01628,90620.32723470226,2964.34758713226,15729.721481696055,32757.989669725757,10093.95662924172,0,7,5,2,0,4,0
L00619,,2112.2929555163005,34813.83398123635,77905.15627492909,1000.0,1,5,11,3,2,1,0
L01844,66856.8980228223,1119.292728768881,16736.09134889322,41607.79697173624,18419.059631408087,0,9,13,23,1,1,0
L03201,68703.51073659828,200.0,23669.676233341634,54747.67721498532,12518.42062701409,2,5,11,24,0,5,1
L04643,60486.87238575497,2011.5853479610992,2162.377905469555,16784.403981382187,16784.403981382187,0,10,5,16,2,0,0
L01077,33868.36202680498,777.3178969581405,16470.75983763766,50036.128817445475,20818.613410817557,3,9,1,14,1,3,1
L02517,66717.8601258666,3226.324480052115,26857.471474554597,41074.96209626277,23585.477138792277,3,9,15,17,0,4,1
L00170,49925.27671285021,897.5499561538448,16868.727536357168,11618.726116226117,11618.726116226117,0,5,1,17,1,2,0
L01702,74783.74260295327,1682.5171829957594,28280.786969002485,13656.546482806349,13656.546482806349,3,2,7,18,1,3,1
L03765,69515.2304622351,1748.5298820966668,22399.06694519761,54118.845950033785,8570.328013545492,1,5,10,13,1,2,0
L01005,78964.46627227179,1628.679751431049,32844.77524857288,45142.80198672472,23763.670371991087,1,3,12,20,0,3,0
L00892,75145.48062214596,2372.394477415588,26733.366755549672,39747.98026033389,16986.681385966174,0,6,11,9,2,0,0
L01183,83366.33212004625,416.65368839726375,29639.029085756443,54600.06174420131,21190.620782430764,0,5,15,8,2,2,0
L01191,67107.5101229192,2666.399950813495,20395.49956734366,47306.298386733906,18436.54826500814,1,11,17,3,2,2,0
L04608,74785.09070152655,2147.410919937657,12665.288415749586,49460.1979314682,20586.706033696377,0,5,17,7,0,3,0
L00399,62709.20309494764,285.79025792795846,19282.699601302917,26169.63512234227,26169.63512234227,0,11,3,23,1,0,0
L00543,75596.08355830566,2779.159002516804,22690.85192724271,41482.36067524648,23527.50225258872,2,11,3,4,2,0,1
L02917,61488.72109001569,1580.285000506962,22974.173430643124,69699.22552435898,23988.68124131143,2,3,17,24,0,1,0
L03467,56763.53262072685,2282.970592435357,27736.569632767154,41171.735387251974,19188.26389683209,0,3,17,11,4,0,1
L01262,66520.10782824823,2418.591989332607,16262.968557073484,52859.83287859266,13464.00714818329,1,5,5,5,1,3,0
L03999,97867.56311609068,1252.0102566850019,23909.23731755106,44217.47714341925,22056.54665929718,1,11,17,18,0,4,0
L03037,58149.0159828447,557.5717777281434,40627.59686380282,21521.969678003796,21521.969678003796,0,5,15,18,1,3,0
L02552,27401.512297219102,3333.807318740898,6091.541431413041,24108.67889376915,13000.190997966289,1,5,3,24,1,3,0
L03059,40957.00947847823,1946.4103426491856,20469.162669903446,58104.554869483734,15878.434448081833,0,9,12,8,0,5,0
L00416,50030.26926886893,2315.676345932141,20053.3630497532,58247.923488243054,23475.25494026711,0,11,10,21,3,3,1
L02427,76441.14883428288,1538.7713179723432,14840.327768160576,36335.244420405266,6953.540013855329,2,2,18,19,2,3,1
L04880,84356.52048050408,3170.1691290210183,17238.00839601013,24961.87056992606,24961.87056992606,1,2,13,6,0,5,1
L03420,,1391.948839923134,25296.335328077916,32985.85699874159,14637.957194598363,4,7,14,11,1,2,1
L03089,25977.9627192275,2152.283195102331,13972.782837750836,40204.79368112585,27175.305164006793,0,4,4,2,0,2,0
L03379,75119.3110691173,2447.726024118593,35801.232895854,44302.957642290254,25188.806757053353,0,7,16,21,1,1,0
L04742,74916.10042055142,867.8384000277692,34587.612397600686,45878.29943413168,4804.866617589156,1,9,19,19,1,0,0
L02381,45724.82147578779,2545.332773494476,21227.147625337046,86070.05052409002,21759.97252127395,0,6,18,23,2,3,0
L01693,82425.94594914488,1609.7543700592482,36838.901537677615,40920.15496361296,40920.15496361296,2,3,10,3,0,0,0
L00287,61964.29809928833,826.4826317278663,21063.909766336335,39998.024706595934,26178.38218879222,0,3,11,21,0,1,0
L02973,37633.69922334379,1276.1841795008406,19716.39207342361,46398.08935039814,20303.78676412959,0,8,13,24,0,1,0
L01506,55935.439013454496,1593.5635875110709,23246.63393407557,58238.10343298471,26112.911472382442,1,11,8,14,1,0,0
L02893,80364.14433263475,844.6506788705246,8693.509169793737,36598.58805024783,15662.870933089776,1,9,8,16,1,5,1
L00382,53012.14709111956,1304.1822973968979,31498.89068249292,50013.77440714912,1000.0,1,7,6,5,0,1,0
L04100,66445.57930768578,1400.1031723959743,24305.415868507294,41277.93894956181,2417.7837013042154,2,2,14,9,1,5,1
L04151,63791.92541606184,,20183.390728141952,41068.47096188522,19792.98996883138,2,9,19,24,1,3,1
L03315,57770.744666120285,2491.1388399699567,28824.892092606366,48894.262141376945,22289.274027027543,2,4,11,14,0,0,0
L02954,95420.1245431876,688.1758854458647,9754.430597749102,47722.9176990274,1000.0,2,5,17,8,0,3,0
L01729,72345.7462680268,964.130948877543,16998.473187852705,41631.77358791194,29858.517790015056,4,6,1,14,0,3,1
L01781,36873.650726563326,2761.5453356316348,21201.50846512204,55667.89644727211,30068.83578682246,1,2,2,12,0,1,0
L01765,60078.75023740103,200.0,21299.53556272035,38797.94398180286,11920.048308851274,1,8,10,17,0,1,0
L00736,74451.94964826087,1575.0996120895309,2000.0,63178.39668827229,18111.198632865442,1,9,13,5,1,5,1
L01343,73738.763394927,1685.0723760823055,17198.377168069557,33304.02251776727,33304.02251776727,0,3,18,16,1,0,0
L00655,116467.1960649972,1099.326074803912,13494.346104965662,38344.25229030947,20816.552247727745,0,11,13,19,3,0,0
L00021,94312.97537843109,1753.673800098473,37448.41462418259,50261.57486402112,42132.77918011304,1,5,13,17,0,4,0
L04240,63435.38681882965,,22658.484975659183,45340.487006907104,38818.0183264015,1,8,19,5,0,4,0
L02814,58575.144677641765,1481.3735731659613,29268.705237449358,47491.21911908604,1000.0,1,8,10,21,1,2,0
L00926,34536.26190432451,1111.4166692837293,11132.891886152727,32576.347067645474,18246.91679835971,1,7,15,3,1,4,1
L01000,76451.65562712317,863.7754348825802,19152.04443352567,48478.00325626899,1000.0,0,8,15,17,0,0,0
L04763,78438.89215628995,1958.5738621766561,2000.0,63303.922156747416,20733.29928250636,3,9,15,12,1,2,1
L00204,86076.04104069807,2416.60016769503,22551.70637871464,49944.905530788994,34471.34798444845,1,6,6,8,0,0,0
L03471,63172.008849817714,1739.4631418743493,29536.011091598142,24948.492838626567,24948.492838626567,1,4,8,22,0,5,1
L04704,76559.57047279115,1805.2389262436313,29629.582567139714,42952.778897122305,28759.9038257929,1,8,15,18,0,0,0
L00618,79515.33247797383,1539.1900033465206,19374.24340684378,53356.12007780262,,4,6,10,16,1,4,1
L01793,61797.34408866719,2512.0461859803677,37757.20450373765,44418.52768862746,16943.499049109196,3,4,19,15,1,3,1
L00321,66939.91929985436,1978.6247306042965,24520.037612019285,49543.53742645486,9325.830141113112,0,2,9,18,2,2,0
L01818,50616.933615151596,615.0834203026275,26207.665625185862,62931.68253565461,24122.206935654474,0,6,5,5,0,1,0
L00445,38910.609989902936,2404.5326709954516,26867.4150215806,30359.176091759295,7251.484289876975,1,3,19,22,0,0,0
L02348,47744.48471913759,769.915773077551,21549.555215448465,50478.6322129303,17458.912884016412,2,4,1,9,0,4,0
L01864,30029.36053523638,2005.40063892943,38371.21790001706,24400.47772574423,9072.98136752914,2,9,10,3,1,0,0
L04652,77532.27274526142,2341.5952779000436,10449.915026000974,45847.97737098576,22404.11213668656,3,3,7,4,0,5,1
L01746,69767.3796546957,1062.2488756546982,28089.84446492435,39900.75633769768,13177.610052256668,0,9,2,2,0,1,0
L00894,88385.91180891346,583.7705662075123,27245.846830476148,20689.321102969818,12783.778087706349,1,2,3,23,0,4,0
L03800,44682.42346020043,2750.170707310764,2000.0,60141.92973132558,19933.354996097387,1,9,3,15,0,1,0
L00067,63559.797568393325,1825.116692426221,19236.647049557825,49968.28621591273,26335.727440817172,0,10,17,19,0,1,0
L00977,55953.87361501846,3122.647709742824,29524.833770742185,51827.48421026529,9213.392289694477,2,11,4,9,0,0,0
L00962,91583.05060264863,3484.23794356665,9343.63554910189,48720.59589008386,17184.93438579231,0,8,9,24,1,4,0
L02046,87420.61334648944,,24514.936699419915,25478.74616269258,25478.74616269258,1,3,13,9,2,3,1
L00953,39969.21151619112,1226.741209260716,30437.900258815756,27167.009951415763,12472.425031428938,2,3,8,8,2,2,1
L01960,69464.7782825832,1877.7246296689982,32659.63719731826,52489.98636820541,9507.852309928352,4,6,16,11,1,2,1
L01167,92685.45637021036,2708.7582767550575,9295.117544181783,39641.93547535821,26121.619263953537,1,7,13,24,2,3,1
L04595,64837.735967764995,1882.4943405737638,3205.330360538337,28380.979781720325,16226.538169200683,0,4,10,13,2,1,0
L03057,53889.06441026267,1863.2382417202234,18269.413323360845,34168.468743556274,30799.831696342015,0,7,18,3,0,1,0
L04801,75140.40544270714,2547.0483408599976,20000.700768815834,68631.64410066605,22410.0313766236,0,11,16,20,1,2,0
L01675,,2548.844934348813,2000.0,37662.8637672714,29216.912981427697,0,5,6,8,1,1,0
L04979,,989.8515493052057,10953.316438978933,50706.0282949204,16934.054753577475,0,9,12,3,0,4,0
L00267,97648.22607863271,2673.685427185941,17734.003637139627,46229.672158605004,2130.3243444902764,0,8,10,19,0,4,0
L04381,,1798.2095068206552,20944.75061229046,55749.1539928752,32313.005382906827,0,2,3,10,1,5,0
L03565,84167.71639684084,200.0,15186.4839356479,49819.62989236756,18029.631397231722,0,10,11,12,0,4,0
L04515,,1966.0338359109935,20360.74023244484,50245.93872262398,24363.575934111188,2,6,4,12,1,1,0
L03002,47792.29978440996,1397.079791699523,27274.386518599968,28279.634565745808,23433.55348386303,0,3,17,16,1,2,0
L00627,45207.903594828385,2062.2488588592987,34998.71243530605,35401.103879824266,1000.0,2,9,9,4,1,4,1
L02155,39796.70469654839,1491.6054072701136,29002.098475187653,55019.89202199388,23465.331468192453,0,9,10,12,1,0,0
L04000,72212.9578287159,2440.945411190546,23071.453297375683,38638.798639913155,25382.29311830416,0,2,9,4,0,5,0
L03372,41094.12472801511,1067.3959670931515,15725.388335242984,30016.99199486981,16485.12234796302,1,3,6,16,0,3,0
L01898,96972.94341009433,899.476025759532,24792.401012209997,58960.75255760747,14926.54804015964,0,5,15,22,3,0,0
L04301,56528.02836543646,2136.997902952784,23432.866718820253,61238.659607390146,11729.624349652118,1,7,12,16,0,1,0
L00744,65521.821004216676,627.4609141263238,18077.70388655976,44345.047182072114,24572.12636211986,0,8,3,6,1,4,0
L03862,49213.22988560652,1908.3430677759657,37414.57194832253,56045.37522609412,29008.64440548994,3,3,19,23,0,2,1
L00403,65104.87399436366,2227.4919189091065,33983.685693734595,19962.597322742175,19962.597322742175,1,4,15,23,0,0,0
L03821,57002.01875737726,2104.661134676203,24876.82043675722,29015.763843546963,25667.863905882048,2,9,1,21,2,1,1
L04094,69431.16947248421,2824.990922818384,18001.773164045324,5000.0,5000.0,1,4,14,7,1,4,1
L04562,99380.81225683642,1157.2525806629942,5860.985445210083,35767.60696018803,16315.150864232986,2,7,11,16,5,1,1
L01967,61053.23159385348,,22778.857269806747,34767.220042132,,4,7,5,12,0,3,1
L04811,80129.76708632197,1349.4322127659038,14893.080075329894,69737.69595546815,30608.286869858843,2,3,9,12,1,5,1
L02874,53307.645386856006,1078.405880445442,22723.452173191818,63841.70404157062,20925.31391741077,0,11,3,20,1,0,0
L01828,93218.6475949254,1790.1612405535539,21977.537982428792,55257.21511568969,,1,5,12,17,1,2,0
L03925,59746.80959367665,905.1812126306942,43482.39201957641,40843.68006359768,20305.04814500428,0,2,7,24,0,0,0
L00717,67284.55297324079,2160.396579022428,22462.116036709172,51904.589414951544,1000.0,0,4,18,15,0,3,0
L01267,62775.47877302599,1858.6693958225094,24809.284969478264,44840.05946113017,36484.12607694487,2,9,4,19,2,2,1
L01204,75865.96058072775,3293.9696033290807,20789.245676094462,81298.4426620481,,2,11,18,21,1,5,1
L02100,81357.79316050057,674.3302441727865,23622.232168988317,40312.622232066584,13190.331640870205,0,10,16,2,1,5,0
L03203,69445.79711601709,1367.6989288103564,15892.373442682627,43163.08537765772,23881.822927241516,1,7,2,11,0,4,0
L02554,72792.28354741808,876.6692921763669,28055.439825855825,65259.58045104007,12230.087883064556,0,6,13,5,1,3,0
L02570,60307.58860085173,1333.022293149919,17273.077222764285,15824.244015717191,15824.244015717191,0,2,12,14,0,2,0
L04657,58694.06689427751,2285.5540867093105,24145.32918886416,30470.401984476946,18867.82702375231,1,6,3,24,0,2,0
L04206,52473.694476339864,436.1794046175646,19189.768027239457,34715.426899762446,23756.13877145657,2,10,19,6,1,3,1
L00502,103188.33280940261,2226.56585431945,35339.98185876925,56364.68541429198,27254.915722630147,1,3,5,18,2,0,0
L00169,60092.23767994259,1187.1033355114632,11688.939467057367,50753.19302229177,20584.386948835876,2,11,4,22,1,4,1
L03861,55961.01256176244,2036.746592276876,34803.52020837136,39485.30003875287,7872.849242011493,1,11,19,12,0,5,0
L03611,65680.54822144464,1432.7746614568796,22690.035007370614,30955.632866778727,15136.661227569799,0,8,6,15,2,0,0
L03564,88891.84441027461,1966.7935764604645,18274.37719429085,45453.76410769285,15979.038955034697,3,6,8,2,1,4,1
L03970,90812.88921845095,2994.362098203062,11894.093968414052,27994.890519460758,,2,11,6,17,1,3,1
L01837,42125.475853586766,2542.472488792865,21776.914610875687,47797.4350400654,16121.061750657798,1,7,17,6,0,2,0
L00607,49524.21601792854,783.2386231261738,26621.540960596772,43668.97104473826,15527.892634554482,1,10,7,7,1,3,0
L04228,73394.11216714531,1298.3611082418074,19661.203966866316,23593.473996617373,4112.496502719734,0,6,2,13,2,4,0
L02544,58830.34423088361,2879.3080840907437,19334.526957192527,38729.93653750504,19490.822696607822,0,7,3,15,0,4,0
L04935,55804.70768339047,1847.927819263603,33041.75156543675,58427.76409622369,27818.503575829996,3,9,8,17,1,5,1
L03256,67961.78839596553,2941.8629212758156,19660.920145551056,73422.31650024475,27580.8001029734,3,11,18,20,0,4,1
L04756,70899.42911417643,2637.370171020611,28273.281202738093,30975.21356666314,30893.68288958371,1,10,4,8,1,1,0
L03916,63163.1047133009,2146.8499681535036,18003.035091640093,33732.64721785928,9467.548398661285,1,10,4,13,1,0,0
L04092,93410.08574542127,1521.9800459849137,19288.903073532056,32791.848615898365,19224.988112122846,0,5,10,2,0,0,0
L04084,26767.18898696486,,15799.770509232885,38424.97745643818,22392.90114780356,1,11,19,16,1,1,0
L04435,53938.20366171736,3034.0377690992937,23919.22005036113,39129.773584091046,23808.246958379095,1,11,1,14,2,2,1
L03385,87118.00848714617,1898.743345362919,6206.548379297397,42091.227390196094,31058.073034127963,2,11,2,2,3,4,1
L03595,90184.66479573598,1723.1994706129135,22389.158280173302,40504.74937803297,20985.12221079691,1,11,16,8,0,0,0
L04686,78307.3787006566,2593.5410479095635,27960.0867298612,42863.19903878062,31854.805190416322,0,11,1,7,1,0,0
L03301,71771.05752571828,2963.072189697508,23570.9865064383,45754.825358001835,30054.11015482431,2,4,10,11,0,1,0
L01499,85481.25051622925,,19589.36777534219,48044.35093848203,29618.388324273976,2,11,9,10,0,0,0
L02903,53603.34143522482,2111.0551282109705,36801.83076881865,24522.601739073478,11172.31521661087,3,8,14,7,0,1,0
L00355,64619.67584194622,1368.3270234102947,28943.263811492987,50800.20297754378,19583.202218705854,0,4,18,11,0,0,0
L01971,76871.13444561724,947.1742626978555,24626.419878716904,25515.255405890497,,3,8,9,10,1,3,1
L00974,51947.52041395218,200.0,26931.956884898787,81231.73623865098,26692.52564126162,1,5,2,13,0,2,0
L00961,77854.45519735088,1149.9633839024114,2000.0,18745.147904785135,15112.980297678761,2,4,4,22,0,5,1
L04595,64837.735967764995,1882.4943405737638,3205.330360538337,28380.979781720325,16226.538169200683,0,4,10,13,2,1,0
L02406,91809.22103580696,3132.4825709492216,23038.292350326978,49907.33473518546,12267.239148888022,3,9,19,19,1,0,0
L01445,,,8146.394815555057,33809.210812078534,33809.210812078534,0,10,15,10,0,0,0
L04675,81455.65561668004,2300.473042005248,17997.577170681143,5000.0,5000.0,2,5,7,11,0,4,1
L02945,71481.14056443122,2129.2525753314258,10141.476707611302,63396.12920925945,27356.085703155484,0,9,4,2,0,0,0
L03760,64554.42041632573,2969.3736130056946,20988.023726824682,58659.12887449187,16791.541056649028,0,9,14,13,0,3,0
L04934,87447.48437406319,1222.1220763079764,41417.46122051703,48574.130662106734,21375.418294721938,2,3,4,3,1,1,0
L02514,59900.884128926045,1428.186220870618,30381.772195994377,47847.40050103243,20885.78129416735,2,10,3,17,0,0,0
L03184,58384.21551344886,,23615.13499238407,31830.64915992554,11675.985232399413,2,4,16,5,1,0,0
L03613,61418.13429967687,1974.9746129131902,11449.792446228155,42095.22947927848,12042.449229385904,2,2,18,24,1,4,1
L03000,61894.81902350503,3462.222068158756,9690.215031947406,55471.23859651011,32382.832108556468,1,9,18,19,0,0,0
L03155,44229.123583120556,2541.0059928675137,5015.49431599749,23360.38701253008,15089.838634508033,0,10,14,2,1,3,0
L01549,80321.6055676938,2112.967461789915,36519.26632314722,62160.58840946291,26586.908139056184,0,10,2,23,3,1,0
L01804,34725.712147743456,3138.2945615188237,17564.78400162885,30000.32210563033,30000.32210563033,0,7,7,11,0,2,0
L03102,82111.11318041425,1256.8157228294945,7453.852514228391,29119.89938777865,8332.867272689578,1,10,3,13,1,3,0
L02201,101086.96219573487,1911.7213393727172,25308.63531066912,44046.75894099904,17491.158204176307,1,11,18,17,2,4,1
L03637,58217.554414599224,2819.747079743589,16628.3573761168,46641.299819636566,22167.019911095405,1,9,12,24,0,2,0
L03550,64283.48842587074,1550.6592913878126,29641.582999318944,43233.18452514928,25142.655924148592,3,8,16,14,1,0,1
L01094,66038.917716146,,23634.27820386131,65051.40850874634,35099.79610415489,3,4,16,14,1,3,1
L01931,40409.00811095166,1174.116861998405,17082.333873437972,45201.73831891294,16456.776597509015,0,11,18,23,0,5,0
L03651,,929.0452716189262,25777.117601138336,84072.82100733655,28894.70946451749,1,4,19,4,2,4,1
L00570,57969.730319173825,1001.4301931908758,38293.185174416125,21562.43449722524,,0,8,19,12,1,3,0
L03359,74163.36229577397,1348.5681178247846,6925.010833982495,41092.02691543464,6875.0364837498255,2,8,2,19,3,0,1
L03275,46674.5179887255,900.8972758995247,23352.825085523178,37958.55311977526,7182.158048853897,1,7,17,16,2,1,0
L00766,50936.47149748226,1544.922915604215,31328.953551938088,46511.90472311459,18544.323502571155,1,7,15,11,2,4,1
L03988,,1308.6851750022522,33078.23282416801,48115.76476092495,14863.509845511617,0,9,6,11,0,1,0
L01571,80885.29359243654,1693.597468855949,31937.402628679574,45494.912253116156,20584.604568340255,0,7,3,8,2,4,1
L01526,86774.97239408371,2026.442529806923,25362.629511858955,18356.671389134597,18356.671389134597,0,3,2,18,2,5,1
L04725,63381.65324674624,1199.4985424185954,18588.002673067043,36237.18008158458,18512.592852008616,2,7,17,8,1,1,0
L01222,71196.41420454055,1774.1784847179058,19305.062442960138,37492.95873755746,27038.073822515747,1,6,9,6,1,1,0
L00994,51360.31504004403,2215.034413961377,17774.315809787815,34603.67475091552,26912.624910088045,0,2,19,10,1,3,0
L03272,47540.778190925994,,20183.548610937665,73599.47788347171,6772.170252737627,0,8,17,7,2,5,0
L04586,,540.5266258144297,25157.19422296524,54727.32916657905,12390.570194330285,1,4,14,22,0,4,0
L03911,36694.65616151625,1096.2850595590075,13405.618132046891,53065.67939717826,7859.354769274209,0,6,10,13,3,4,1
L03654,48486.92634395716,1689.8071516896584,19692.890275151767,50411.45120217635,7507.644804273674,0,10,12,9,2,2,0
L03485,44788.03560142173,3386.9633083830013,15389.781184572876,53111.7112272679,23608.284084017967,3,10,2,5,0,2,1
L02420,38470.55743377834,1601.6959047370697,20298.27468599216,41249.419563202115,33880.90032379278,1,6,1,19,1,5,1
L00767,64300.23019006076,2301.1477379631556,2000.0,39762.011223197296,19181.422536403374,1,5,15,2,0,0,0
L02698,38755.61613137188,672.8647178475801,20666.096778883773,38393.09174243986,14135.827215114417,0,8,11,4,0,4,0
L02331,,4154.438668214897,13160.770501716546,41880.86457710108,11262.17112891676,2,6,3,13,1,1,0
L03763,48739.7125547974,849.9574665799679,18400.94462816752,22290.609320573338,14324.116450152509,1,10,6,8,0,4,0
L04176,74830.11294493567,1497.9750811521399,13311.685121102897,30916.45517044852,21624.43905204075,0,8,9,20,1,2,0
L03717,129861.85939189466,2315.4484000865605,31465.513614234736,36202.77249935583,31754.40644955865,0,7,12,20,0,5,0
L03013,39256.728628315,1709.1499481676387,9480.777395265475,64804.52824044787,27345.292184244874,2,8,14,2,1,4,1
L00063,42873.300519879434,1531.8047345055786,30855.770816950448,48472.96198233938,12525.75754009564,2,6,19,22,0,1,0
L02880,61253.41963187251,2119.235312517221,30435.502912221204,25268.613897996765,14560.602330284064,2,2,13,15,1,0,0
L01774,68892.14910474485,,26670.909439935745,17944.29797986424,17944.29797986424,2,9,18,7,1,5,1
L01353,75829.25456409575,716.996260232193,37542.82441611026,46256.207470129666,15732.37171161432,1,3,6,20,2,1,0
L00013,,1807.0269239185182,8842.025917818588,53872.39318565106,14137.723057190007,1,10,16,2,1,4,0
L03998,58594.04390926716,3070.7577409920896,18144.410200375147,40329.72328965404,22100.636129574283,2,8,13,23,0,5,1
L04693,84026.12488598967,3824.295734913351,11292.456236614975,46265.22107525871,1026.2266947718344,2,4,10,3,0,1,0
L02024,38823.59201761776,1826.111069352697,33575.19605809958,50737.969443567206,25652.55056257987,1,8,5,13,2,5,1
L03781,61993.59079456256,1212.2631250585123,45076.88227735451,36432.79176777369,17856.71933855086,1,11,9,23,0,1,0
L04491,72908.41970776077,1967.479085867751,26550.755757203704,83954.80428238766,37007.747875409266,0,4,10,9,0,5,0
L04081,77673.22049548118,1714.0971052719638,14814.572932209598,33532.30419475641,15856.202342924444,0,9,18,2,0,3,0
L01808,75174.50046459868,2356.1321986641124,24150.31942943456,59760.26956978017,,1,4,3,5,0,4,0
L00184,74649.4483048637,2094.008328432482,28188.603301446354,25498.982051849445,25498.982051849445,1,7,9,5,1,0,0
L04651,,2698.7418296766095,34463.29811074944,49648.5312782884,18362.572527087847,3,5,16,5,0,1,0
L00657,65278.58583825892,2608.2196694688128,36340.01003730461,18935.253749557458,16635.644223879935,2,3,4,10,0,1,0
L02045,48551.60135235599,2438.3802036655243,38712.62460303635,33260.71978096288,5994.776089692878,0,9,14,19,2,2,0
L01004,52061.26444588852,1361.6033450070897,29551.849738039433,33062.51270200046,,0,8,12,18,2,1,0
L04697,75203.14937830367,1899.1254532168568,24774.211112373432,29284.201604439702,29046.57481909841,2,5,16,14,0,0,0
L00840,60720.22311548982,1326.9775925042354,16055.022775732776,30327.86595409775,18048.183270854228,1,4,7,2,1,1,0
L00504,76259.38473381141,694.38594504605,22746.858426368857,59516.45040198433,20264.28906200493,5,5,1,2,0,0,1
L02918,78373.09609515814,1434.2251685446433,19403.131365589314,42792.42933372601,19382.787893185767,1,3,16,22,0,1,0
L01076,,1183.3449578170485,23949.677059907586,51736.990328120104,32121.067127178045,0,9,3,12,1,4,0
L03143,63018.11399517462,,20861.23392264259,66758.77909911227,3729.9807721845264,4,3,10,5,1,0,1
L03208,81603.8362372522,552.4513766990196,22285.65762777586,44619.42328120443,44619.42328120443,0,9,15,13,0,5,0
L00018,71284.94665190548,3433.7423284277847,26583.179391254416,37020.96766969773,4831.415834916814,0,9,10,21,1,1,0
L02796,48031.427316183705,2754.8692283810096,22244.79669851911,12318.641727931965,12318.641727931965,0,7,5,18,1,0,0
L02835,60132.32041249964,,26963.81646528845,45505.70189394952,16743.78716850004,2,2,8,3,1,2,0
L01923,43545.139485203865,2145.882171360272,23339.41882952013,53215.20020747803,12170.569207276156,1,5,14,9,3,4,1
L01737,43926.35161707292,2449.3644572906123,18600.16277648481,35368.573132099256,35368.573132099256,0,6,12,13,1,1,0
L02759,42387.69330124947,674.165245206078,27868.01850735655,17201.979439367362,9164.538075514813,1,10,8,10,1,0,0
L03287,58397.59812067099,1921.3258177160142,33842.99431156725,60860.88893712146,1617.3026560261096,0,10,17,4,3,0,0
L04900,77075.81040555789,2557.2946466643493,13274.05473593847,48937.47796765821,15036.368705039986,0,3,16,19,0,2,0
L01276,67834.3382727981,1867.6215870274596,29756.752996156894,33904.647229443646,20681.67100386586,2,3,15,7,0,1,0
L04717,112767.43985740877,2007.1100125701646,19873.102656948813,35454.372685793875,13749.578653999335,1,2,19,3,0,3,0
L03298,46089.86240114538,2101.810607473781,32686.42219590085,49348.83135187709,23652.903274589054,0,5,6,22,2,5,1
L03631,76928.82275163505,737.7610612164553,14519.905133994649,39465.42158602497,23910.81509416717,2,6,2,7,1,0,0
L01595,20000.0,327.7868921635452,22125.757696003144,34145.98703602573,31939.822731788445,0,10,19,19,0,1,0
L00096,35729.70103735763,1523.2645367622636,37991.232408367345,57718.32451330902,30605.59878091819,3,10,17,16,1,4,1
L01830,65376.99245889695,1451.3884024235047,23230.186735267554,41560.69721558628,22524.287572157802,0,2,5,21,1,2,0
L01728,81161.15596562291,1621.2219958104488,35561.06714210325,34153.56795825353,27550.27793519648,1,9,12,13,2,3,1
L01820,45256.409456976326,1365.1144831255579,28623.06896647968,49838.787094882544,38053.54459125924,2,3,14,19,0,1,0
L03290,59239.22252155847,275.01070392849556,25990.047592438525,66188.5544827843,30803.558012736437,1,11,18,6,0,5,0
L01194,71395.63868285074,2566.029730623814,15839.72456282044,34454.24972861061,31658.867394684166,0,10,19,14,2,2,0
L01164,32092.025060862165,573.9853785362691,45596.14259100104,51484.646597240426,11040.300327632956,1,4,13,13,2,2,0
L03813,47870.03525181602,1867.8923666888834,24879.196212460003,28115.860687427932,,1,2,5,7,2,5,1
L02112,61744.14187855412,1930.6882839326404,29633.9307958197,13590.453349937445,13590.453349937445,0,10,11,5,0,0,0
L02076,58678.542879459004,2803.614961904952,26548.758006638433,50699.47264930948,22179.58175637404,3,3,14,15,0,2,0
L01749,68791.63233197486,1395.048751131731,24997.948741631637,38049.790401173035,32901.600237659935,1,9,4,10,1,2,0
L04247,68285.89530741138,,37206.64172981186,26739.45438692679,5599.894636799696,3,9,7,4,1,1,1
L02353,78671.38646400956,1397.7049970632354,2000.0,46330.21539116041,15498.765267061084,0,9,3,9,2,2,0
L02785,55255.94157610145,1954.7250937517736,18311.967348111313,34218.98535254563,34218.98535254563,0,5,14,22,0,5,0
L00097,70922.40554129152,2511.323059830245,28731.336922329683,38557.83568113266,10318.132492789062,1,9,8,12,0,4,0
L04144,71233.05712009556,1487.074902197726,21550.80461845567,80600.31911463253,31682.325990194615,0,5,8,23,0,2,0
L00851,52537.18947150471,1994.5077241107913,13355.696863264622,67496.71222597673,6587.901881329528,0,11,9,12,0,4,0
L01988,75323.56574229916,,30892.634247589758,49542.70733026054,27617.69726263774,0,5,15,9,1,0,0
L03695,82443.94000145956,1772.3486081249573,13480.287549500257,35213.22865453145,31391.863133507723,1,3,9,14,1,5,1
L01443,68620.43117407414,693.3273784227117,16560.165866273164,45305.19063836572,20294.327004199928,2,5,17,15,1,1,0
L02633,68945.84531262412,2572.2613337289013,20541.555670278103,50931.12379698639,,1,5,3,21,0,3,0
L00225,55561.36268421133,4148.526321862222,34746.53124038341,44621.92504804757,20074.371388099145,2,10,17,16,1,2,1
L03907,91508.64218190157,2387.285068645799,20688.198457351595,18981.189787003477,,0,8,12,2,0,4,0
L01020,73483.31892803832,2571.1403384444566,35079.64192549344,54916.154218264455,30708.822921714687,0,10,1,10,2,3,0
L04677,78855.3806369772,,17944.12643252321,14738.59405978892,13825.136889199905,1,8,7,6,0,1,0
L04343,103966.85289579627,2917.4081419187933,26924.373391541667,38845.09503792493,15553.005202550537,1,9,1,17,0,1,0
L03148,50756.52271647913,,31007.75131790558,60998.55161754337,30348.26113855855,1,2,1,23,0,0,0
L00839,84686.44796953167,817.8560284351543,16508.735190104228,51069.02389393233,11428.65289565459,2,4,14,14,1,5,1
L03350,62260.09021115083,2827.283756143118,16246.913915982066,27649.756924560457,17902.97893704447,0,7,12,24,1,3,0
L04329,98988.71966017419,1980.2157776120373,35339.356398879485,56793.491754716386,22578.147052549888,1,3,5,11,2,3,1
L04395,81793.27728862378,1935.9796317994155,24961.335898856047,27546.067739199225,24259.831217850366,3,4,16,18,2,2,1
L00819,66645.67978550849,800.1437283285087,21957.980846088438,52389.283133889185,37021.47323502177,1,4,10,9,0,4,0
L04734,74468.14831424932,803.8795392319315,34814.95399253412,31127.676143936245,22253.251795405053,1,6,13,7,2,2,1
L01285,,,15551.041413556623,39378.130565053216,31073.105339393423,2,11,16,24,0,3,1
L04136,57235.13892956922,1374.8708790892601,27638.16559386504,13002.406969173437,13002.406969173437,1,5,7,7,0,2,0
L00093,50958.93812245295,686.4332952386148,2000.0,57860.49426332507,6815.90549441951,1,10,15,7,1,5,0
L00705,33867.41652952193,1525.43525852557,27881.572644358654,26355.517408829466,22932.713754434302,0,8,13,22,0,0,0
L04333,80094.66596135618,1340.4106356669795,9116.485807959585,54058.377604999216,21471.418192987003,2,4,17,6,0,1,0
L01690,59821.900525918456,1243.880513538502,35071.35423150714,47812.985388423585,1000.0,0,2,13,18,0,4,0
L02254,64758.221043078905,2573.4456834004354,30560.480947755128,45131.79130164486,,2,4,19,16,2,0,0
L00707,39391.41295007434,2578.9809846818944,22322.648107712528,22918.255945356803,22918.255945356803,0,8,9,10,2,0,0
L02850,54217.545937020426,1538.6819494491108,10799.148674744654,17655.855814734958,17655.855814734958,2,8,15,12,1,2,1
L02977,90274.13355309337,1009.7072718881825,29860.172908142085,70271.45099253231,12520.663781220628,1,6,8,22,2,3,0
L01880,48882.59867007622,,15764.031196673608,43016.00485047088,13398.359133864402,1,4,2,21,0,3,0
L03871,37195.56149693075,2646.3685710710342,12722.857077156315,56438.10182465239,26595.739574066574,2,7,2,8,1,2,1
L01240,97567.93246257075,2088.3533410342184,23288.49621355914,41663.207543392564,19183.9807565294,0,5,6,9,0,4,0
L03517,49088.858641182356,1058.1015954432532,26532.740421331757,46951.674071740934,31995.37838647909,3,2,13,4,0,5,1
L03081,89010.63316947746,1242.1086176670633,32295.669238227514,41987.62145263272,25782.78519276222,4,7,8,16,1,3,1
L04881,84875.64429060878,,23660.188478745724,40017.41480081309,32614.608039888044,3,4,18,19,0,0,0
L02542,39829.90178649331,1768.058829301309,14754.67730965751,29959.5064132187,15022.548577188281,1,11,4,10,1,5,1
L01161,20000.0,1914.7412534859945,35250.04654945638,34717.29327820619,1070.2892307819347,3,3,9,8,0,1,0
L02957,83643.83128520769,1767.0014968166377,15810.111971523173,60946.985506836,15622.78148034095,3,5,11,20,1,4,1
L00560,56580.31038359474,2420.092097271269,35636.072951997,37729.556446363866,21805.6093819747,1,7,7,4,1,2,0
L03910,50264.597281047565,2347.5889068423967,35225.48462831661,54078.93704762668,16269.962747389261,0,4,7,2,1,0,0
L01522,76641.95406937231,1740.0587551052417,2000.0,75110.83917288516,15916.633193543163,3,9,2,20,0,3,1
L00149,75438.83131233795,2397.289091681726,4675.054050326726,62615.615489700474,20302.338027173355,2,8,11,6,0,5,1
L04903,44451.92896947978,906.1383928550123,16983.53321203542,12214.86245335186,12214.86245335186,0,3,3,3,0,4,0
L04853,75620.5218978842,2349.419256402684,29356.807637597332,5000.0,5000.0,2,6,6,16,0,0,0
L03891,78857.15168474874,1558.1844863339788,29060.669498554304,39262.38804959365,22918.61313014654,3,7,18,19,1,0,1
L00023,66350.56409375848,1651.2604152409833,35610.06704769774,59672.21228440443,21489.427962412883,1,3,1,6,2,5,1
L01446,51972.86212416342,1081.5782189404333,27930.540502830212,14159.162776519668,14159.162776519668,0,4,11,14,1,1,0
L00731,68916.90510195363,1684.0971504416905,6296.741857469835,5000.0,5000.0,1,5,13,8,2,2,1
L01580,48794.95125971238,365.53888167008836,14806.783131918262,72459.6449995237,18434.953513991444,0,6,10,20,1,1,0
L00846,74849.02528016298,1363.8510042189425,19928.3831090596,52916.4698351001,27952.67212482204,1,7,9,7,2,4,1
L04332,41926.15437320283,1552.231350554742,19740.184546559376,30241.87005937646,23788.512292349744,1,5,2,6,0,2,0
L02043,,,21019.990332166602,35778.098801675565,22773.72951557882,2,10,7,2,2,2,1
L01084,106534.95967121681,1907.1667044641883,17700.08591385161,56126.811234726345,19947.7340253718,3,7,16,15,0,4,1
L03169,63067.52659970221,1197.4369747272235,16157.709068079146,64694.250753759654,26333.012362556485,0,4,5,8,2,5,1
L02816,81283.03524236532,1921.125916857615,15855.76475552158,44917.28073723976,10539.722540103869,1,8,11,6,1,3,0
L01159,84635.3097398319,1873.9014333119394,28555.54358288453,42277.71324462356,15645.910293819137,4,8,2,20,0,5,1
L00260,80492.68106858674,3418.072184455585,21671.25514847566,17036.085512310303,17036.085512310303,3,9,8,16,0,2,1
L00785,76195.8089586208,1689.5341322708146,37803.39770822969,50859.95548602856,29352.68755244199,3,8,8,2,2,0,1
L01536,33105.93865466409,2456.238699607172,35951.01906502298,37741.24677437608,2384.1757274535157,1,4,15,23,1,3,0
L00703,50913.126189144816,1846.6962326543164,17785.17002833637,25770.6714818655,2643.691241449811,2,7,3,8,0,1,0
L04628,50340.62201752482,3721.266928824282,33350.368571017396,38891.014521146346,23668.348688321472,1,7,4,4,0,3,0
L04770,80934.03854141483,380.97989423798504,13846.888852118926,42303.21964635873,14651.571454752884,2,2,13,2,1,3,1
L04232,92111.45871420696,2322.7831855613927,19980.539312469813,31913.340089475267,,3,4,3,20,0,3,1
L04726,20000.0,1560.3604710406462,45040.897835491895,18145.936817189053,18145.936817189053,1,11,5,23,2,0,1
L02712,95647.35449356232,733.4815932182328,30690.312755308398,50294.328125977205,9891.863288826831,2,10,3,19,1,1,0
L00722,30796.632146867487,3177.724078246556,2216.150834269156,48962.094008451415,1953.9709061077665,1,9,11,10,0,4,0
L03835,45597.51479240713,2365.2043708378023,9922.251775756034,39486.14771343988,22370.412238630262,1,4,7,5,0,0,0
L00219,55292.72904341793,,33874.27151682,43185.70129035234,19390.604882140033,0,11,1,23,1,0,0
L04323,89405.65792835434,1877.4039347510402,39632.9880029957,70903.21108937022,26503.836913958425,1,2,7,4,1,3,0
L03587,51086.10245605872,3291.2388243294067,15926.769545290848,71918.77112135885,22054.126972186605,3,3,15,17,0,3,1
L02066,53344.82684776836,1048.6755441834546,23617.9154060272,54797.710057063014,30135.26135090986,0,3,10,3,0,4,0
L03401,74828.589054404,1987.0920808073977,11484.52441659839,17048.036068850022,17048.036068850022,3,3,18,15,2,1,1
L03832,54434.05906674042,1315.132934224273,24744.601776138417,27879.198563649443,23217.213720157986,1,7,16,20,1,0,0
L01440,79697.55572099634,2222.2714799324694,22182.30997137117,50738.757107283476,14371.956687021087,2,2,1,14,0,5,1
L04861,55484.091119901976,2284.3236038101973,16155.065672056013,56726.95377749223,9341.258995151577,1,2,10,23,1,5,0
L03638,72401.22230537911,891.4912761937368,7161.941449666767,40628.77060357938,25747.22941075262,2,2,19,22,2,5,1
L01863,80869.77441104426,,28232.358966388172,41767.66489211951,,2,2,11,16,0,1,0
L01460,78463.62702539917,1899.3405477956908,18182.28803325957,64143.12485557554,17822.8695878251,2,2,15,3,2,2,1
L01312,81355.32598400574,2769.7033633867886,11269.086716373846,13419.582573639367,13419.582573639367,1,9,18,2,2,1,1
L01040,85941.9660522431,2453.844962990661,14573.408342276218,38586.342347128724,20840.21760933093,0,10,15,22,1,0,0
L03659,68209.7924794696,1854.657703951854,23696.85090857751,47563.85866726228,,1,10,1,8,0,5,0
L01944,58136.15449005179,2568.2441344693343,26595.754883110654,42148.196248091954,19455.756996286942,0,2,16,15,0,5,0
L00656,66184.36868028977,1155.3602760926362,36545.384608877575,40730.020647441284,3883.015580628051,1,9,3,23,2,1,0
L03636,70336.36792590804,865.7940672800631,25757.468817196583,32332.033021579227,18741.2067260591,0,2,15,24,1,2,0
L04442,69463.06109495394,1599.1057322860472,27745.61717536715,37550.82422157545,7574.678852772942,0,11,2,19,2,2,0
L03033,74070.17425108935,2929.0854893964997,23663.38865950656,54566.32507573303,10385.55556025621,2,6,6,16,2,3,1
L00035,81450.89824206378,2372.5873929366726,2231.7843105240936,25059.32589745162,25059.32589745162,1,8,12,20,0,2,0
L00956,87345.91663176255,,20486.025080585907,49438.57270442862,25992.628254007985,1,2,8,14,0,4,0
L00135,46611.51531532394,534.2214666028178,11476.705303968047,45381.04215994924,23197.655134818615,3,4,15,18,0,3,1
L02659,68436.78679587062,2407.829789562462,26732.17065811983,31495.35413493582,22730.88858529889,5,7,17,17,0,1,1
L02192,74243.45332163885,1826.7547743785208,32731.18026799375,44255.17674548279,19568.83454886248,0,10,4,11,1,5,0
L04648,64308.98752092073,1776.9467187291013,12782.82163518085,18357.19368898997,7746.92326485038,2,9,8,14,0,5,1
L01403,88714.08309325993,1507.458333975584,15610.149459333225,53406.42696081746,21463.4092374918,2,3,18,18,0,2,0
L02487,57257.38700420971,,24931.572253229682,34721.89305570226,1000.0,0,4,16,20,1,4,0
L02616,78366.80977436161,935.9979132942943,26889.89530660045,27743.568120396514,27743.568120396514,1,5,19,22,1,4,1
L03114,40810.4612916239,784.8139381964012,20337.579276791694,60954.15184349232,13891.619977218144,1,4,12,15,1,1,0
L04262,59264.11528523461,2994.967807204427,21187.204519864143,37070.58130305702,30959.36147607575,0,3,10,6,1,4,0
L04769,85588.26201910652,2362.6030624767577,2000.0,54380.61767442742,16722.123103757847,0,5,12,23,4,3,1
L02086,40585.75148171683,,37582.94956772448,49442.14745671715,1000.0,1,4,10,14,0,0,0
L01926,46612.30816827153,742.7553707911593,22738.86936124554,37620.38460935348,10435.328562603898,2,3,4,15,0,5,1
L03607,49402.94107556722,662.9200437451623,28994.50090606542,74760.3064842229,,1,9,11,22,1,0,0
L00787,81678.44309097808,1714.422824113216,32574.272871141362,18450.22311731131,17656.339782805622,1,4,5,6,1,4,1
L02366,95674.55419832998,2411.3705626710844,5131.230486269469,33622.10570090674,,2,3,7,10,0,4,0
L04487,73413.99262036958,1670.350318370541,22050.85396128234,31077.695343188858,22309.267640396556,0,5,16,22,0,0,0
L04909,70356.87275732667,2649.4533167917853,34904.25324616862,45087.12529311805,28074.29850295599,0,3,15,18,3,5,1
L02968,53592.97267172639,1495.9705229685171,13464.337152973936,37187.77768763077,6383.634518201878,2,6,6,19,0,2,0
L01308,64817.62006711593,2485.580429586229,10703.325406894632,16987.285589691677,9618.930135389659,2,8,14,17,1,0,0
L01608,97493.56916939121,1950.2402704340177,24257.880340855212,48751.50353733948,23481.98828464448,0,6,17,13,0,3,0
L04305,38852.604355380725,,18652.266752951724,52786.133166972955,25091.626800766724,1,6,10,7,1,4,1
L03115,72779.57458704368,1088.9122415714603,48796.28693900003,52262.27471155479,20512.435116530207,0,3,19,9,1,2,0
L03419,39147.49305695474,1360.0601340285234,23638.714017364557,82705.14383436462,16465.40229713716,2,8,14,19,2,0,0
L03105,50407.95060385181,874.0673678276531,25583.340711969213,54320.0022404408,10869.402619396926,1,8,5,7,0,2,0
L03917,63251.29342445638,3210.383722029919,2000.0,48878.678593668825,14506.242313932726,1,7,1,3,1,3,0
L04644,92780.48725925523,1850.9618878126166,16797.90986545919,45244.45812504442,13933.6543377739,0,11,8,5,3,0,0
L03478,22887.06116319351,558.7700632254987,12038.107544040031,48319.48300961022,27563.11290689408,3,7,13,9,1,1,1
L02763,82907.10861525199,979.2281460153778,16132.552392699883,50888.85417472603,12274.825243156061,1,7,7,3,0,2,0
L00873,37413.61543970945,2088.294972723889,28887.127445547696,33405.75770474491,26389.230223745515,2,5,7,9,3,4,1
L04800,79783.60989403135,853.5315878001878,18415.53810693325,39529.06094400964,32305.450052085507,1,2,5,18,0,1,0
L00528,65961.69893322764,1810.4346995015617,12534.354814721852,32214.614216227772,32214.614216227772,0,8,3,6,0,3,0
L04040,51222.28914849189,1794.0153626074027,27358.56942488638,56933.59893815834,8087.058941149853,0,3,19,14,2,5,0
L04806,33082.12062851773,750.764827170399,15385.121147184804,35160.88340797531,6541.195852399549,0,8,3,19,0,5,0
L02747,69826.43869833562,2935.2284890938113,41725.79904446933,67807.5123625333,28734.24819947326,3,10,10,20,1,0,0
L04788,51986.803452632324,3141.16396953173,17817.510847201687,17892.38654785426,17892.38654785426,2,4,12,5,1,2,1
L04992,78664.46029577617,1953.160572765882,31133.910908021826,32970.092357803034,11864.574272944645,1,2,14,11,0,4,0
L03230,64219.609612449116,2388.105690443273,28254.76000304051,50856.991246666315,1000.0,1,2,3,2,0,5,0
L04792,57002.43522663257,2068.2538051178462,20528.283521515637,32200.87243866689,26200.865894994546,0,5,17,8,1,4,0
L00373,94022.87215590084,923.0237401051479,25306.13261090406,42565.592389557205,35826.19043734051,0,8,11,5,0,4,0
L01172,70623.82847938752,1905.9977147965164,25343.747468732985,47618.99004943024,34337.50034214236,1,8,14,20,0,1,0
L04306,33042.55731010325,2549.893931402944,15038.829486536983,45888.21722856109,12394.211267108742,0,5,1,6,2,5,1
L02393,35069.41489819842,753.7787478818714,35354.738978506546,45869.274356813105,12034.744248396528,0,5,11,24,1,3,0
L02496,81264.10373495954,1399.7911867306595,16573.031260973865,47396.296030719066,15136.082312091336,0,9,13,19,0,2,0
L01629,,1327.1852354132543,47083.06273056564,61570.430828098935,,2,7,18,22,0,0,0
L02774,34027.63402272506,2155.316136869806,29230.703241355783,40454.03006662929,18627.74823441464,3,4,18,9,1,0,1
L00771,79155.0387091095,3310.749551691405,34374.64591733539,21125.554221236416,21125.554221236416,2,7,1,14,1,3,1
L00558,56348.836243607584,2639.0913135002897,19340.75805927567,57335.99068181338,23132.23991006564,1,5,7,9,0,5,0
L04126,43089.612223088756,1851.5260179455536,19434.051642104765,19924.872620170907,17498.23370753086,1,6,8,5,0,1,0
L01903,88462.49275173282,2137.947978321152,2000.0,39900.94134274953,35875.809128423665,1,9,13,24,1,4,1
L02581,72442.10945213726,2751.381169004628,25480.95291787345,61033.14384254905,13431.267177066058,0,4,4,4,0,3,0
L01581,69011.38394461885,1569.6751385056639,20694.24542704829,40936.704649946936,14531.627542395352,4,4,2,19,0,5,1
L02573,59006.467039864256,1287.8764345323107,25188.37403380425,37213.94854872252,18019.727804025977,1,5,8,14,0,2,0
L01900,59090.39363941679,620.3978503614114,32371.714725320046,62214.886061762394,18424.380444462226,1,5,9,15,2,3,1
L04982,82741.59552892574,,18809.919695271466,47688.992669091975,17569.878693741703,2,5,3,23,0,4,0
L01316,38763.27535299681,2373.0720644323283,13335.522300476016,58922.48486203575,24248.96104172403,1,9,17,13,1,1,0
L01698,51445.10058950297,2701.8800714843883,9674.109358310849,39766.79269534638,24878.668336960094,2,8,16,9,0,4,1
L04745,97086.78216617192,2257.9771294237885,26730.452728380013,38183.209028160294,22440.060631427994,4,3,18,12,2,5,1
L02383,71875.75763099772,1549.8582642773792,15170.648936848138,60536.715515121265,38856.687850553055,0,11,15,18,1,1,0
L00509,65970.43255889654,1618.315193775259,26920.040541029597,45817.863151233934,16832.920676740854,2,8,10,18,1,1,0
L01928,59279.915562397786,895.1462115979299,25012.4248009139,34132.327545464184,11705.322654197125,0,7,5,7,0,2,0
L03983,128041.1346902417,1721.0232844354616,26026.56981647161,25098.496013003263,9671.855904918018,3,6,14,12,0,4,1
L04067,68786.56614584748,1082.7315674822466,28698.68037904822,25969.041100265596,25969.041100265596,1,3,13,5,0,5,1
L00176,81543.66498072048,3241.1440794131904,19994.288193442313,49482.27444536159,17617.55698101546,0,3,9,18,0,1,0
L00604,92112.75717609902,2576.252961430625,10140.78400813144,61593.96891145203,,1,8,9,3,2,5,1
L02349,78869.57823827988,1079.6412308975787,15432.896002235335,52732.08186597173,21646.385314497384,0,10,10,18,1,5,0
L00335,84502.39466835503,1182.6073483225741,24000.33787312328,8982.72435284048,8982.72435284048,3,6,5,12,1,1,1
L04245,65504.21735080164,1560.2452032536887,28884.365198746687,44596.84480974353,13995.633235327954,1,5,19,18,1,2,0
L03001,26843.84884245218,1773.5797890243516,22117.36369721936,44827.527850341554,41988.37038261284,0,6,19,3,0,2,0
L01485,69493.69451503771,2362.5121577888394,16072.00766821353,28688.3128031341,26711.713590516083,2,9,10,23,1,0,0
L00754,86072.8359321568,715.223724112029,10749.03672976971,45481.477642370635,12798.38980428161,3,11,18,2,0,0,0
L02535,56652.66372789831,1376.8012686374984,14968.435377441863,23732.940646318246,15106.676245377945,1,10,7,20,0,0,0
L04505,60718.64604544277,3278.4321534166797,27390.41496752759,22844.930476914127,22844.930476914127,0,4,17,7,0,1,0
L03132,64248.587100410376,2268.0170658302386,34161.657767822544,35644.25512523805,,1,5,6,9,1,1,0
L02811,62664.68168409507,2261.657747068112,36295.196585259924,52795.906840774165,29908.028561228497,1,2,10,12,1,5,1
L04874,69657.36174853797,2912.666838541315,31845.698459571984,38119.49521003737,17673.58563317855,0,5,9,16,3,3,1
L03582,91626.78123976805,1305.4599663198649,12701.520516073493,50090.807317902116,11251.587227667816,0,3,11,13,1,4,0
L03539,64019.41318323927,2065.665169133448,11944.440288162525,47660.18324749058,,0,9,6,10,0,3,0
L00800,65595.12278991491,1280.5081443088952,34228.07922133408,62141.723118486465,11093.31866754299,2,2,14,11,2,5,1
L03278,67685.92994495586,2425.1977915685056,19586.850962552715,38785.181358967486,23340.693621613875,3,6,15,10,1,2,1
L02760,77454.22447800537,761.5168770502737,19309.589081119175,39169.09711776496,3358.170454289728,1,9,19,6,2,2,0
L03164,51107.99261673711,1782.3759419864477,28319.00339157813,7268.48058698557,7268.48058698557,0,9,19,16,0,1,0
L03055,99698.73151673617,1369.617176942436,13020.580143597695,46865.07416790379,14393.751156247989,1,6,2,4,2,2,0
L00693,43378.73344800205,2065.3181337006104,32685.495584553,36334.002466937345,20691.69793035983,3,4,11,5,0,4,1
L02184,92456.9694935306,1055.1986306940466,8057.0224979558225,46060.73749799454,23177.267012095966,3,9,18,13,2,5,1
L04765,45111.42956400415,1918.838322874111,39967.53465426491,39336.09819582135,30028.02734320083,6,5,13,15,3,4,1
L04299,45306.90430305475,1903.9985806412762,38860.06949770444,48620.39490561399,24419.443838083782,2,10,9,16,1,1,0
L00962,91583.05060264863,3484.23794356665,9343.63554910189,48720.59589008386,17184.93438579231,0,8,9,24,1,4,0
L01411,91563.88283698115,2151.5888384068094,15578.728261683966,60308.377889851385,30174.21669808901,1,5,17,11,0,1,0
L01154,38538.204131850034,1103.4177826850068,2000.0,53621.354473932086,8026.023136996999,2,11,11,20,0,1,0
L00728,71951.63410723342,1615.5308811811096,7219.977446958157,5000.0,5000.0,2,10,10,15,1,3,1
L03690,61965.711328455414,1917.6614619567792,30039.864958905026,37566.27190062257,32006.29660979723,0,6,16,22,0,3,0
L01001,92987.10873172004,908.73491341353,10218.20312665723,53189.60939063464,45111.325476900085,1,11,11,22,1,0,0
L03394,63486.687913483394,1523.2741754665376,11811.575306253482,38859.26638454436,19077.788418725868,0,10,8,14,1,0,0
L01860,70206.43677542442,2518.8093636412514,22283.20263677764,50064.889781333855,13457.79738672241,0,9,16,6,2,3,0
L00854,88780.33062215103,1017.1292880090765,18135.0510967721,24943.18276804545,24943.18276804545,1,7,17,12,1,1,0
L04724,58928.7134946817,,3992.29298077364,60979.369158391215,27490.87858300095,1,6,17,14,0,2,0
L03559,62737.438949685195,1724.8771450295621,28420.45091893561,77795.61468468062,17744.721726782715,1,9,15,19,1,2,0
L02993,66440.7372256749,3111.1684220798666,35001.76526813139,33554.85809388108,15132.317670452137,1,6,7,16,0,4,0
L03614,,1666.5482074412853,14797.214234120682,61800.95658722015,12553.350975850863,1,5,15,18,2,2,0
L02444,78794.15610490389,2430.5633126377493,7602.947033819646,10748.572599718613,10748.572599718613,0,7,12,8,0,3,0
L04738,65680.16192456294,1402.6791582974026,13961.753517572548,53160.43313809713,21468.63209456415,2,9,11,23,0,3,0
L04123,84155.8322894581,2345.3073789347113,31011.117810621716,21441.175256880582,10980.318616216464,1,11,6,9,1,3,0
L01045,61547.45400118361,1887.6572640622865,21957.370623561237,40672.34697898427,8299.963135601374,0,3,19,14,0,0,0
L01726,86719.64232350065,2757.7344217982827,15043.19255833485,39976.422889402085,9013.04184931468,2,8,12,18,1,0,0
L00533,63678.40402705367,2852.406632752083,17652.053066277833,49092.245496377036,7257.12776949076,2,2,16,24,1,1,0
L03940,49548.62502487519,1677.3915572805556,24447.846196034996,52572.203453457405,3969.6051556452167,5,5,4,7,3,5,1
L03721,84911.6302800406,1552.3920912582166,34093.69178334763,47387.25227116933,28025.011536933693,1,6,17,2,0,2,0
L01152,21932.197727925704,1093.0246874471497,17906.797854133147,57299.91645095334,33383.799037639576,0,8,5,7,0,2,0
L04548,63852.18593996915,2396.819162386253,21884.102156811787,48504.703949006514,21986.029501804485,0,9,13,23,1,5,0
L04850,74587.21906858844,2348.5251140109685,22468.785433033114,39451.58586056244,19932.35406343509,3,4,15,15,2,0,1
L02476,79431.25010252287,3184.257451885735,35762.31970635572,78809.07183767966,12289.636858589776,2,11,17,2,1,0,0
L04396,37849.6492031613,2361.458432434675,16118.468746794311,12136.428322496242,10794.090555304094,0,3,16,24,0,5,0
L00963,68930.4233940294,1827.9103576715268,14519.090171513373,16399.795755913903,15879.443452394233,0,4,7,16,1,2,0
L00676,49443.66624818249,1816.0851734952787,16897.088404369366,31897.914408045846,29207.545652572386,0,2,18,8,1,4,0
L03605,80642.60003062918,2290.612435728915,31087.634781243585,12690.107602010441,12690.107602010441,4,5,9,10,0,1,1
L04189,56667.49388769075,1728.6373618466657,2449.1388608185043,32277.030063943268,17661.567848658677,0,4,9,14,1,3,0
L00134,74471.84861270363,,19263.72389606732,40498.34857775439,15013.149760636206,1,6,6,5,0,2,0
L01038,35712.502395803596,444.02124918670984,26329.729280436353,40775.76827219781,18417.536275583843,1,2,8,24,0,4,0
L02031,81142.4519327462,708.7152049453132,26312.838168862985,41224.670635273804,2731.638519798482,2,6,10,12,1,4,1
L01352,28960.391248399603,969.606916008616,27385.031566390433,18702.620298136455,1856.91878610383,1,9,7,24,0,3,0
L01597,77383.08522010395,1396.5615873499014,5631.981356892084,51219.930979408,17634.53420359065,1,2,12,17,0,5,0
L04534,47430.5239731588,1322.4223776791077,31151.72150718623,35594.61211441556,9021.237117453158,0,11,17,5,0,1,0
L02170,74327.16748892669,1830.844135027454,22803.195726252117,44539.20288919381,9391.157443004158,1,7,19,4,1,0,0
L02144,69879.06395817001,455.30363260950367,38028.442471779694,65142.84261253023,31274.77858731929,1,10,6,15,1,5,1
L03026,57229.58449633981,1690.408337844846,32617.84766958321,44204.369379488606,6777.285214088235,1,8,1,8,0,1,0
L00025,54112.34550949634,3621.6691984426434,29654.374943750157,47503.5752604736,10655.146516904977,1,4,16,21,1,1,0
L00089,54404.79592465922,1867.6147806522617,29700.501089175857,31673.122662945818,18124.961162712272,1,2,1,6,1,1,0
L04210,42478.920781778994,2509.2635942061197,27945.090026314698,56149.969772534074,17375.724043076854,2,2,11,24,0,5,1
L03333,96796.77956361367,1920.1085231649624,26888.45889812988,27158.487588441545,21024.286640780087,3,4,4,11,0,2,1
L02216,,2251.030300005532,17666.49444915474,57887.16103761357,33187.796851467894,0,11,8,23,1,5,0
L04072,50905.431287782325,1383.4955147501607,19898.443958091255,45532.36618372992,35964.645248001856,1,11,10,2,0,4,0
L03704,48261.5859240744,2310.5495990788586,14490.996340441818,51207.7988518764,35696.34504577714,2,11,13,15,1,5,1
L04701,45142.67997828909,1603.2037293154394,18435.23031370456,40528.379595217164,,0,10,19,10,0,5,0
L00853,52252.25745386965,2289.8657712020095,19952.927664777122,23352.40766095139,23352.40766095139,0,8,12,2,3,1,1
L01238,53928.23516584011,1842.021094572253,22395.697241336482,57128.44805452015,25904.523007847245,0,2,14,15,0,3,0
L00386,68007.87572952415,1818.5567828458998,20646.657660768902,53140.686650078926,15450.993318948666,1,4,18,16,2,1,0
L02455,78641.04131425239,955.2081504585253,17755.2408240822,35360.07260838555,4882.534619118358,2,11,13,7,0,2,0
L04085,91223.3499560525,2900.4775714433667,16113.08300530726,28701.03682394287,26559.556222187974,0,5,14,16,0,3,0
L00706,77120.1990269128,200.0,14935.244992342035,60865.63712583918,2686.9319032724634,1,10,9,23,1,1,0
L02565,47093.073552739515,2090.4034278448617,10972.236261796808,34014.58102675119,33399.998854762096,5,2,7,2,0,5,1
L04544,53046.646334902856,1344.8984198421049,24113.806546459648,45944.073453791294,21664.3839737082,3,4,15,13,0,4,1
L02558,65067.51013194322,1787.6226874186084,21922.91348517756,39637.42860462687,21927.840777242982,2,11,11,5,0,5,1
L01525,57555.86447857894,2695.7502228427047,13802.849771326102,26508.280356104886,6778.270433599915,1,7,13,20,1,5,1
L03476,,1338.2170194315431,26015.386357192052,59856.408070184014,25871.143970709833,3,9,11,6,1,0,0
L00917,77157.93019433078,2438.280561105711,21645.798593084906,16147.130151185527,16147.130151185527,0,8,1,20,2,0,0
L02329,78910.75515131555,699.4927289709105,18342.192546979935,79969.21738002152,13855.845197387878,0,9,4,11,0,0,0
L01561,64572.654113031276,1557.6918049608055,23711.87143745663,52836.02981291262,29667.04981396601,3,6,10,16,2,3,1
L02454,50684.80021778496,2617.2998115199584,16700.070682965248,27788.93166261726,6719.249672452881,2,6,15,2,0,5,1
L04007,20000.0,,21150.334031118527,48329.41285020424,31425.228195041447,5,6,4,7,0,4,1
L00484,69069.27271734446,1829.4262665393878,28121.71618618584,32723.349710439077,29991.49594617186,0,10,7,6,1,4,0
L02456,94744.92310671855,959.956168141451,16974.134860943148,53524.29173387117,42068.0493205447,0,11,13,17,0,0,0
L00397,30737.30941818245,1991.7020145911983,17297.442837336428,64774.584230288194,43464.013239933985,3,2,3,20,1,4,1
L00401,33111.44682411266,849.7878080659784,21366.967772186632,41901.559017131694,14657.37977327812,2,11,13,15,0,5,1
L03363,29122.15004264219,741.0803433262568,13735.086242897652,52215.0972185181,26154.392512912193,1,8,11,14,0,5,0
L02951,89119.89033093632,667.5807464690347,28538.92610271024,57114.44398548112,18543.026002784452,2,11,17,7,2,3,1
L00392,74838.38343013011,1929.3588213638022,34167.234924979464,49677.75244721353,,0,7,1,7,1,2,0
L03491,,2813.32900255873,13742.128747454932,17756.304382331302,17756.304382331302,1,11,7,10,1,5,1
L00062,61286.82046672366,2637.5294355905116,24384.989256730543,40571.26758579239,14703.918004304413,1,2,19,5,2,2,0
L02117,60428.00169319963,3202.555841652468,23696.931579712837,28734.649129142137,4863.458255376823,0,2,14,7,0,5,0
L01042,55822.3147426212,2774.784171897349,10669.576526225379,55488.083474516825,13472.637144364875,1,10,15,12,2,4,1
L03880,61074.386972241264,1281.22463998469,16875.06609119098,18272.035869494495,8928.002021410017,0,11,18,2,2,0,0
L02881,20235.37533350056,743.9382498101586,25067.899624614518,41955.35803985665,39536.56747976723,0,9,13,9,2,4,1
L00133,43753.92572547791,2114.1072925207745,13445.173040744186,29992.6067490051,15806.869690155236,2,9,1,24,1,4,1
L01494,68691.02606394074,2330.836494798748,34979.16505660762,33866.557375157565,33742.90913573376,2,3,18,16,0,1,0
L02364,87253.7674997985,1355.7756024757364,17071.150876162817,45655.913644426,10508.823717200117,2,3,17,21,1,3,1
L00017,44743.377593311525,200.0,11263.071538025359,29678.76810129523,6607.29684514699,0,7,14,20,1,2,0
L03716,61836.923112553595,2253.2817187141804,2000.0,21745.561347347204,21450.063173613664,4,11,6,14,0,4,1
L03511,89416.42597626096,1802.4480933908583,19622.766266528874,45719.037204519685,,5,6,16,6,0,4,1
L04802,63852.09269851928,2202.585907625997,29429.03305433599,50407.38119284027,11694.094796627234,0,4,1,4,0,1,0
L01395,57693.56897375783,1077.7528584297602,13656.618134173374,46368.77644070717,9808.29378698096,0,10,16,18,1,4,0
L04066,52342.39450230416,1506.3402831854537,27799.721710336104,42209.78288547093,13496.84605126925,0,3,6,13,1,0,0
L00804,55754.49422589915,3255.11882576026,22439.005331233886,28605.22358749933,14945.504786444853,2,8,2,11,4,1,1
L03957,63141.11586772824,869.6488105176696,7707.331203288548,43921.06753820816,26719.877401364956,2,10,18,2,0,5,1
L02338,65995.47374361921,409.75630732280047,27721.731310374635,13009.649781752898,13009.649781752898,1,10,12,3,0,0,0
L04506,72588.10795210219,2592.568677299268,18779.880293825954,33729.8630704987,33318.80304275354,2,5,13,10,0,0,0
L01085,72638.70904463106,,35233.409224899384,27750.8045526852,23376.06222472972,3,7,5,22,0,3,1
L04569,94042.3539836512,3525.079705383439,15518.675661122223,40056.607848328094,2171.249837286672,0,5,18,12,3,0,0
L02562,66713.74322806718,897.1274615223724,19669.228079491782,68872.68242685281,19511.227664804057,2,11,4,17,1,1,0
L04413,43831.18732716695,2246.9562263374555,13415.24108827358,31855.364398419817,12445.392797989472,1,7,10,16,1,3,0
L01748,75021.8833987969,2214.5751603563294,2000.0,66422.52840238005,8811.534818686261,0,6,19,2,1,5,0
L02176,106790.77443389547,2087.744678149057,18702.0174295416,64817.6992129755,16435.44213444098,3,10,13,9,0,0,0
L01158,110048.71610688618,,20306.71142884953,50689.9304819051,14750.734792196008,1,9,6,16,0,4,0
L02121,113252.30843225832,1451.3682163010913,31454.97304659395,37346.49864263736,35686.819188413574,0,11,13,10,0,4,0
L00670,86830.13703844923,2867.1085964004583,15991.703609040853,62909.62336291897,8018.415875249893,2,6,9,14,1,5,1
L02634,71226.1734688577,2363.468967883263,12346.037898670776,27278.996096718736,16180.661368686022,3,2,10,5,0,4,1
L01182,92840.04572689199,1555.6442380466544,17503.49806157186,47587.96537174234,23247.433203510955,0,4,12,11,0,0,0
L00518,45448.89510402898,2301.230690669554,34724.83330848759,50302.70465595579,18508.460110327564,1,7,9,21,2,3,1
L04849,53763.15801296602,1137.4555489011937,34837.39433701408,39823.48243264549,33253.72258790191,2,9,3,10,0,2,0
L00811,61262.56711677282,2682.5740576429266,14868.076956338671,13042.844985563432,1000.0,0,2,15,21,1,3,0
L00032,102045.56369017877,2803.4706886058716,31456.334275676298,15044.650327054256,15044.650327054256,2,2,14,3,0,0,0
L02483,104850.30706336236,1352.963344892034,12796.413836930747,42307.714903249616,10738.141235759867,0,3,4,24,3,5,1
L04526,87885.86137119879,1144.4905356009674,35349.467283836435,69560.17587199736,,0,11,18,5,0,2,0
L03449,57246.00167182878,,23435.89825479492,51898.38576715148,23239.4278071827,1,7,5,24,0,0,0
L03320,111400.81444034519,1405.6653800405982,13434.980428805773,22271.59038442016,6161.711960753981,2,10,18,24,2,0,0
L00398,92077.44748330826,2386.443425172799,36985.46360669854,38195.92091011351,26563.853008413225,0,4,6,12,1,0,0
L01205,65977.20140651408,870.3473437949735,35655.60370432177,41178.598314416886,12977.027868087644,0,10,1,22,1,1,0
L00371,65490.203485178856,,14257.300775959453,19773.587308285285,19773.587308285285,1,2,3,4,0,3,0
L03243,31628.014822436096,1660.900943748331,10331.772304659336,38915.064980465395,12909.658884712979,3,10,2,17,1,1,1
L03362,31253.11305778579,2005.5979564686645,9536.597063791261,34948.85454928157,3019.238520804356,4,5,7,5,0,0,0
L03386,,633.4295089449997,24041.53871996027,22008.3061306696,17188.562739854668,1,9,19,20,0,2,0
L02323,74155.45732303771,1435.6263550002077,2204.0572414747185,32321.973983597236,15529.034021343428,0,9,8,6,1,4,0
L02475,71076.37191209751,1723.7271270426538,25510.91291676735,51341.31821042508,14768.562535584737,3,10,7,7,0,5,1
L00936,54958.91551294777,2153.397389102046,11296.794513481625,56511.997081340756,21417.765607994894,1,7,5,18,2,3,1
L00729,54204.806393812774,1908.6875392653255,2000.0,28318.907269462707,28318.907269462707,1,2,17,3,1,5,1
L04225,37531.94222060502,604.5891767470091,10607.13840789732,29111.68624252009,21824.993111126998,2,3,7,19,1,4,1
L01050,92601.82708294904,1111.1602622675396,43711.92861062495,17230.76327579945,,2,6,3,15,1,4,1
L01938,,1432.1125901478879,16280.97150190076,77256.48988881262,21946.07598461024,0,6,17,5,0,2,0
L02141,68295.21682473033,200.0,10438.726328489678,55093.761991490726,11032.24755492848,0,11,12,10,0,2,0
L01847,90314.15681729402,1873.6441098495936,32329.74234914031,35753.813896026244,,1,2,4,16,1,2,0
L03810,81215.9729118342,2413.8458900819896,31559.38060178311,40509.068277024446,19357.348715703898,0,3,4,22,2,5,1
L04203,45289.2079855814,1407.510212778678,8716.482084871324,34301.63186968624,6741.15923046311,0,10,8,18,1,3,0
L04729,96853.39996565768,1429.9736269492969,25594.85939773858,41619.69719327564,22434.407142401302,0,4,2,22,1,4,0
L03929,,,35218.80992159802,32673.308629920237,27840.955963724984,2,5,3,18,2,3,1
L00791,73592.36438265172,499.56477315035113,19412.355881276213,57889.093074659744,17040.724597912365,1,6,19,14,2,5,1
L02460,74440.04541838549,721.603372506265,21516.803212656556,47445.19616605739,23209.85969271416,2,5,3,6,0,4,1
L00419,88585.94368127652,1343.748745770827,30549.039226364024,35275.59381317883,,0,11,12,19,2,1,0
L02438,81520.94342883013,1753.628800265358,19872.800830690805,16459.654859122085,16459.654859122085,2,9,17,5,0,4,1
L02567,45083.69210419542,1513.277139589689,27333.250306143476,61478.3359566177,,1,6,5,4,1,0,0
L04924,93283.7457666218,2637.5636275425672,30209.67139312996,36576.736983482035,7516.121878729478,1,7,2,17,0,0,0
L02499,80807.43792103423,200.0,20153.8900556295,43234.94181229096,18552.67601081464,1,8,3,16,0,2,0
L03273,82628.15057847142,1374.2848878615184,35413.3006954968,12525.231569295604,10462.363341282025,0,7,18,4,1,4,0
L02062,62252.56423201207,2278.0301647157826,8731.224406329773,48494.06062088032,28638.420936387818,4,11,7,16,1,2,1
L04407,62695.51534895605,841.6336301274704,25749.07686300776,37858.3757024396,,2,7,8,6,2,3,1
L00605,73268.69806447401,2135.007968101997,23829.14563620256,28872.690374473626,14923.321507902932,1,4,7,5,1,5,1
L04467,82001.58664835106,2946.9068870543024,39750.370211274654,53897.80276519667,16945.827799689785,2,8,12,21,2,1,1
L04814,48921.03170545038,,12970.899929520727,41026.37966811855,19919.234635216304,0,5,3,12,0,5,0
L04260,47244.60976922919,1598.758479852691,23255.58522473578,32171.748794424333,30925.008042559784,0,3,2,16,0,3,0
L02571,65764.75989920057,931.4018313747605,11298.415364931396,70912.39845853989,34047.90841959759,1,3,19,22,1,1,0
L01589,48448.195587025606,1095.990414647389,18924.226104362562,62168.90104239303,21485.475277112924,0,6,9,21,0,2,0
L04748,43277.47401637181,874.4028354685089,2000.0,53782.06970053536,10124.956017836836,0,11,3,16,1,2,0
L04314,72668.70062807288,1731.0263215940379,19691.510320962894,39058.77211646273,35619.40737186782,1,6,9,23,0,0,0
L00316,65420.076832655184,1591.75276698285,31154.029704849367,11261.964605373276,7712.732395544208,0,7,15,12,0,1,0
L03969,105305.5022092128,2226.956198404954,12168.968528558507,26801.94392934862,11610.144372703435,2,8,7,11,1,3,1
L03263,46907.712500124675,1648.647854979936,18792.536285211536,70360.42804568885,24633.15720385017,1,9,6,13,1,0,0
L00028,72513.96036691344,1447.7926364908797,19448.128284857165,51105.00133834718,11065.809141607144,1,2,10,22,0,2,0
L03513,99240.80568035785,1990.2636326066686,4632.731822355607,46035.86753542308,20868.59775813611,1,10,15,5,0,3,0
L00617,67187.89589209786,1665.292062021718,25736.534056211483,34195.227416827605,20058.837778503734,2,6,10,15,1,5,1
L04036,84134.06372771316,2116.2458021194648,12888.299399751555,42793.78689851899,21579.793727052598,0,6,19,9,0,4,0
L00109,70151.00781445528,941.0490728657979,21231.34592996338,49156.599989752736,32515.793826826965,0,11,5,5,1,4,0
L02865,73172.14615403535,1432.8985239800024,20094.748103799626,21850.524569992358,21506.858578838608,4,8,12,3,0,3,1
L03643,45200.84414895972,2714.689224164663,6867.205308422277,37510.47388307613,22991.50972957446,1,7,3,12,2,4,1
L04242,82841.3519946344,1747.6718131236848,20193.46617954279,50402.764963381094,25276.96503300123,1,8,12,5,1,0,0
L04668,98307.03835247061,1493.9329258220532,43775.541886807725,25283.69105057978,5376.142681326093,1,10,6,19,0,0,0
L02219,106994.43578333031,,22520.2065043962,36963.352387249965,19491.203483560188,1,11,14,9,0,5,0
L04003,65360.33744088893,2198.9519297084357,44354.274347569604,34927.19924526297,34254.05932372932,1,7,11,6,1,3,1
L03731,82160.28390604291,1439.0249384448987,24719.405909405403,58292.99403922388,15802.302876331873,0,5,1,7,1,5,0
L00636,31902.866562684612,2365.6258876886277,10847.827720290808,50861.12576116456,24163.962587438964,1,8,14,16,0,4,0
L00812,,2953.5539215620806,24263.042077451344,66205.88716830271,7642.939759778761,1,3,12,13,1,4,0
L03710,65788.94096481478,1100.6405839886802,28290.854090140005,51596.97795704837,22373.481194895307,3,4,5,2,1,2,1
L00432,24215.356444797988,1306.2302026816308,32277.187487795334,48797.72736427,22523.982066520493,1,2,6,19,0,2,0
L00030,59166.12500413446,1811.6071994101233,21168.66474278506,48266.89906130434,15501.336992898321,2,6,2,13,1,1,0
L01105,87163.65633475033,1083.7165010726399,28785.496546210517,56783.684075607605,39251.13123936919,3,6,19,16,3,1,1
L02989,42395.925506521526,2059.8065916268333,17373.707234071095,29257.0822958001,11098.054267776573,2,6,17,23,4,0,1
L03621,37542.81097037872,1167.9863225478334,36381.955852087485,62683.52365998397,15222.962840255714,0,11,2,22,1,1,0
L04830,43987.533563443976,1277.4900880560472,13584.925410884687,31698.531310371698,19986.924657449108,2,6,10,22,1,4,1
L03220,79429.58647514686,733.857247179837,8127.134865691338,46111.27051977963,4417.7015143212975,1,7,14,5,1,0,0
L02603,52292.75222348741,2188.287926042552,18332.823314239668,21157.6708823892,1000.0,1,11,10,13,1,3,0
L02204,39134.540842576724,1124.9168980600807,26815.076309913053,40369.710673158144,21241.586038472153,1,7,3,12,0,1,0
L00334,51456.76576975777,2754.6488047417006,20496.7162623629,18602.752650682523,18602.752650682523,0,10,17,8,2,0,0
L00183,43582.15003877775,1639.4885609396545,29367.633451678972,34130.4534408931,28981.238325812592,4,7,7,22,1,0,1
L04786,58887.78771692394,1963.1550860127961,30869.526074731715,73876.91194231967,20602.420313437065,1,3,11,20,1,4,0
L03886,75725.8181903438,2143.1743588388135,8556.539951694482,22968.337084943152,8018.192470387274,3,3,17,24,4,0,1
L02027,101010.22363021708,2048.378203344601,10724.090487912368,36238.18589184052,9356.222357620361,1,3,18,18,3,5,1
L03664,71247.56420933144,3131.1890238464794,2000.0,37450.31220683604,17428.993821894135,1,8,12,14,0,5,0
L03212,41439.18265247239,2313.23331594881,22380.78019396459,56800.84956849675,17945.70670506795,1,5,2,7,0,5,0
L03753,90056.85268854967,2295.266535510408,17790.14131986824,30847.753816297824,23596.921043170467,0,5,14,4,0,0,0
L02752,96460.39450429713,2053.5616055872924,43916.38255054987,37368.123474373555,37368.123474373555,1,4,19,10,0,4,1
L01897,59824.07874665795,1223.8303831945682,18687.60691121605,53732.946875871145,10591.464704178188,3,5,7,4,1,1,1
L04318,87558.17986507138,1002.1880336252676,27858.129835546555,56896.866356937375,13382.595917669933,3,5,7,10,0,5,1
L03239,68694.20949562166,3092.697992097851,29055.133860602466,34578.03506254807,29348.016626956545,2,8,9,8,0,2,0
L02681,78582.85550876391,2226.2265674580995,26786.81180650937,47394.24715700454,10700.73390130839,1,6,10,13,1,3,0
L00303,79945.87210246523,2486.319060233074,40876.25120626004,47828.36851202627,8354.532218898836,2,8,13,22,0,4,0
L03166,29963.423864965618,4194.248456048514,13842.122748314277,52249.37114893343,27941.159345735454,0,7,8,18,1,1,0
L03803,40654.346155590414,2197.3076919839164,46417.8858532977,21527.506341676006,20159.837667221986,3,9,11,7,1,5,1
L01476,77965.60867687718,2292.7736048374704,36238.98937246851,37523.76006443521,30087.520716840438,3,4,5,18,0,3,1
L00392,74838.38343013011,1929.3588213638022,34167.234924979464,49677.75244721353,,0,7,1,7,1,2,0
L00745,75353.18040938246,384.7597570084811,38781.7992212487,26613.025484265134,18170.32959433499,2,5,11,22,0,2,0
L03648,69254.79551715321,1623.5472477861488,2000.0,43335.66623395835,15461.012188731384,0,11,10,12,0,2,0
L04989,68851.9383746261,1015.2426183893044,30513.421221731372,70548.7353500812,12114.142880720101,3,5,6,7,0,3,0
L02465,82383.12128778547,3489.037067279667,24582.027347011368,50402.437309069,40228.66118366792,2,5,12,17,0,1,0
L01234,116594.18675308637,200.0,20560.000222983388,38138.07437773444,20716.312767761694,0,11,18,5,0,4,0
L00359,71454.37120676179,354.366884054547,18387.69807085627,28462.820802900736,27123.83344866456,0,5,9,3,1,3,0
L02294,48834.68556718147,1017.3960495516181,38019.92654613413,36649.023754868635,17241.472853622545,0,3,9,17,0,3,0
L02275,43255.081222743946,2949.1436156470936,23937.98713767092,38080.045371799075,18503.246259867392,2,3,13,13,0,4,1
L01049,94530.80699451792,723.988412855465,20134.267469446353,50109.477275650745,8896.458390583226,2,9,2,13,0,3,0
L03711,36281.80952262945,1710.5223167309496,15772.69418996252,47695.64385048722,20784.345071975997,0,11,7,15,1,2,0
L03510,54327.99387121666,2274.831545834553,38677.97933004515,33864.732282775905,25577.867238861632,1,8,2,6,2,1,1
L02343,74840.37695985599,2481.272836714558,14716.707315782593,29644.94406327482,27830.40907286443,0,6,1,3,0,1,0
L01965,76112.08932006898,1956.0615403380816,13749.027000544756,34543.232055851935,30054.953203063786,1,3,12,2,2,1,1
L03535,106916.87003618319,2813.064214365031,26396.697222730236,38590.714515515734,10516.458933783253,1,6,16,18,1,1,0
L00801,83765.67611951995,2036.1860600324826,16321.921578158945,17856.542795359022,7429.469253565574,2,8,17,22,0,4,0
L02185,20762.76177340986,1834.4247786570252,27135.213692547353,66976.22468747229,21670.179781169605,0,10,15,4,1,4,0
L00915,63094.089352260955,1612.0605827832203,13997.067183926232,43013.88559847869,22220.43548146072,3,3,18,17,0,4,1
L04746,59298.11485915972,2320.772543023553,23013.27176860468,28935.72456139842,14882.039863480197,2,8,1,18,0,2,0
L00422,100106.81684886408,847.6738114604078,25975.27756573154,35250.13352895035,,3,7,2,23,2,5,1
L01613,82662.19554294318,819.0565137498533,26775.88819553005,34331.95819057973,17101.780911316033,1,9,11,21,0,3,0
L01512,61126.81081440564,2505.8291940793724,22940.69841191524,21360.69782582627,19624.61198627758,0,8,7,11,0,4,0
L01777,52764.61818189429,2497.7224845472438,7688.85857228745,47518.73630210804,8189.9499156905495,2,2,5,8,0,1,0
L01103,106767.49409561456,893.2631853659016,12341.732291040358,59009.10469477573,15706.561495052858,0,5,17,19,2,3,0
L04338,75065.0412949901,1630.2045521280556,16781.344834482534,54273.281171186296,23151.717038924908,0,10,9,18,0,5,0
L02290,93447.39723397016,1787.549528903765,15874.490976459381,20518.87470084262,20518.87470084262,0,5,2,21,0,2,0
L00451,63746.41805453656,1446.520858207341,26556.469100885948,67569.13044988413,24505.983312791323,1,2,3,4,1,2,0
L01356,20000.0,1611.780872022049,36224.22955285822,39184.88738445025,25890.23079641922,5,10,11,16,0,3,1
L00710,98929.12736580076,3318.9879850841908,16454.06759567448,19634.51909698672,16665.76291717587,2,11,1,9,2,1,1
L03161,52869.932235685206,1686.6330226385405,21183.65639988756,66204.84547263244,22545.343010369477,1,2,16,14,0,1,0
L00223,78725.20380749027,1620.1175553641185,2000.0,30074.651935505208,27992.02719242142,0,5,17,6,2,4,1
L03715,85252.74819288144,2686.176876785959,18840.36048647302,41770.74200034662,,4,5,3,18,2,5,1
L01320,61260.57394029108,1715.1274917268638,14025.145026562113,62485.18102350323,15602.816406223763,0,8,16,22,1,1,0
L01213,50631.85468861605,1418.758861424607,28754.908472654697,59365.7834905365,22071.212770708735,1,3,7,18,1,4,0
L04917,86253.14581575053,2852.805935774799,31963.884256430094,59343.90429437139,26249.10088468843,0,4,14,3,2,4,1
L01212,51141.896044081856,1900.7092244613264,21185.440122221207,43015.714964225415,3772.9342925613128,1,11,4,4,1,1,0
L02095,85782.23574840536,2340.1096451255366,28617.36612096948,42217.331354548674,32981.93911696611,0,11,1,4,1,2,0
L00503,37028.64852361717,1932.3229282397633,29777.350472478545,64941.659337692035,28818.18280200665,0,6,9,23,1,2,0
L00002,62234.713976576306,1437.2687132929168,18945.00536946347,39510.16144389535,22833.235925356665,2,8,5,16,0,3,0
L00454,75080.93031035688,913.5100333929046,33864.155905176085,52524.84141067879,13378.114523233393,0,2,1,13,2,3,0
L01179,45228.17785698165,3073.1202942102436,18382.830121827355,48692.48106400967,7517.2524397027355,1,4,17,18,0,4,0
L01619,56472.84807588914,649.0239191545043,24174.734830142246,41930.930211094725,24730.07954967405,0,8,10,3,0,0,0
L01713,21546.609079719274,2947.447735481661,33407.85800452474,44514.52564963617,29997.795795175225,3,9,4,24,0,1,1
L01730,101763.67353590246,3227.1380761614155,27320.22432272786,23973.437712312567,5870.8240058512765,0,10,6,6,1,3,0
L02318,52654.93626906154,,26174.470344108,41202.3964073133,26907.82326480633,0,7,4,24,0,3,0
L00479,126577.61616910476,1414.1491432509576,41006.49041722087,64140.15063414816,1000.0,0,6,16,9,0,3,0
L04732,64002.39691743765,2725.2653212753917,19604.756830889313,40310.3887428139,,0,4,8,22,2,2,0
L01068,,2677.776153285151,26532.219022828973,31742.676095985556,16010.038557777032,2,2,13,3,1,0,0
L02740,82079.51953104447,2292.131187422864,31403.696886232974,27722.127915249024,7307.784696467799,1,6,11,7,0,5,0
L01572,,743.2861739950711,19469.13158985889,47810.16650620111,28963.101857786598,2,8,9,12,1,5,1
L01607,67453.4063198959,,13956.38498237383,24384.921725743196,24384.921725743196,0,6,13,18,1,0,0
L03554,115231.13103168848,1806.0481443153067,29611.923727015084,50891.9128202556,20581.638989722633,2,4,14,11,2,4,1
L04871,126537.20740361007,1846.887133897434,25268.322094835203,45192.487315821716,8277.11847595328,1,3,5,24,0,5,0
L04071,76440.12556600946,2538.382052112345,20886.455976144887,22785.06058078377,,0,7,18,18,1,5,1
L00481,62441.648170384666,3367.86980379574,33064.57152294644,35227.28923709976,9793.749594961793,0,11,17,15,0,0,0
L03633,60280.60025578057,3012.3310522785673,33632.82132794209,41500.729416666174,26718.50307175194,1,6,9,23,0,0,0
L03852,74873.09695286302,1196.5614939142858,19947.07478371486,99134.96516210028,18295.238510183037,3,6,3,20,2,0,1
L04404,71971.90239721962,1634.1471231934042,29435.106703345966,36647.39409555234,26962.23682562848,0,7,10,15,1,0,0
L03323,34020.7894989305,3246.1046445365487,35710.98813911922,38629.15491924608,27635.22667904823,0,9,2,3,1,4,0
L02490,26606.53687604687,2446.856805512093,31361.535941282105,41031.25085145359,30949.695696960793,0,7,16,11,2,0,0
L04106,69862.46917025786,1525.4467450506304,44776.88926030931,43633.66348734475,,1,4,17,14,0,4,0
L02758,49834.3586222482,3654.109430939103,13752.660204976373,39983.93299693878,,2,7,18,19,3,5,1
L04882,92478.28770422899,1605.933570968165,31964.626154129837,50375.57670411981,44393.34278719267,3,11,7,15,1,1,1
L03297,98527.86054416405,3379.262950196019,27667.603811176577,35941.948942581,20414.960862228603,1,9,10,13,1,0,0
L03441,,1163.4758929393538,34729.10217247424,5000.0,5000.0,1,2,12,3,0,2,0
L02842,34667.14901158417,1441.6978840544334,10327.90514385641,34033.89573631702,25591.9643407834,0,8,1,11,0,1,0
L03545,92529.92900039075,1848.6282980010424,25901.926106054027,44176.881841711154,6321.28223054569,2,2,12,2,0,1,0
L02015,81589.49683863496,1552.747010609392,22189.99082259871,43537.97598624356,15218.133027663003,0,11,17,2,1,0,0
L03771,85036.49707363875,1499.9128040451483,25001.75049284521,40643.60989251537,17936.009425594577,0,9,18,19,0,2,0
L00280,57293.7280627648,1863.1712365344677,33896.42645485236,43607.31474201642,22130.90574868971,3,11,19,16,3,5,1
L02140,35649.4946849512,2882.455328133126,31900.6123071636,65149.76204142039,8003.7904835932,2,7,4,8,0,0,0
L02090,94049.3506894149,2492.2318049081996,2000.0,5000.0,5000.0,1,10,10,5,0,0,0
L00856,53585.07412501048,361.428208472714,14303.335909886115,44851.78546390586,13500.557046923095,0,5,5,24,1,3,0
L01473,62319.65666654165,1903.4944053630547,10372.895606722386,49378.42706309653,18987.40311543489,2,9,7,15,0,4,0
L03955,53387.03394892098,1574.207526461417,16246.626319569208,38548.758920044675,38548.758920044675,1,5,2,4,1,2,1
L00384,54484.899566384775,3147.6198676827617,22999.88163765552,23180.806127773227,23180.806127773227,2,2,2,17,0,3,1
L04197,86946.00375087417,3029.917384547432,23377.584051740374,53485.62299255687,21477.05820763008,2,4,8,19,2,1,1
L00816,35288.79253926056,2347.3305668871635,18609.11705473173,49376.15195506109,21055.007497962793,1,3,15,13,1,3,0
L03322,46918.634205279996,740.8391326243498,13742.30904531842,53132.57574766615,18169.655150063103,1,6,11,23,3,1,1
L02738,71846.75668979243,2215.896814481529,15700.299681443103,44931.50277161587,32951.961769007685,0,4,8,11,2,0,0
L02436,57609.46142333283,2035.1595103545299,19517.488861389065,35945.61523563257,22517.85245675499,2,3,8,20,1,0,0
L00755,46012.02222336114,1643.371783225135,16192.589094435498,38177.693418393836,1000.0,0,10,12,6,3,1,0
L02472,112277.44989238722,1555.2364547747263,11533.80891906498,42826.60120631135,19020.342679032445,0,10,1,12,1,1,0
L03464,85470.6128837069,,10928.167301182395,36502.96101182423,33567.99685491479,0,5,19,22,0,5,0
L04017,55383.32420976041,439.4982002788977,31230.872924501295,44867.564835562196,16658.667611566387,5,2,3,3,1,4,1
L02617,50316.52402443009,1930.23729447993,38759.18787609377,42830.05671264998,38079.3283895247,1,3,17,22,2,5,1
L02443,39154.746097887626,1872.9345173331512,15708.003930296762,38368.734657495734,7071.2626779547045,1,5,6,16,1,0,0
L04290,77112.12465262625,,34784.85207451672,48870.11981759058,12483.637289807135,0,11,15,16,0,5,0
L02986,45799.074094410724,1127.3824880810998,2973.737635685582,56992.63317569342,12889.41643399508,2,8,10,20,0,3,0
L01744,88237.5660521638,,20839.291898795167,46864.14612910558,16887.347856956465,1,9,9,22,1,3,0
L01236,97782.33610888134,2575.495441926443,23814.610634806388,17652.95401952239,15007.09409194439,1,6,15,18,0,4,0
L02223,79883.83942999874,1636.696184901827,31431.93303477794,36384.18678109054,36384.18678109054,0,11,9,22,4,2,1
L00330,77566.9101852856,402.48344692355613,32654.247235975803,51752.02159313376,8169.693346821496,1,3,17,8,0,2,0
L00264,,2133.972071857036,20435.907212071972,26129.321793982424,,2,9,12,5,1,2,0
L02013,49617.15300425404,2498.2536665426674,15534.715205234854,39750.03800053085,10754.44780530684,0,5,18,17,1,3,0
L02026,68676.99089507389,2119.5754980817483,26912.74020726283,44487.75191220697,16478.950058555714,2,8,8,9,0,5,1
L04422,43278.90835763828,2024.1887568019954,12977.617972852333,43723.382611155124,25087.407198072073,0,5,18,23,0,5,0
L00115,61152.78070437755,1692.6558314584604,19187.96404597233,26005.77294740469,22976.689153127943,0,9,9,19,0,5,0
L00559,72889.04284756594,1776.6268753168117,20973.514265493683,5000.0,5000.0,2,7,13,7,2,4,1
L02448,60311.84399367356,1412.8532440390136,10066.211875561801,37973.04989386447,21705.755814770222,0,11,3,13,1,0,0
L04609,78727.07110029066,658.6806313517222,19447.938655603753,34443.584282954944,9833.256239788852,1,9,17,21,1,0,0
L00726,61320.33327294642,828.1550912890854,14915.118984709088,27260.785571348628,27260.785571348628,1,11,1,22,0,5,1
L03064,54413.357751032585,2596.55500349629,33501.368036796164,52700.835081562655,9448.624530676378,1,5,6,18,1,2,0
L00850,54380.060899963646,1347.6856237716788,15691.364893165912,68224.31934036656,25179.733762901655,1,11,7,2,1,2,0
L01955,53086.77411913016,1001.5242977847718,13687.121045181098,53143.089875074904,22075.282778634224,1,9,18,18,0,5,0
L01641,65484.38913345516,920.7686203745127,25671.99798775388,41196.826471484856,31316.785370012178,1,6,5,24,0,4,0
L03676,66457.48196031031,2521.6730492706147,30658.725885843436,41052.78778634117,9140.636795961573,0,8,12,4,1,3,0
L01345,83991.08270882648,1825.4075652651607,23119.81932621258,27905.031716805846,14607.352887726352,0,3,8,13,2,3,0
L01838,67171.19411553047,383.61508977913763,25435.545770399356,29731.21571288004,23693.94861019942,1,2,5,24,1,1,0
L03523,45686.70392953584,1404.0283592874393,34778.76521041972,23862.121572432,6196.51646266062,0,4,3,22,1,4,0
L04224,88570.25379596846,576.180735912531,27512.5592233471,53022.63219333841,,2,11,9,10,1,3,1
L04099,62356.61288711256,1885.783430735322,21216.133002706072,47557.89901258736,20087.815471454614,0,8,4,20,0,4,0
L01453,69815.06358977137,921.2726256299579,3872.7203492685694,42307.813433102485,25316.987339898606,1,5,15,3,5,4,1
L01521,89420.67391050706,1521.4740825461495,35163.44837519519,41210.7059008967,14573.391010259336,1,8,7,16,1,3,0
L02264,43578.926407019026,2887.4380794918443,16484.842698970195,51144.93116408727,21233.547922071637,1,2,12,2,0,1,0
L01865,91086.80485756305,1790.787929538684,20271.866481065936,30821.30421037269,22778.428094718478,1,4,17,18,0,3,0
L04031,82244.47023773954,1790.3807768694494,33176.32441603957,72876.55498076216,2280.4029576596186,1,3,19,14,0,5,0
L02242,76688.25960944968,1445.1145358340912,23028.14243155069,42403.889299624985,21433.988430335306,3,8,6,4,1,1,1
L00493,66547.36615295237,1496.9921307175255,11121.069878907418,37536.793239377585,1000.0,0,10,2,5,0,1,0
L00003,77953.77076201385,363.485461895988,16026.18938954857,40964.423178813726,10634.801541945088,4,9,6,15,0,5,1
L02289,53049.79610616717,2490.749824151903,18677.272987499116,34989.203769147316,22643.01414075955,0,4,9,13,1,2,0
L04507,78809.45372243026,1703.1831751923485,23720.589223662588,54393.63838577703,14682.940460046395,1,11,14,24,0,4,0
L00118,41626.43924760936,1328.4380800490253,26338.352400888765,32685.4138975213,,4,3,1,24,1,5,1
L00538,57308.88911540349,1517.0513923463952,10280.660707768053,16937.451726479125,14250.911712942965,3,10,9,23,0,5,1
L01943,70382.53882490215,2839.989897809707,29872.76293122914,28277.859012981186,15782.309122340936,0,10,17,24,4,4,1
L02877,46269.87250420808,1326.0276356955885,2000.0,35453.70884331979,27373.226156755405,1,3,5,4,1,1,0
L01250,33882.087075927455,2605.2852328261024,19422.754384137046,55703.18548484932,23030.162924749628,1,8,17,15,0,0,0
L00126,108809.11251619957,1253.0925741708897,20728.00616017557,36389.461422290355,34170.77033343144,2,11,18,19,0,3,1
L02400,66386.886740725,2892.4211700210126,16988.22863046965,47186.78691674158,1000.0,1,11,4,17,0,0,0
L04317,42450.078020939225,1572.168472387684,30247.017407860974,31988.175375806564,15537.04888485681,1,5,8,24,0,3,0
L03922,69484.69489070584,2114.2146904408996,25236.324725129776,41351.65643846629,24941.762894237534,2,5,5,12,0,1,0
L03669,62157.06926118908,2107.9731328381076,22328.358091013066,59231.625871397686,26687.245052724786,3,6,2,12,0,2,1
L01725,46291.225959108095,1400.6888388237076,36338.8446819627,49839.4082821206,31465.790613153706,1,4,11,17,0,3,0
L03836,57048.84469016557,1784.702256117034,38348.62851160347,38765.04174974192,27881.800091451438,0,6,13,2,0,2,0
L03029,54803.86613618235,499.9029928939801,16130.290139795368,36521.83037408151,8925.749543992897,3,9,4,23,0,5,1
L02697,,2625.32301966014,36232.64921065661,25516.374906852416,7150.312536980457,1,7,14,2,0,3,0
L00934,21023.88086759836,200.0,23026.90516748587,50325.2055555703,33275.54650709236,2,5,17,21,1,2,1
L02902,56515.27333203913,899.8511186150706,20999.72141058664,34109.88019710874,27583.887130111438,0,7,1,13,0,5,0
L04368,65648.14026680273,2868.456364429405,18610.914543241663,43114.41097023863,26071.510407793063,2,2,16,7,0,4,1
L00943,78004.02355917322,1800.8879557498344,28879.02082892398,34415.22469644274,16707.954366710837,0,10,14,16,1,4,0
L00730,49433.905491953745,1757.9959451690784,10915.029092032168,32356.502456952523,,1,6,3,18,0,2,0
L02423,60412.18511863945,892.6630837777676,9787.026153947747,39086.710346399464,37648.73710452509,0,3,16,7,0,0,0
L01559,94853.77137919044,2348.2320677687744,23183.302188982023,52895.425769466485,3993.168909840144,2,10,9,16,1,1,0
L04840,51926.41718725162,822.1083080102087,30058.977770010686,5000.0,5000.0,3,4,11,9,0,3,1
L02518,,1602.1276903798746,43069.40182263186,50449.47251826621,20346.614320571854,1,8,11,20,1,5,1
L01302,84840.84699073045,647.2146923800651,22352.95390745216,42560.5822413176,26778.400977178844,5,7,7,18,0,1,1
L03011,63127.276225216585,1569.549761318977,32784.261944729464,53517.15445793838,19148.23907728998,3,11,17,23,0,3,1
L02461,66519.10535832174,1315.4560000513616,6629.739988720708,29165.497180696115,29165.497180696115,2,5,1,17,1,2,1
L03348,,2052.854295783961,16185.56913657243,66374.08236812917,13418.722744433147,3,3,15,5,1,4,1
L02899,59251.04961199289,727.9000834761714,9513.365752373726,29540.05512253812,10978.019130270568,1,2,11,10,1,3,0
L02067,20000.0,1492.490098725663,25467.240162419504,41805.596934333415,16558.10948170227,1,11,18,3,0,0,0
L01627,56053.562086824975,2098.826946729415,14612.612746950725,18344.224456074182,18344.224456074182,2,5,3,17,1,5,1
L00266,40044.33636070301,1145.1159786719372,26007.37253691613,67516.46999710132,23381.403253579316,1,8,14,13,1,1,0
L00349,50631.11557495128,200.88887451100004,29811.753362875992,16427.662186355905,16427.662186355905,3,11,12,8,3,5,1
L00868,71689.1357997405,1241.8248768814042,14053.40815854196,41338.42430312124,28946.57451692005,3,8,7,10,1,3,1
L00628,62484.26159800704,2561.9825255622445,14859.582562225452,48802.77308177302,11708.999478838932,0,9,7,5,1,4,0
L00046,50603.115832105825,2656.864400322244,23201.98558746055,39903.98871095293,29482.059948233495,2,6,2,18,2,0,1
L04540,80324.85950081018,1558.736153767116,9361.284392662834,65962.22789567114,,0,11,6,18,1,4,0
L01625,102465.95552435091,1276.373143201352,43773.203810422216,52399.776961486474,13748.342117109605,1,7,6,22,0,0,0
L03653,73895.47615663189,2250.2835843657044,35429.56331631226,29864.327047619616,25668.169320620607,1,10,16,22,1,0,0
L01095,79652.80154431159,1857.722589457409,16027.210641537524,51024.03961381473,32576.76977853204,2,3,9,12,1,4,1
L00843,42545.559568754026,605.1921773974852,13706.7962563863,29973.50454026845,20925.606171714346,2,3,8,19,3,3,1
L02016,61123.47722454393,2123.8587270466146,16787.451931438703,57272.72718899502,19968.241432328687,0,10,4,4,0,1,0
L01767,108418.85434995627,3508.469384061893,20122.98394125963,24537.62309920827,16646.42929454007,0,10,14,22,1,5,0
L03782,58466.075736272716,2564.74865786461,14563.000830948167,33837.142012952885,23936.348765745664,3,9,11,5,2,0,1
L00052,57298.35439167367,2080.9323741016674,28368.701583954033,53921.08009991033,16384.076999306537,2,7,15,23,0,1,0
L01548,71035.83799638932,1145.6865262891956,7160.209405325824,25855.54941325354,25855.54941325354,2,11,10,4,2,0,1
L04779,43094.58962314391,2469.592923706939,20766.884009338395,33953.615653689856,15874.849506764313,1,11,12,22,0,5,0
L00374,84185.41652170414,1745.7028946404146,16346.500474989058,42005.18257356435,20847.97633913095,0,6,1,9,0,0,0
L03555,28198.445109884946,,6939.170895979316,68371.82672903831,17814.19795912075,0,3,3,9,1,4,0
L02628,78958.06545078056,2193.5947894691967,18637.962633332358,83359.64485598706,10706.754117583729,0,2,13,4,0,5,0
L03538,48751.9530212516,3158.0990237674728,29762.93590747322,55476.42856749437,22143.522082769956,1,4,2,4,4,5,1
L04689,36127.9147566047,1785.4926051935345,34032.127822922856,45302.70976672638,1000.0,2,9,12,5,0,3,0
L04258,93489.91642493896,923.3033513610261,34287.2805522892,31932.574452024663,31932.574452024663,4,4,15,20,2,3,1
L01503,48636.02233155386,2150.8634327368045,27918.011911450158,29565.318248197058,22897.671443565356,1,3,7,17,0,1,0
L01362,76585.82999202177,2699.8213759886503,16105.76588513109,31374.12705718945,14533.121782627832,0,3,14,5,1,4,0
L00797,64208.8969228669,4278.639547257006,2962.4059435540657,35282.494099747,1000.0,1,2,8,4,0,4,0
L04229,70531.63011182098,385.5546246604822,18293.020847838183,50757.549619199344,20845.058057567894,1,8,11,15,0,5,0
L02826,99082.11032510982,2732.4759161153024,26816.138456880944,50321.62036606403,19884.473210234428,0,5,17,13,0,5,0
L01940,66959.6630694179,759.1125868869237,38588.6969445533,35123.55292793612,15998.6393669744,1,2,16,17,1,1,0
L02930,84708.99371230436,612.3161664642778,2000.0,32819.55428488082,25062.784714875874,0,6,7,7,0,0,0
L02646,49304.761837445934,1357.944523104918,38123.11527903548,38305.44286076398,13858.681911332089,0,8,2,18,3,0,0
L04137,63881.59102955574,1645.5343407947098,26422.8163833031,32707.952997267515,25875.252900639945,0,10,13,15,0,4,0
L00654,42869.48182516659,2702.59182661507,5346.153617590004,45787.32229648335,22376.36403010745,2,5,4,15,2,1,1
L01552,60926.524996460685,2725.467024829591,21097.57118559678,25749.37179601275,9356.275895658004,1,7,2,8,2,4,1
L01981,45566.86530917428,747.6469543601236,8706.409410659362,40832.19878148071,22709.882146871998,3,8,14,7,0,0,0
L00944,63016.482724412344,564.4529214014046,18528.385175815503,63481.81989938668,,0,2,4,18,2,5,0
L02142,66017.75403712036,2116.4790678103536,10912.351045950049,75104.50323785469,12713.408589662176,1,10,9,3,2,3,0
L01819,60777.39522344611,,23206.085476135788,11184.802917651159,11184.802917651159,1,7,11,9,1,0,0
L00835,64306.30225226437,1947.4472512624827,38453.54952270745,33741.477471425285,22925.984457408304,2,10,18,20,1,0,0
L03661,57799.214624860346,3644.7572687741917,36448.50287259808,50722.25032720109,18286.173257263257,1,7,6,11,0,4,0
L01351,41597.739478812815,4023.970899378845,8587.402727632623,5000.0,5000.0,2,7,1,7,0,2,1
L00783,72603.95702011927,2165.8594248694126,14588.373313651708,33935.82633681882,15666.445588293624,2,4,19,19,0,5,1
L02231,51307.40348479992,968.7110653058087,25095.556467671515,55465.641081739916,12982.726534041129,1,8,11,18,1,1,0
L00939,69876.01427542398,2795.6521282842045,2000.0,29088.01440649492,9392.683760444663,0,2,10,8,1,2,0
L03147,50847.48210355948,2302.1443342995794,25498.27912680088,48642.89125492633,20557.53103492773,1,11,10,8,0,2,0
L04262,59264.11528523461,2994.967807204427,21187.204519864143,37070.58130305702,30959.36147607575,0,3,10,6,1,4,0
L00381,48205.56315638448,1330.8678808889813,45491.08558025032,44696.85125789487,8369.008149489458,1,3,2,5,0,5,0
L03840,58793.84589230193,2273.691120227935,26806.112152485945,25714.024223042907,9896.702124034662,2,5,6,12,1,1,0
L02503,58373.832336333544,2402.733978736874,14415.36077069135,63082.70935704016,26365.983775086668,1,4,2,20,0,2,0
L01782,63337.888547426104,1807.0307541056575,15883.948537954153,42189.9387146896,9542.827260376716,2,11,7,22,1,2,0
L00891,,1617.8243081313976,22828.64841868996,55407.87340060621,10533.900897884527,0,8,17,22,0,5,0
L01609,71461.58546232058,1170.260744010403,9185.090271311756,37847.12995865565,21716.537699688964,0,4,19,13,0,1,0
L01738,43643.941568416136,2065.53475816631,41529.44553999507,26328.588436930542,24995.00796968904,0,7,10,12,0,5,0
L02326,78374.83311185025,2366.0734575796955,24744.683356365647,39017.06326766573,39017.06326766573,3,8,16,11,1,4,1
L01544,55858.07486827456,1658.0064929805735,31137.11652342591,19726.788186036494,16612.56988228589,0,5,1,24,3,4,1
L04962,44403.7630291631,1172.5432237597954,20728.372037058685,29991.651446700278,16367.364608632826,0,2,6,11,1,3,0
L03192,79246.44319160325,1471.9764707688714,14317.446796082299,35078.94444452985,10507.20493294265,1,11,10,5,1,0,0
L03076,101361.2384511565,1923.2254733468699,15638.015587978713,36457.681482141605,24138.591996777854,1,6,16,15,1,5,1
L01717,71639.6066113803,2638.719910250833,25710.53738215363,52024.595753555375,17338.95944753783,0,5,7,17,2,3,0
L01825,68373.09343933455,2399.426045503561,10817.680606439686,62660.97477308821,32994.31215070454,1,8,13,6,3,3,1
L01248,49600.53537882716,2313.8409880089407,21036.153636851028,27546.480494990734,21990.21112762732,0,4,6,6,1,1,0
L04088,66596.02968117467,3393.6755259979627,9312.489923987167,46531.23479096411,11954.573853059175,0,11,7,2,0,2,0
L02284,45376.68937720636,1768.6847784253264,29692.152772290494,18865.23550072398,11917.545070119762,1,5,17,15,3,1,1
L00332,47054.91257028337,1596.0424236771285,16673.932433265036,27889.29915573833,6952.062263791582,0,6,4,22,2,4,0
L03027,68808.47779850116,886.4465446709507,30052.398579044067,44387.26281913444,7695.239418227491,1,5,17,21,0,4,0
L00447,72331.96492193696,720.181544495015,29735.47615107018,35611.078751385845,6246.793179409791,0,2,5,20,0,5,0
L03829,88637.82185919923,2213.117334229263,24296.43055567797,7704.85842033818,7704.85842033818,2,11,4,13,0,3,1
L02105,41211.762142653446,2306.5802480920747,26637.230575571146,58012.01229142677,18446.270117820015,0,8,14,12,0,3,0
L02937,52920.387480615405,200.0,31652.64384380448,62315.3266960527,6365.349838145379,2,8,18,18,3,2,1
L01074,39340.15551622861,2162.2050816613555,22732.19450312465,49013.706736230015,21891.158497110344,1,5,16,2,1,0,0
L00880,88767.86546896168,2057.0331766059103,13143.31815993584,53497.44244199436,26613.399641422926,2,3,11,10,0,0,0
L01468,72893.43059645963,1413.6128591417273,23133.34463905302,17016.67319139533,17016.67319139533,0,9,8,23,0,2,0
L03162,74118.08390341405,2502.2608249913005,18333.97430161256,31464.079137301393,13497.669137707144,1,6,19,7,1,0,0
L00595,85750.79888515799,2699.9460362425925,25360.754125053463,42692.84952306192,20030.636374406742,2,11,13,21,3,2,1
L01946,57607.79327912732,2666.5161701285874,22439.08301877157,44714.339732180604,2130.109901892076,2,5,12,21,0,0,0
L03173,38657.3616010683,2010.0023126814672,16140.49231286188,27088.930172903452,25503.804701530215,2,10,12,6,1,4,1
L02433,64528.956982515236,2169.017667454265,5899.783270910035,68767.72002409998,2237.010384342211,0,4,2,12,3,5,1
L00279,66396.04169980038,1179.3001414668129,23373.413245651045,42630.47860983001,9129.696719987249,0,8,9,18,0,2,0
L01354,80183.10320605294,2387.581396000974,35697.81101962378,9346.924691556465,9346.924691556465,1,8,15,2,0,0,0
L01093,79552.5908727396,1669.8370387447267,21382.239377294394,29929.293345325714,9216.552075639787,1,7,19,10,0,1,0
L02265,78604.322109009,1682.2883961487144,6930.777008619865,62936.51510009871,9464.773796839685,2,9,11,17,0,0,0
L02568,78022.72483647313,820.0000890719596,18500.29919648711,33114.93309665636,33114.93309665636,1,4,1,10,0,0,0
L00582,56694.24172198398,2618.4452442017914,50013.72989634979,44103.918598925164,9555.638031922204,0,11,9,12,1,3,0
L01501,80567.22152333276,2781.8190576650104,27536.27409358232,26431.13179430389,26431.13179430389,0,6,12,23,0,4,0
L03061,71349.0652250035,1884.2228991277423,27242.3017995203,42090.268118483924,19613.828664512854,2,7,4,21,0,5,1
L02725,104251.7438106159,3109.7693157622825,28877.63848561769,40151.00512783871,14900.707546342579,1,3,5,12,2,3,1
L00746,50485.12373693069,2093.3971263138055,21270.305681187216,54061.09423704243,7336.413451535906,0,2,8,7,0,3,0
L03110,27603.67320935672,2131.8275696633928,12121.419263677592,23670.584189895624,23670.584189895624,3,8,7,14,0,2,1
L00863,95950.10402660123,1532.1576100443986,21876.340617576356,33239.40161234111,11654.851444278582,1,4,6,15,1,1,0
L02749,72726.4663562312,2383.8554898141047,23460.10609775727,61338.927966849646,25053.546309917456,1,8,18,6,0,4,0
L01827,43192.01845114308,603.5667708014369,38807.6571338819,22024.576795013545,16038.652796344357,2,8,4,19,1,1,1
L00903,,1678.426094147169,6855.859376018794,56301.38465539848,29530.880549924936,2,10,16,19,0,1,0
L02429,87487.06719741006,1961.9066964789563,19605.449062344163,61249.919624469345,30644.56208140635,0,6,16,7,0,1,0
L01527,102691.72611869218,1528.5510502894726,24900.378030539017,25128.365734057646,25128.365734057646,2,10,10,7,1,4,1
L03621,37542.81097037872,1167.9863225478334,36381.955852087485,62683.52365998397,15222.962840255714,0,11,2,22,1,1,0
L04958,86201.7947981733,972.3216323146762,16982.422388302795,5000.0,5000.0,5,5,15,10,0,5,1
L03802,32994.57790992581,877.0349410957089,4642.660630523729,59369.9609359744,4678.1758391854455,2,9,9,23,0,3,0
L01390,49931.64259307633,2403.9670129135716,19197.172869228194,29905.19171252115,27322.67619928232,1,10,15,6,4,0,1
L01457,80066.83242209065,854.4144031454248,41172.87968605754,55237.847784894664,10225.246668472846,1,2,16,23,1,4,0
L01747,84503.95259564859,1036.3055184399518,26189.116113727865,57860.92973469768,14950.21764992701,1,3,11,2,0,3,0
L01016,68958.21566925295,,22765.180622437114,42128.17063942743,28745.87645809807,2,7,12,9,2,0,1
L00478,71225.00309087073,1784.1645243834337,33529.13256204809,53259.74740704501,26131.22499229184,0,7,6,5,1,0,0
L01370,47303.94571946198,1458.556644051794,34537.34786219735,40324.08321387527,39793.33618383878,1,3,8,6,0,0,0
L02563,46491.50747880826,2577.955198334408,17827.346346776063,40706.5704663897,22933.062360170246,1,10,17,24,0,0,0
L00203,86661.02486350553,1919.5648717306476,26891.305566492876,20647.488783228146,18265.134092860473,0,9,9,7,1,1,0
L01669,81812.40053009106,2108.599974545356,21024.06109845586,41282.15875522446,19254.197698964857,0,6,12,16,1,5,0
L00310,60956.14695132212,1017.0073309521872,29138.774440901376,33291.63460483714,30101.307143482503,0,2,10,3,1,5,1
L01227,,659.1855063036385,49148.16939486322,67300.52219151158,8842.152886145152,1,8,12,7,0,3,0
L04718,88685.13290392346,947.3578309209934,19122.971118708836,31816.69329382709,1486.4129201008072,1,8,3,22,1,2,0
L02946,42046.172203686656,1046.87746479838,30320.920183739458,22794.01600421385,22794.01600421385,2,5,15,21,0,2,1
L04369,51550.28807987328,2580.1604333478126,36503.40258759062,66191.16277441292,3273.296152759991,1,11,3,6,0,2,0
L01478,73390.64887814055,1071.6106371747828,23075.25000430799,38813.16666423237,17634.794845942637,1,4,16,17,0,2,0
L01199,69478.28268129323,1560.9439287766368,26838.411250264617,31689.3342386788,28802.63205600717,2,6,11,7,0,4,1
L02126,75942.3823035042,252.72980363233842,15921.900199703423,45911.67895556287,26273.72670187422,0,10,12,13,0,4,0
L04312,30085.851342806956,1037.56762930812,15786.682764780207,28296.08911781803,25322.377368515172,1,4,12,16,1,0,0
L03947,75752.5980589976,1640.7499569921042,54857.23713681842,29114.985956754692,29114.985956754692,4,2,9,21,1,2,1
L04410,82523.38334382465,2884.6442715452013,33382.81444889579,16584.36136619833,16584.36136619833,2,2,5,16,1,4,1
L04807,50219.42683953534,1925.8772541384621,22746.280098168474,44235.666267992725,20106.972071252305,1,4,7,16,1,0,0
L04326,85726.0578414496,2089.531416584421,19970.316568521146,25378.97227131369,9504.535405181927,2,10,8,9,0,4,0
L01733,64611.60788224535,1917.8384003112672,31363.80134616622,19733.883123227537,,0,10,12,15,1,3,0
L03776,74430.84760836411,698.1636085823202,15662.113542221996,47239.9753906196,30584.029080951754,2,8,5,9,2,5,1
L01244,44704.86538614266,2543.145610825772,24273.259068231902,5000.0,5000.0,1,5,18,24,2,3,1
L02359,29475.295342033598,846.5002366470001,16438.354305780005,50656.36801137174,1000.0,1,11,17,18,0,0,0
L02834,59520.13836341391,1583.7859165088887,35722.78913446575,21513.18413754661,20717.778262376934,4,6,16,17,0,2,1
L02670,77512.61867292001,1766.9922778799516,5776.793867062346,43867.92425942439,7603.2956064751925,0,9,11,4,0,2,0
L01541,64449.701898987274,2024.0362741579236,15585.842099765658,38389.79766323556,,0,6,1,13,0,3,0
L04063,45981.78540625536,2120.5133106718695,13290.767301299897,41231.30349441147,29800.916201979562,0,5,7,13,1,1,0
L01907,33582.47695863001,868.7594940753396,27432.569649742734,44444.43048255501,31365.348557747682,2,10,17,20,1,0,0
L00154,,1376.6391921507898,7917.7323169255,51022.17015265626,12306.688456495955,1,10,3,8,0,3,0
L02569,82169.02233313331,2741.226603030212,5280.275282074479,19276.764116808426,16726.31309056248,1,11,13,14,1,4,1
L01372,99234.16960284687,1649.7124791930244,4040.1726541597673,42322.75672465576,20970.406272444892,0,2,6,6,0,3,0
L02174,68035.15984497481,2282.916591168591,16572.01028283035,23559.819281934197,19936.07679940213,1,8,14,2,0,3,0
L04441,37861.28860600849,393.4328986756518,34559.37040015697,69606.00164103779,13279.689233529229,0,9,10,5,0,3,0
L04274,43405.27357448303,2626.5518914905183,2000.0,61452.59115428169,8174.306114713541,1,5,5,18,0,5,0
L04722,75359.89552782904,1990.1853823247889,31902.995470995244,42439.23435373401,18139.74336793785,3,3,6,5,0,5,1
L00410,75288.77668117498,2694.8399554042608,23936.617645167993,55266.93953553941,22163.565345912877,0,7,3,10,1,1,0
L02158,58645.698064875316,1179.964029587008,29077.916141550177,32394.576058134648,32394.576058134648,1,4,3,4,1,0,0
L00213,84080.03526986405,1659.7643760767896,28694.383715424683,51859.62375831508,17898.363524439927,1,10,7,24,1,2,0
L01799,86520.14277197196,1574.299378452871,39293.008660447565,50665.69153817955,27875.534068050478,0,7,14,12,2,1,0
L01385,79841.90744018614,,19968.314710153212,28959.021721890254,21880.995661527482,2,3,18,9,0,1,0
L01935,117886.8669403407,2503.171178456521,18240.717545286436,33595.29442739856,26506.108961061356,1,8,17,20,0,0,0
L01039,69489.03637119944,2456.1859186447873,23639.240635934297,29457.507805968384,15038.860202166234,1,10,17,23,0,5,0
L02161,42770.84086125936,2017.7893802619105,17849.086632746712,58828.393699518725,31324.23109988895,2,7,2,12,2,4,1
L02888,92766.75556416895,475.8202302484535,22116.517076852455,49971.446345865435,12263.490881322758,1,9,16,22,1,4,0
L02629,56139.119577430356,514.9945692784336,24197.58083940143,50556.93825626228,12220.94275825435,0,8,11,18,0,0,0
L03713,70620.18500563613,,29996.645153475747,31393.66674393436,11591.871984402176,1,6,8,18,0,4,0
L03816,29137.87094930846,1852.5901280378298,11581.130675226317,80082.3511394202,43819.44983415624,1,10,7,20,3,3,1
L02767,64327.74870592574,3879.0583200596657,22143.819962442656,45533.726932437916,15403.018575260794,1,4,17,23,1,1,0
L01139,76948.00139699716,1835.0630395683427,16620.560336668597,47390.731291921016,21601.348969828727,0,11,10,15,3,1,0
L02623,66676.53255858722,1157.5113328373484,14844.872338772515,63233.769301273045,7706.819791874959,2,10,4,4,2,0,0
L03433,75445.01272035557,1290.5238285836883,25473.89841708555,66409.42051936738,25380.847863116393,0,5,4,11,0,4,0
L00446,78393.45097660077,1622.489382966185,23973.134122902666,47058.57189100446,21518.190927437587,3,6,5,22,0,5,1
L03522,20000.0,1961.599208605857,13252.237757456323,52323.08225962316,15618.188808026507,2,3,12,8,2,2,1
L03083,25658.605928256955,1376.8668967162757,16917.348539166796,33384.64269214587,4586.423449885215,1,10,7,4,1,1,0
L02006,69265.87414745877,2421.545353883863,23804.96056078081,15704.652017250603,14078.858786649967,2,2,16,24,3,4,1
L02354,37680.885775989314,2743.0927496295512,20026.448446653358,36749.27482920359,25072.999856297516,0,3,14,15,0,3,0
L02706,85901.76948169507,1560.2431546685486,31389.08832039558,50805.36247590263,31709.964932042665,1,7,1,5,1,3,0
L01978,,2601.7889333623402,7891.977149090408,38814.024707689416,15921.010754563518,1,6,2,5,1,1,0
L03496,103703.08080120457,2393.0558535263312,24652.88344783808,47299.292201921664,12499.063425116936,3,8,17,11,1,3,1
L02101,72528.19052195034,1623.9855778722608,5647.0972992844745,47398.81264289548,11287.910209669875,2,7,1,24,1,3,1
L04236,41410.80670984439,750.02615724116,29258.211480387974,60735.7411853491,26209.215568891646,0,9,14,17,0,3,0
L04145,,1456.7702015258676,8808.049472322007,55938.58008600044,25510.969833098385,0,2,2,22,0,4,0
L02942,55670.09241543604,2030.4226946443914,25920.44503868506,26904.21160484159,18173.102333186795,4,8,8,15,0,2,1
L01686,88753.58776923128,1914.645044000003,27069.763458281417,23052.774546031553,23052.774546031553,2,2,6,24,0,1,0
L02099,33924.82467967871,1098.0127822754946,29091.14389633284,39315.35719999307,36147.293030068846,0,5,6,4,0,1,0
L03672,82446.30760056901,3055.7028695515946,22744.066719261475,49548.130571135014,,1,4,1,14,1,1,0
L02091,71534.8952920464,1418.4988314849315,27881.379513426597,10238.078998635865,10238.078998635865,6,5,13,17,2,4,1
L01719,79189.03634278079,3195.6670960601987,13536.016942223123,27078.80906220487,,2,6,10,21,1,2,0
L04580,81632.33572360806,1529.064756892994,10420.663002686939,42578.81273361168,27229.805130978235,1,2,3,7,0,0,0
L01841,62429.24977122139,,27981.721503347944,7793.018500509523,7793.018500509523,4,5,18,20,0,0,1
L00138,58558.76967588649,2383.15295565636,3668.2954830127237,51619.38452912726,35627.48785053012,2,2,8,21,0,0,0
L01986,75261.70840194586,1355.9866387647126,29206.39231357267,42263.014427673435,,0,9,8,17,2,1,0
L03269,69628.91845051144,1199.42373240575,20054.153369603322,5000.0,2344.7871108419786,2,7,7,18,0,5,1
L03134,94898.76454906471,3266.04899228481,21984.85497051954,56179.77918939589,29536.95132635774,1,2,9,23,0,4,0
L04202,43195.8318640114,1419.1499537777065,23814.77881879056,48120.690589528574,13533.131469366088,3,10,13,6,0,3,1
L01363,67391.60736828306,1389.928962417193,13385.565705357136,29031.08540009433,18653.845669367704,1,6,12,5,0,3,0
L02244,33715.16776577897,1285.4533263783756,31205.095750656787,63862.53000890457,11775.926227278627,0,7,16,3,1,1,0
L00437,97572.31091142584,1754.3670665176467,6833.374537140786,38767.85431640702,14288.299835628059,1,3,2,11,1,4,0
L01129,63717.23306814015,1147.0760087775648,14987.504555959236,61525.981180031675,15572.090620721523,3,4,16,13,2,3,1
L03883,28124.128330385087,2584.9197724562823,29641.87616135564,33768.24275441876,10109.955617139874,1,3,10,24,2,5,1
L03346,97569.37109544643,2065.901466815688,25624.508686256107,47140.16200098438,24235.53396035471,0,7,14,9,2,2,0
L03610,56695.72464189457,1184.9868719691835,8449.139342249939,40819.84181369048,,0,11,12,16,0,1,0
L03639,62525.34639800487,2207.4362589136063,38779.65836968697,38770.86276412253,16020.87426381965,1,3,15,13,0,4,0
L03189,82859.07740217539,2345.871025647727,30564.598131487866,32631.63378074331,17317.700646602134,1,4,13,16,2,3,1
L01620,87968.91418393509,1619.7898860069172,31078.523849098703,21469.990310447803,14578.842133171176,2,5,5,19,0,3,0
L02748,,2034.6816290583868,14037.098110079096,5000.0,5000.0,3,2,2,6,2,0,1
L04227,102376.35681087707,1406.7644689544763,40044.10826698424,37250.24736965044,9206.274873593455,2,2,13,22,2,3,1
L04167,59052.47841513787,796.7818780571868,26380.052585187266,35713.529259454655,17533.16632411588,1,7,1,23,0,1,0
L03328,53214.566964213875,1605.2717579456737,34788.73764700375,49108.82526632382,6298.622572401071,1,8,13,17,1,4,0
L04172,61787.37760949011,1835.6556887114173,36588.853886324694,42227.96523462257,30317.98754599401,3,10,12,24,3,3,1
L04650,60412.35336289066,1971.9862539636383,21688.396351985222,31492.072734773486,8527.480088253484,1,7,11,13,1,2,0
L00603,82392.1184021132,,13442.574200484929,72140.66551696279,25104.39978000994,1,6,10,20,0,4,0
L04280,72279.41261705477,1554.3613272599189,24752.486875683644,42344.877159331656,14045.095931931464,4,2,17,8,1,0,1
L01264,46586.52813841267,2046.6336509110567,8326.735387150442,38752.29009843387,8650.258351007427,1,7,16,17,0,4,0
L00091,66941.5509869608,343.391777758387,17611.500095218285,27786.929839219363,20546.394416450377,1,11,3,10,2,4,1
L02643,48047.3214276183,1445.928565780675,19641.28535466323,46994.82473774938,18123.9085535572,1,2,13,23,0,0,0
L03288,60766.66036137646,980.9952418337195,24567.191727957405,35258.25579054384,21095.822504383585,0,11,2,17,0,0,0
L00925,88900.93257849685,398.0983238872027,22353.714170886393,57727.42440913059,26385.16579248364,1,11,9,24,1,1,0
L01969,61101.83439294638,1753.2559048020094,25850.551679378343,29290.706317606702,,1,11,10,9,0,4,0
L04466,41871.683665122866,800.348070460796,12531.999058186682,67308.7040239745,20928.045460564284,1,6,8,19,1,5,1
L01429,60574.92752828456,2882.24042791738,21181.25822809161,21737.510106762005,21737.510106762005,0,10,15,4,2,1,0
L03742,75425.59810027629,3016.073392792881,12088.057823754456,24741.319460697378,10116.289375858985,1,3,3,24,0,5,0
L03585,66425.07499821785,1587.2639406435583,29202.24016905408,60017.23526115256,26686.297581325896,2,4,19,21,1,1,0
L02541,50808.40290501655,2287.904037752335,13408.957259498593,53450.61667553055,29680.227066762607,1,4,6,20,1,5,1
L01469,41082.33875929631,2224.546498408038,19572.714106889714,35953.890900825136,22811.432526915607,0,11,16,6,2,2,0
L02439,56264.71525523565,588.9355990041172,24304.59880627633,32941.91290705874,32941.91290705874,1,4,2,13,1,2,1
L02637,68812.71182530049,921.9112141794186,32359.162094320338,48157.099808321764,14554.588190449515,1,2,14,14,1,1,0
L00612,63888.3065817909,3213.209440262107,33222.033332933686,39932.77305434813,23499.75535625689,1,6,13,20,1,4,1
L03219,50293.93078636096,1623.4169944333069,20794.989417766752,37441.11002814897,22413.232032993907,3,5,13,4,1,5,1
L04364,88909.61301650958,1911.455704583648,7615.7328122459585,24905.379916103695,24905.379916103695,2,11,4,21,0,4,1
L04987,60579.15072925899,1502.8303831298517,33433.04274330014,23430.62538859011,23430.62538859011,1,8,18,8,0,2,0
L03937,89990.09801412317,1009.1767937072797,11626.738016986574,53173.08348154968,5860.308665928864,2,2,15,21,0,1,0
L03720,62873.2599493737,1159.5277261215156,6724.19058644241,30095.031057998254,13889.856482394367,1,7,18,19,0,1,0
L03898,79210.98204595571,2043.5937613441158,9156.280244908014,37273.986327195715,16074.383226424101,2,2,14,22,1,0,0
L00042,68427.36562379941,446.18333468533706,19832.682108435383,20306.305348626414,19281.868571489653,0,10,14,5,2,4,1
L03689,90507.8147599803,3429.768511774686,15309.032398622867,34383.993280016395,16569.24069258602,0,5,16,14,1,1,0
L01126,42073.09213962624,,30995.613767383074,40258.29374095841,,0,4,19,24,0,3,0
L00539,85125.85618428882,814.0550086687998,3809.489846974524,39166.14215201093,39166.14215201093,2,8,13,21,2,4,1
L01520,102081.85132668377,2071.4846502049763,19163.137790728273,67350.38443054698,12324.53498769847,1,7,14,10,0,4,0
L01682,64516.08787218168,2014.4403420718027,19132.78305179937,37291.74563671392,11980.625249362849,0,10,3,20,1,5,0
L04886,55516.4364979207,924.404511332083,34716.96791522558,25191.261519516796,19772.14365162223,1,8,9,12,1,3,1
L02123,64614.79240531211,1417.728119436967,24850.347420993614,38217.21276968844,26918.418040088567,2,7,15,21,0,2,0
L03503,65904.45417999965,3316.118889687176,29670.62689489702,16596.37033669424,16596.37033669424,1,4,6,14,0,4,1
L03984,42530.119335208045,2461.137859353413,21295.39659534004,29133.403598450863,18045.403426135716,1,7,12,21,1,4,1
L03725,52559.30388891237,1689.3317743868977,14963.635558907703,48972.61904485851,33283.31806384353,0,10,4,2,0,4,0
L01901,,2557.4460532094963,28325.827996421973,45664.59357679961,22417.668898843098,0,9,5,23,0,5,0
L03400,,1769.8503034062096,33738.420203667025,53282.05874410143,6965.275712184195,0,11,19,19,0,0,0
L02156,52672.77183921045,,12498.474699481278,38654.11635508332,21402.05126171245,1,2,5,19,2,0,0
L02969,28587.933989029654,1476.1636964637655,24638.190856793408,21938.69574743205,21938.69574743205,1,7,4,10,1,0,0
L04855,88631.35432838292,1344.51886113509,26367.677511104972,18808.17133313085,18808.17133313085,2,6,10,19,0,4,1
L03327,64951.92318162292,1671.9404107133562,2000.0,33894.52259580911,5749.332248556744,3,4,15,3,0,2,0
L00698,39977.72847229394,1203.8657837461196,43487.06293937052,27465.981389683817,27465.981389683817,0,10,2,9,1,5,1
L04969,59110.88484823932,1850.7067141101745,25116.342988074248,59558.112188970685,17902.018396454692,1,5,1,21,0,2,0
L01653,68887.68603154672,1200.4672104344213,24669.7578312756,42895.762044371724,21816.1521479442,1,9,13,20,1,1,0
L01911,99650.29998970183,200.0,24536.835542980967,23024.13717100511,,1,7,12,10,0,4,0
L04822,61322.9221368158,2115.905192002062,33585.654928223215,36453.610924439796,14818.347101720992,0,9,1,20,0,4,0
L01811,55338.778966331214,2153.3300513488484,13902.645326101885,43081.199056866266,12584.073609059436,1,6,14,9,0,4,0
L02226,91426.08064546024,903.3858794430002,35351.12667804098,52695.2713930903,22456.028170579157,1,3,14,23,1,2,0
L00662,54062.821175192155,1062.0696121248375,24452.358478942362,30120.518785674543,24014.98150546209,3,2,3,14,0,0,0
L03838,72595.35272081791,720.2802638238875,21293.66020348026,62804.1698332425,24284.546815603273,3,2,10,11,0,4,1
L03727,74937.47181015194,4326.217026435439,27620.922620826175,26260.486279522724,12945.762859975488,1,2,15,20,0,5,0
L03409,60550.502064434695,1298.3257401821631,42540.95582923644,16483.414786153375,16483.414786153375,3,11,13,2,0,5,1
L00048,86142.44452437831,,24096.86063574488,43028.30791437224,11819.21012694023,3,6,10,24,0,0,0
L04911,54634.947222775954,1974.6710003537285,18416.055169719762,31389.029296479428,27883.64800777356,2,9,14,7,1,4,1
L03361,41933.351935885104,2324.1869028110086,20252.889620700254,58493.77880016225,23601.901843652216,2,8,11,10,0,5,1
L04432,20390.639617510817,1135.9436038966105,14373.770835644798,40001.07800588295,8822.420516836879,2,6,9,3,0,2,0
L00712,63065.73776259215,971.0851424198426,43160.120568309954,48141.62010868843,14086.25776608062,0,5,3,18,1,3,0
L03941,72583.06237452249,2932.163621361459,28121.568069555517,43578.36297312706,6177.140958639697,1,6,11,2,1,3,0
L00388,102523.41678431773,589.9768277608996,17880.76765614047,51925.32188903759,14839.518438982215,2,6,4,24,3,4,1
L03341,79121.57827630264,1869.9131431360975,2000.0,41375.784246225485,23935.72011154593,1,8,17,3,2,1,0
L04149,,1387.2152085207363,29227.76773932773,17768.90086776361,17768.90086776361,1,2,11,6,2,3,1
L04531,,,18815.83146281696,33523.5176650994,21458.362662419702,2,11,12,6,1,2,1
L03190,101592.40403432175,2557.261602858709,21861.378654957287,50117.57549732232,49987.34105502465,0,8,13,19,0,0,0
L03724,29272.49069290627,2056.1502839374984,45120.440563595315,11346.187280784237,,1,2,12,13,0,1,0
L03706,71152.25336378392,2330.87829484861,33522.136630686684,59760.758769097316,13002.172557954036,0,4,10,4,0,3,0
L03429,,376.44885966125526,17888.266044466836,37940.6339813445,22372.34875631017,1,10,10,11,3,0,1
L00802,54679.10543565252,1609.413059955506,27125.43628399402,46673.12375015685,17246.77471912846,2,9,12,9,3,5,1
L04250,63849.644939890735,459.5356403007245,29927.401763057722,72004.68407022845,16045.409032954709,1,10,9,22,2,2,0
L02015,81589.49683863496,1552.747010609392,22189.99082259871,43537.97598624356,15218.133027663003,0,11,17,2,1,0,0
L00992,24165.30263151419,2045.1115856587312,29787.74307977782,49554.28809992305,15863.992856747325,0,3,11,8,2,4,0
L00338,58572.283166940135,1158.7779279163667,38235.29210891806,45793.39096156873,34043.05505165939,2,5,1,2,1,2,1
L02151,61482.91191135858,2349.2541974025407,2000.0,29345.936525321384,1000.0,0,9,15,22,0,2,0
L03646,42719.07099676013,223.75313491887914,17261.171302142808,51663.24648286193,27391.18652773201,4,9,7,14,2,5,1
L02441,99991.67808410841,3211.9310444406174,24945.7680054032,41871.45794316078,30346.681017529358,0,2,8,13,1,2,0
L01029,77270.35945460833,227.55528681879582,25651.69001048321,65106.15630975137,14553.037128802876,1,7,18,21,1,3,0
L01592,20000.0,857.7908336069136,10382.486998235887,59375.734112818594,1000.0,3,7,1,24,0,2,0
L01633,52129.00335365076,1485.2941618042744,46261.78003841775,56638.11973880096,9087.964215847753,1,7,7,6,0,0,0
L01348,83686.39822478547,2818.1717871770115,35442.845752345966,45280.372431839205,20818.966752007913,1,9,17,10,1,4,1
L03142,22455.451592970094,1212.6705071031888,32893.798361546076,31996.819939239194,,0,3,14,17,0,5,0
L02409,81227.93108983184,299.9940900224508,13636.61463503712,5000.0,5000.0,1,4,4,3,1,0,0
L00012,55685.404928594864,2386.8382508046925,30514.099367626543,63324.44091588647,24480.982133510246,1,9,2,13,1,1,0
L00245,40994.071858884476,2577.6455725917776,38218.73747785051,48034.81077028711,12001.193344866533,2,2,10,23,0,3,0
L03100,76597.14570590264,1933.1882180617176,22393.557549941954,45591.50836414603,15230.90072402678,3,2,13,3,2,1,1
L01660,87797.57122258091,2039.2685872168847,17514.0312689088,55830.296012065664,19279.35789499486,0,11,11,16,2,4,0
L01466,76771.5680884122,2447.290232585103,20588.503276571944,27918.974949016287,26186.085476102835,0,2,6,4,2,2,0
L02190,76771.06539541439,200.0,12919.330292400347,53282.91058458932,10639.674869518194,1,11,2,21,0,4,0
L01445,,,8146.394815555057,33809.210812078534,33809.210812078534,0,10,15,10,0,0,0
L00808,55425.02756673045,1511.1926213979443,21880.99176905772,30900.040888741496,,5,2,13,15,2,3,1
L04138,71759.15056464236,2640.2556418210843,13347.007248651487,46420.88121476748,28705.507172005113,2,8,11,4,2,3,1
L02591,89748.76269368279,1122.801757704874,10369.971422165558,56547.60908190459,18861.79673816417,1,6,7,16,0,0,0
L03700,60545.585984467856,855.6316118143343,26345.400972542902,24232.545904747094,24232.545904747094,1,3,12,6,0,5,1
L03571,59050.355982523,1223.635943459953,19058.768196238303,31972.535992485435,12002.598518500314,0,8,12,23,1,5,0
L02227,93392.06009027275,1754.082028970565,8417.430138775131,18053.48123125452,18053.48123125452,0,2,16,4,0,0,0
L04603,97701.3278905504,1952.178577475915,25312.22759859876,37600.86777551749,24832.904964290232,4,4,12,5,2,2,1
L00240,82048.66669592448,2470.2644281835846,30399.445397420277,80060.13062294597,25304.51853089151,0,2,14,3,0,1,0
L00967,51472.153958814604,,28352.45536603957,34107.34163849189,18920.165332547294,2,10,7,4,0,4,1
L02355,89238.87970772802,2848.9298372828935,31243.573680260055,68008.46930771213,12598.180753937217,2,8,18,24,1,1,0
L00827,,1712.7812640292289,18279.356746686743,22970.255781418404,22970.255781418404,0,6,14,6,0,5,0
L04199,20000.0,200.0,23007.628229015987,47230.59695829474,4222.467721998024,1,7,7,3,2,5,1
L01886,70603.22317639213,1148.1054808725248,29611.740390516385,68433.6215984284,25456.106633808282,1,4,18,13,4,3,1
L04200,76423.58812438417,1433.4215765947993,20123.060685782348,50861.413037591396,12182.595277754655,0,2,5,7,1,3,0
L05000,48038.68803938983,2315.510762830546,20462.14834853808,15701.202952173498,15701.202952173498,1,4,17,12,1,0,0
L04325,49749.615217068036,643.5854818037412,2000.0,69969.2230676935,25404.568047891767,0,11,5,12,2,3,0
L04154,50061.53429859665,2260.4495406642923,17094.042580965684,62727.64590165333,23017.888307971836,1,2,7,11,2,5,1
L04253,69190.68460525588,1451.8890016303726,11558.128211359766,32290.055825074916,13140.527460952533,0,8,9,13,1,0,0
L03726,76654.75166347729,1498.0612790957362,29422.099624265004,59487.71878943776,23474.104776951022,1,4,9,11,0,2,0
L04499,21606.451645485955,1852.7132868817919,27834.04915798191,53562.243922773734,9433.61785294478,2,2,8,15,0,0,0
L04186,72189.51595094251,1747.1100848383944,26695.96483294401,53817.835567368405,11104.235150449762,2,6,2,16,0,3,0
L01614,63443.25605974396,3557.3168439831634,12827.383578227125,42397.53027862146,25708.91586368305,0,7,9,14,0,5,0
L02243,104528.81169030971,1116.9415299964985,28490.933843875006,34461.34162576364,3960.0238524504202,1,2,16,17,1,5,0
L02594,66160.4546961679,1718.4106763250577,51695.095077456645,44928.02130870923,41939.251518044446,3,9,14,16,1,0,1
L04118,27199.79657634114,2383.3895594486025,38018.987915899816,40625.07133209034,17615.091429492008,1,3,13,14,0,2,0
L01268,46921.847170704204,2575.0159165450827,30089.88609229009,56583.89717934227,27554.617138709633,0,5,10,2,0,0,0
L00294,,1065.4302667921668,20257.329655330745,28487.394449892843,23446.305046345107,1,11,18,8,1,1,0
L02202,61181.924165454024,1852.019704951024,38787.83807386855,40173.907889880575,22378.579340280074,1,3,3,4,3,4,1
L01155,97840.30320272737,2379.673422978498,11614.59142964244,58126.59983704132,27130.732322865355,1,10,14,6,1,3,0
L04360,78604.40720953382,2047.237468019228,12688.3473922304,40098.219499549516,31405.163348462193,1,9,12,19,1,3,1
L02984,70774.47325650047,3311.423036403197,29906.17718839977,31256.05756601099,28728.789499187864,1,8,2,2,1,5,1
L01185,45207.43726859325,,17337.726082828878,45492.19788948524,31885.991805344347,0,3,13,21,0,3,0
L03326,74503.35492990763,3130.34515775187,37142.47599980887,48971.38409166182,28822.575096080764,2,2,13,8,0,5,1
L03884,47193.64303960257,1490.456442720042,41725.247730469055,19955.021661768325,9917.32242133655,0,9,18,19,1,1,0
L01932,74933.98446473043,2482.5322451305533,43772.934475490656,50451.367940714525,42096.28652190862,1,2,3,14,0,2,0
L04895,43715.59986365303,1690.8622797779071,14497.411923082633,57806.90878612038,30346.573698682085,1,10,18,8,1,1,0
L03043,53269.37460872129,646.4717151105526,39379.0476183525,20191.055653800995,20191.055653800995,1,7,8,20,1,5,1
L01856,51587.5958184671,3154.8377067309375,2000.0,50010.74654710853,32977.738137911685,1,9,1,12,1,4,1
L04284,84462.03122030143,2361.6242589338613,18039.160339207312,35322.5942068817,10362.389590884677,2,3,7,7,0,5,1
L03552,33642.81149269088,1206.1375896987424,23695.97676394935,39873.79501042952,39351.52268265317,0,9,10,16,2,4,1
L04940,36998.585536339815,271.07253979160987,21257.478925069176,43793.391935354644,22487.71160047193,0,2,13,3,0,1,0
L00389,84008.476763721,735.4358949352591,40115.55773193913,41429.55098730427,25465.244160535134,1,8,16,13,2,2,1
L01471,,1830.0598874686925,34869.47286116419,66769.53410424659,34221.41811548088,0,2,12,13,0,1,0
L03844,37565.13741472989,1570.3123961101257,22181.184776258713,44041.35178082352,,1,4,19,7,0,1,0
L01150,48060.77303363344,2006.0806859185036,31109.070350337493,23333.143503763367,6409.335031112179,0,5,11,5,0,0,0
L01279,68840.98232980064,832.6410310083152,26261.56559646185,62809.01352644818,18381.707369856438,2,10,19,9,1,5,1
L00519,66986.64610858452,808.3501711358084,6398.29174870056,50436.18688708964,9651.948365546223,0,4,5,3,0,0,0
L04620,,1281.702168282783,28140.362639572082,24935.224234254878,24935.224234254878,1,3,11,18,2,5,1
L02533,76110.25292684496,1870.3788377033352,24700.84411347764,35067.5376011914,,2,6,12,13,1,0,0
L03963,65986.16663040445,2005.4266058597782,26174.59031363166,34796.88412164859,11064.118751015836,1,7,8,13,0,2,0
L01720,56290.27258860313,,39441.03184465978,49782.518276735296,27078.845144122308,5,5,1,4,2,3,1
L02955,46021.66958350326,2881.631492779461,32248.864327659307,34600.35739628648,15707.257771268218,0,2,12,18,1,4,0
L01412,76124.6001880132,1721.3521220364992,2000.0,38572.74231914831,21149.127263714803,2,4,12,20,1,5,1
L00356,44949.41270724383,2515.9284448214603,47727.52389244474,33885.091321510976,2452.4158172374155,0,4,19,22,2,4,0
L02399,69145.34658797889,2105.082267664228,8724.925094625693,24580.088901738414,15549.167143767361,0,10,15,23,0,2,0
L02868,47266.38155433086,2448.208035500267,23546.48543236625,36997.981686577936,22066.59698494491,1,5,14,17,0,2,0
L01676,58553.5906157732,2421.549362345213,13998.24701335896,35149.69495841927,17788.672083835787,1,8,12,18,0,4,0
L03656,72282.80592109323,860.6381634238827,18833.96557096926,35628.904579766604,17980.000029413826,0,9,14,23,0,0,0
L04468,73353.61504478802,312.26956756016125,22317.8390487064,54289.740155386615,34183.96868514863,0,10,19,15,1,1,0
L02279,78326.25001818423,1733.9259397189676,24733.11249585164,61882.28703784704,1525.9993914442312,3,3,10,18,2,0,1
L03857,37084.21595615029,1966.2884008536644,12108.454820070134,19693.258588127777,19693.258588127777,1,5,2,17,1,0,0
L01931,40409.00811095166,1174.116861998405,17082.333873437972,45201.73831891294,16456.776597509015,0,11,18,23,0,5,0
L04378,105841.39305855762,2777.4437479813614,41473.28486904283,39759.625143795725,10973.802086287667,2,6,3,7,2,2,1
L04142,97767.19464541881,1658.2655079081906,16333.294070385597,26032.63224765098,26032.63224765098,0,9,11,13,1,0,0
L04372,54079.16402366557,1760.0718135670704,14312.331714393069,42690.97058770669,23101.83218108265,1,10,13,24,0,3,0
L00038,25806.59752240449,1250.6277255973637,18870.71032809986,19964.62717460386,19964.62717460386,2,3,12,3,0,2,1
L04431,29376.83171068733,2490.2036735621496,5478.97668307065,68919.23770363124,25477.697760195868,0,7,19,5,0,1,0
L01700,68591.63563879197,1140.9305042870767,7439.5350665356655,54420.4053972822,27802.224746014355,1,11,13,22,0,0,0
L03865,57562.84235442669,2177.113010211993,28742.483084247655,40281.665850819205,16866.31368714926,0,3,1,6,0,0,0
L02130,79363.7145141587,2847.8921355468274,16762.407089733166,5000.0,5000.0,0,11,2,2,1,5,1
L04983,70735.48224765173,2220.7498242037204,7682.703034752585,28703.326297040323,28703.326297040323,2,5,3,19,1,5,1
L01920,55558.18844605745,1774.7851893375166,17026.30466859737,44652.63740774257,19111.67859155087,1,10,1,15,1,3,0
L04069,41215.35069845742,2993.339087041446,12103.407124887313,42694.99058307381,13167.333027821736,1,6,3,19,0,4,0
L03163,55818.193795620165,,23853.966564677612,11232.51007302965,11232.51007302965,2,5,13,24,2,4,1
L02520,47971.87131479372,2336.039737452419,21113.938936513907,42543.10615327429,31726.039587430067,2,8,15,7,0,0,0
L02248,,1812.0222002296775,15369.078261746121,38897.90418153673,,3,8,3,18,1,4,1
L03236,68789.59642442162,2430.633325308803,30645.847917517713,65262.55609510948,4669.984213965699,2,7,4,13,0,4,0
L03887,21077.443578001068,,30546.27310550703,49637.11669858928,20153.0657484551,2,11,14,14,1,1,0
L01823,60502.88036383843,1105.6620297990771,29229.969346243233,9853.999496969238,9853.999496969238,1,7,1,12,0,1,0
L00563,82422.49406863385,1300.3916359291381,22375.633513811117,39892.4318352801,,0,4,16,24,1,1,0
L02543,60659.658991512595,2435.938491100447,18763.172459588124,66271.13610623367,6911.561579970015,0,6,4,22,0,4,0
L04745,97086.78216617192,2257.9771294237885,26730.452728380013,38183.209028160294,22440.060631427994,4,3,18,12,2,5,1
L04399,86601.12118278621,1373.605024459237,24616.25263580771,19387.398214426856,13117.717383610703,2,3,5,20,0,5,1
L01281,67670.81809564565,1890.764832045242,43353.21123975958,21439.69464941248,21439.69464941248,0,4,14,20,1,0,0
L03896,85032.6365041712,3436.5236381417235,27679.94539524242,36578.42973322725,18504.69635456731,1,7,19,10,0,0,0
L00584,110413.85715608792,2112.9023015461808,2000.0,17833.418383700246,10731.1516771382,3,5,13,11,0,2,1
L04735,70818.94728678971,2886.0957064401114,22476.72894622296,57837.59174657504,27837.794503089634,2,11,4,21,0,1,0
L03901,53877.62506478439,1706.7429228373371,21490.57720936597,35877.51432914159,14346.12790879883,1,11,15,2,0,4,0
L01672,57663.51176370625,1267.4452280851624,22076.731933215062,28475.147594550577,16990.822867546507,0,6,2,17,2,2,0
L00407,43647.59141234811,574.7717478050856,23207.902325011102,38542.15684264845,17824.706161664508,1,5,19,20,1,2,0
L04635,51415.3869361409,1745.4379757338647,27962.997854612124,35995.90469290561,14516.243803656298,1,6,17,16,1,2,0
L00924,50997.583701216536,1865.5910510597755,19402.788289234675,57820.9281437659,19976.926546015253,1,6,9,14,1,2,0
L04465,53399.673346926305,2229.445975379923,40224.63342993791,26827.973903910344,20547.264251100216,1,6,16,22,2,4,1
L04450,94934.20814891963,2392.1005312841953,33320.968808346894,37627.15930266701,29091.29352599552,3,11,13,15,3,1,1
L04536,52248.24915848072,1425.8090529131343,6913.905456202901,33781.5420512696,13442.026885302077,5,10,18,13,0,2,1
L02671,51064.5636314085,2399.796380350678,20866.452058927003,22094.322186335838,19621.493091898832,0,4,12,2,0,0,0
L00315,91109.57614308658,1274.6485234980694,15462.579701930325,30682.611348321567,25944.664815532273,0,10,2,19,1,3,0
L02710,96268.26717664217,1097.906114509676,29833.042370887135,48951.90665996222,13934.179808809362,2,10,2,2,0,2,0
L00441,72681.30897878614,1318.4444464518583,18816.98985895666,43304.849375363774,18610.556491346655,1,8,19,7,0,4,0
L00941,39393.91202658211,743.2973156981459,10830.591158976362,33570.96644576935,23962.70920945111,2,9,3,4,0,4,1
L01821,62374.860658153906,3393.629308767447,16538.338957819804,20615.449376073233,20615.449376073233,2,4,11,11,0,3,1
L04500,41116.21197815421,3132.113906035025,28761.0363829715,63545.28521466636,27454.614547455007,2,5,9,19,0,1,0
L02287,80667.8101856519,2660.1772329455325,24458.19221816389,30471.079231620868,12600.762714844916,1,7,6,24,1,2,0
L00130,54930.48691767602,1878.2617397663382,10502.58544632107,16571.821424133537,16571.821424133537,2,2,9,21,1,1,1
L01067,39106.37048558188,1131.4487959839712,19020.50635186777,53859.74018680225,37893.744490951576,2,4,6,16,1,5,1
L04208,20000.0,325.6504750018594,20730.121867950194,34370.57245429869,22601.48576778442,0,10,16,3,0,4,0
L04639,24653.224037551772,1311.131950018626,15348.926289811949,40633.74406640253,5110.124973620745,2,8,10,19,1,4,1
L04664,,1981.6230883111562,13201.606938990131,28989.925085662733,,0,8,17,8,1,0,0
L01714,81948.43354300843,2027.8036747084545,24930.08807258655,28058.02741685568,17879.55687633009,2,5,8,4,0,2,0
L04706,62426.81107295888,1152.8288856593597,38519.14336867378,30870.575688009023,16067.158633861887,4,4,10,12,0,4,1
L02509,37978.51267583958,,6743.850699547558,44175.78542981324,1000.0,2,7,14,19,2,0,0
L00265,59948.636972136796,2752.8686838187814,29636.68149718995,44609.640306045076,9460.69152144778,1,3,2,5,0,2,0
L00232,69329.1717916395,2204.9261243685696,10024.676887348378,35425.28050227505,7022.859753849616,1,5,4,7,1,3,0
L04532,83904.23069222967,2785.8628841717314,22160.366630134784,15049.199329607007,15049.199329607007,0,7,7,13,1,2,0
L02199,52170.26181911381,3220.3926793920386,13516.221961178617,51931.490602111495,,2,4,6,6,0,1,0
L00930,63684.99477854025,2122.6196504297372,19910.820426291284,30867.652563649528,29027.131482849698,1,8,9,14,2,0,0
L03660,109250.62078794485,1901.0500116695994,24003.947848763513,35272.11910114833,15414.473398688016,2,7,13,19,1,3,1
L00987,95067.96603534301,1162.3091470200154,38652.52233944695,27233.2781974842,24406.625568120475,0,2,2,2,2,0,0
L00521,,1203.2462988195189,17887.395695165167,40103.87081565572,,0,6,3,10,1,3,0
L01289,42932.66787652252,2959.0560866701726,14146.820797367618,44154.914966786506,17362.94694423446,0,9,2,17,2,0,0
L02277,78587.46565913007,956.2364360272641,19844.3205658105,49847.59124762841,12722.406985085572,1,11,14,11,0,4,0
L01220,107902.98255546777,2896.0814828882967,18169.050788402063,47554.54954266792,21281.076019934964,0,7,19,15,1,4,0
L03408,67523.55807323934,435.2327240874117,11920.37765086362,41966.68294267651,20234.045107441303,2,2,11,2,0,1,0
L03634,79883.71420630069,2717.1897269864307,21752.64579197599,36959.199558449945,19043.958534344947,1,10,2,2,1,1,0
L00593,74579.59651492783,1196.9103090472308,21188.068158645303,30022.895510733815,14515.963187364356,1,3,2,8,2,2,1
L02727,85229.26070816713,771.5207087577821,30147.307216216817,48796.79695500415,27469.960383553473,2,7,11,3,1,0,0
L04300,49149.53105769575,949.5709817170255,46116.40191788568,29936.284334728432,15541.705190244647,3,10,4,6,1,2,1
L04815,71146.9123341594,1693.3770278166755,39679.28666839533,25809.03231811647,13810.918753784488,0,5,7,23,1,1,0
L01917,49244.32496183522,929.2710114617234,29738.77173442822,31904.09802772345,17915.073689797206,0,10,9,19,0,1,0
L03881,71034.00017803471,200.0,10453.630511152718,20417.313436255426,11787.13204279829,1,10,10,18,1,1,0
L02936,94453.41351501964,2479.6676248372937,8751.669442973653,26927.34108500264,18548.654169786583,1,4,2,10,1,5,1
L03655,67987.26964542377,2424.16137694886,26729.53564713271,31072.465013872312,20271.549092224977,3,9,18,11,2,2,1
L01665,90939.89093122218,1224.0083734224486,23014.229642396578,41598.17014651561,4926.864185181381,0,9,1,10,0,2,0
L01160,58503.37232982755,548.3022981313566,40056.68878116265,29709.077101844818,17929.760393139688,0,10,19,20,1,1,0
L00253,107443.12394025267,1426.5929504388475,27280.360045479643,47217.188361477805,20042.105208757857,0,10,8,19,0,2,0
L03415,53997.69434126922,1337.4303214241968,20728.439705432695,33789.92147292393,20334.54120201485,0,10,14,10,0,3,0
L00790,31780.78132968017,1875.6968357354865,17447.794191172947,22701.09740987112,17802.56251978186,2,2,3,20,0,0,0
L01225,61294.246822445835,2216.604896286969,30603.325594167203,50023.72185912029,10669.720291587355,2,4,13,10,1,3,1
L00262,63809.492878763995,1176.7844627840116,30949.300615655608,55678.11373048376,34010.69355627171,2,4,19,20,1,5,1
L03456,106059.44049003326,2385.7209808437883,23512.16221337547,47528.41584790933,20856.68338354177,2,9,9,21,0,3,0
L02419,72813.91841856288,1784.065282960215,34840.80276542287,11483.883567730216,11483.883567730216,3,3,16,24,1,5,1
L01564,82680.907927221,2977.2680660559154,38049.34501753902,30851.459395761965,16485.1636383883,0,9,7,19,1,4,0
L03860,61092.19297645952,348.0929364148751,22466.81734161961,35221.499979087515,20579.8294658885,3,2,11,10,1,1,1
L01997,64469.5748150188,2415.2253243538203,21271.775674096578,55799.654194628056,1765.072649504138,0,9,3,5,0,4,0
L01125,97668.63064602192,3024.267651483529,32608.000718059477,52353.1917976296,29846.76694824546,0,5,2,11,0,1,0
L00142,91142.85508564857,2229.1311199130746,29528.910814937848,24872.778590705253,17716.81573974831,0,11,3,6,1,3,0
L02907,56676.11190229492,1868.4757631556204,21356.89549880754,47373.7976138571,41110.57978634891,0,7,18,12,0,0,0
L03044,69484.32808581585,2556.7436682163025,12249.0114421306,59386.133957030936,9634.873692414101,3,5,5,8,0,1,0
L01710,45509.41390658717,1567.6368670177687,21013.916009953227,53070.30513596526,13037.7161962782,1,6,2,22,2,0,0
L00984,64045.7728771604,2114.330808438573,27371.79814541736,34651.86357035821,11715.918927612318,0,6,19,14,0,0,0
L04353,60018.56310693918,994.2440099784174,27567.17976633419,21990.34401518357,5414.235921540176,1,11,19,3,1,2,0
L04293,35318.866701513296,546.4325030661178,13499.917452396141,38367.191789009485,25548.187148389203,1,3,14,16,1,0,0
L02783,40935.982892217115,1886.387136580183,25997.79917616851,19183.703784978446,19183.703784978446,1,4,4,19,0,1,0
L04406,81937.64207769828,3244.3334771358245,29074.87207205362,11057.766060608767,11057.766060608767,4,4,17,20,1,1,1
L02491,64723.24507811526,1588.5153334372264,29005.953972771273,12661.984844700975,12661.984844700975,0,2,2,7,1,2,0
L00164,48586.353632965795,1812.8202258361284,20979.43609371152,71381.47857426864,22653.280549998995,3,6,11,23,2,4,1
L04647,37145.29055666007,2201.5201869605376,32286.987158898995,29194.46717655019,11838.635099489095,5,7,16,10,0,2,1
L00144,68692.67717064609,1474.0319141667187,13748.341002544621,44668.925495012576,14198.723573010604,0,7,7,8,1,3,0
L01504,64932.51085178096,703.9786981084567,34592.83711436168,25885.960710356718,11930.779141902174,2,3,12,2,1,2,1
L00366,56975.59056228327,602.0426651154012,28457.976416037112,31868.746674281818,18415.633558727666,1,2,11,10,1,2,0
L01366,61829.4085394606,3229.8771315438603,28491.477210704204,54020.76618742738,18034.309657833073,3,6,19,8,3,5,1
L00547,76541.4425436108,3428.698828145434,25543.093815188608,37994.86128017782,22248.9579488632,1,10,18,15,1,1,0
L02291,99777.99327595158,200.0,17382.549586538727,65834.01086480539,23132.512598017034,3,8,3,13,1,2,1
L00458,44295.153551612515,1577.9891049118132,48323.862046774986,37516.31541148608,9792.597897917014,0,6,18,17,2,0,0
L04390,76705.98873032676,2446.687639732567,15734.997839566733,53203.21209436265,21760.954882308495,0,10,4,11,0,2,0
L04772,45503.86848154316,2027.030422270464,30583.512330053898,31286.242342088226,20519.717267155007,1,11,3,21,0,5,0
L03748,68569.5332777078,1582.0584792553027,29002.21911282289,46398.518676755164,34840.60553220697,1,6,12,10,0,5,1
L04854,67977.53607835382,1286.5428768445267,16298.064023018467,30304.63694275955,28070.60562208519,2,10,9,19,1,0,0
L03562,49864.72045968147,2367.6795835068533,23704.009940620108,22823.9812527619,3818.881821895011,1,6,3,15,0,1,0
L04875,,2055.0466717026047,28141.058052896842,39773.29614871078,15586.263863030703,2,10,16,11,3,2,1
L04444,78604.60416835258,1863.6636372452485,34129.839285493705,52839.95935459819,16080.520928057329,1,5,14,2,1,4,0
L01218,70579.88324447603,842.6675261724833,20728.41403125116,24292.234671276576,22886.096512984932,1,2,1,14,1,5,1
L04818,47511.28703320163,1801.4428050851313,14352.317101474666,48070.522587316926,7220.868934435297,1,8,11,21,1,0,0
L02036,120193.20077822155,,14866.890997197885,40953.069327352256,21474.224414226122,0,4,12,21,0,0,0
L04155,84803.32477918579,1563.9550481554863,27769.204106842928,38122.37619557706,17038.6042016629,2,10,1,13,1,5,1
L02998,40164.788490367515,1131.9003968222119,16726.366622798916,51778.83039357321,28306.55691295408,0,5,13,3,1,0,0
L00678,100045.40886847246,2876.1180963619317,23778.297997054342,25616.28864991018,17130.824240623246,1,2,19,24,0,0,0
L01866,31750.160239286517,,10709.355781676983,48927.359858270924,43444.19387763796,1,6,9,24,1,5,1
L02302,45038.787453711746,1388.0490348533822,21227.78288401574,24872.037876210306,24872.037876210306,0,2,15,21,1,5,1
L02010,83751.40275253117,2954.9362553329906,17924.106553403042,55390.21188560947,8144.039922255408,2,7,8,15,0,5,0
L00418,67313.49268585717,219.22936008670422,24174.058527270034,35125.30833608011,26031.96073058685,2,8,15,16,2,0,1
L00190,34703.055506282704,3184.93570541384,43168.03054963853,39955.81883001107,9030.48202845369,0,3,14,17,0,0,0
L02179,,1468.2955929487755,6792.784703658801,58150.988997633896,19454.067338872865,0,8,2,23,2,2,0
L01414,,2065.1767170647163,24485.451051189873,13610.69469939134,9586.209114784759,1,9,3,3,1,2,0
L02474,37379.1079369245,2819.5521822791225,23552.460520582794,28870.90819365286,24886.61537260477,3,10,5,24,0,2,1
L04809,,200.0,14704.270667796096,55591.620883458876,33070.35431954877,1,9,15,21,0,2,0
L00664,54131.5045773247,617.1624504009608,4849.066528174611,41748.48485223004,10827.933036649745,2,5,18,14,2,5,1
L02306,,200.0,15190.911708643052,52853.5790575765,23145.527958573843,1,4,18,9,2,5,1
L03632,52314.28304621194,1569.173679454563,4150.614671278956,30336.955025200918,17900.472163588805,1,10,19,7,0,0,0
L02601,27468.945879162522,1696.8980970489972,34521.5903696611,40031.77631526209,23757.821336847737,1,9,7,22,1,3,0
L03388,,2096.2722138630766,38776.84090899809,38052.45511225895,9012.758232185328,0,10,14,13,1,1,0
L01319,52809.75595681433,2565.843858074825,21301.48131816357,25755.99633902494,18991.390769209753,3,3,17,13,0,3,1
L02282,51448.7069532869,2894.4753894519185,17291.50169877716,48378.37229922358,24767.725530026037,0,10,6,14,0,2,0
L01998,47362.50697544565,1378.0887506883041,30380.1405453631,71951.56399481438,7495.714549594059,1,7,19,13,2,2,0
L00740,85287.4013003626,,7451.078347106895,5000.0,5000.0,0,5,2,14,0,1,0
L03174,80520.5582768695,1172.6689133121338,27090.451447971438,60313.16387867625,3157.7520246984386,2,9,12,14,2,4,1
L02358,,1615.1523705272812,22469.362984152278,29037.476504534934,29037.476504534934,0,2,9,18,1,5,1
L04938,89599.80736877366,2486.6163441454974,21978.883200151766,75099.94482898671,16147.105963887894,1,10,18,17,2,4,1
L01708,102997.6386979043,1825.9169709468629,28223.791184731188,27562.616162719,23548.401555702974,0,3,4,16,1,5,1
L02005,27127.70666092429,2365.9661686915047,22159.08658399631,26708.310229785246,26708.310229785246,0,10,17,12,1,5,1
L03680,63325.64080301576,516.2359921617503,22192.188522172703,34916.08552976286,17588.65055612097,2,6,17,9,2,1,1
L00906,65928.73096312297,1489.6280248740381,4947.923922239832,27890.83344984444,13463.09313003743,2,8,19,7,0,0,0
L00347,36038.313170053516,1580.1581561978496,30878.039355788485,36372.7313120653,7653.545825181347,3,11,19,18,1,5,1
L02350,57159.74720161741,2935.5645446382714,8444.581388358736,39033.66700634217,24740.419565616583,4,2,19,15,2,2,1
L03399,110428.99490845592,2341.0856381399267,16149.368286034005,29442.501128958054,29442.501128958054,2,5,9,15,1,0,1
L01019,58593.0538361136,1682.1278187027951,8680.868896089141,50552.40284066758,36716.59436648611,3,10,2,13,1,4,1
L00719,57727.75575572289,2244.753161316674,36941.41897266825,30332.38447186492,25559.97051571444,0,3,9,3,1,2,0
L04518,71881.07843126933,2752.423714974141,17362.15628621892,25683.939241372856,4539.974557803231,2,7,11,9,2,1,0
L00826,94067.68954235403,460.4244316374038,19216.897441234236,16618.566202927872,16618.566202927872,0,4,4,19,1,0,0
L04541,,2062.9152206438466,25263.810078455605,30005.241751830614,29094.59172497563,0,10,15,16,0,2,0
L04856,111873.0810562525,2273.3344397545047,23142.326445023562,46004.59139732229,19334.2655066964,1,6,3,15,1,5,1
L00818,82792.61591246874,1940.9203615101537,24020.74506161313,15098.977758914556,15098.977758914556,0,10,5,2,0,0,0
L00065,81250.51644788396,2394.921420432139,8353.236740994584,43118.94537942512,2697.0452010424815,1,2,19,2,2,5,1
L01033,72984.46245210558,2201.999756903432,5323.347338091382,29916.716911713927,29174.621535937204,1,4,6,23,2,2,1
L03870,84922.36429822259,707.1087352530521,28737.6883433626,31466.42720365863,19722.312696586483,2,4,1,5,1,3,1
L04484,76067.77966148853,2020.0018386334486,25520.386129581202,31217.176571563912,15889.441927215257,1,11,19,14,1,0,0
L03023,,350.40852995035675,20204.701660240797,32359.823555039373,32359.823555039373,2,11,2,13,3,5,1
L04090,57252.76070894377,1337.9725887846298,16383.394430745739,5000.0,5000.0,1,7,2,12,0,5,1
L03182,75442.85091867871,2037.7280190465772,10780.318800505846,58747.31645580519,21215.915395740125,1,2,15,15,1,4,0
L04394,54345.49003566193,1774.9908686766032,23381.927477913203,67061.78637946605,11425.236534570118,1,2,8,10,2,5,1
L03989,103468.91589649906,3019.6137448927225,12629.930187538926,54778.30259213651,27105.140871218617,0,6,2,21,0,3,0
L04454,70931.5387706061,1983.93947633435,30027.275724376977,16651.94598697563,9370.296030218684,0,6,5,5,3,3,1
L03540,61792.798379103384,2316.903740819337,18329.775813683733,15860.69369968849,15860.69369968849,1,9,8,8,1,3,1
L00874,50381.39920116162,1071.483930254008,28097.37723336705,42999.7329979553,22174.206424362957,2,9,18,5,1,4,1
L00696,58809.07121372019,2219.168409661388,11230.454591220536,36898.68394856093,7812.888992306345,1,8,6,17,1,1,0
L00074,96292.87311628013,555.7010129270061,26592.041815995293,64239.725198768945,8226.789587302286,0,4,4,23,0,3,0
L01727,54280.731097719035,1153.9269279213631,27292.999339436694,33749.41774613414,25702.527235436246,0,5,14,3,0,5,0
L03667,79627.60505149985,1014.3844022312762,39563.77987627992,35381.560524423294,23627.295665659698,0,7,3,8,0,4,0
L04957,61086.02937706197,2113.5050097964677,21434.93875340792,22969.13014190153,2710.2439979521223,1,5,4,22,2,5,1
L00751,46535.335077781914,1763.7965584285307,25254.851123246175,56139.01184051199,30604.042110786526,2,8,8,20,0,4,1
L00602,46556.69351644749,1717.1305172753755,15349.540819968879,28379.739135042328,15856.132838909649,0,2,6,11,1,1,0
L01454,117033.6622836079,1304.7016414000548,11674.667237905895,29631.81343313324,20180.734734236637,2,7,16,2,2,1,1
L04859,67613.80048928765,2244.5937424343138,13346.104949547731,8822.203766642157,8822.203766642157,2,4,14,7,0,3,1
L00635,44757.91249479665,1173.9211220651287,25105.39637914204,40257.75775578292,36076.17386824446,0,6,8,21,0,2,0
L04816,60044.95163520581,,31607.40011824035,53571.24704888236,29182.308804777407,0,6,19,8,1,0,0
L01258,73380.3801873209,723.8322633531179,22052.052618949463,5000.0,5000.0,0,8,1,11,1,4,1
L02781,82490.34148265046,1491.1097791310867,33408.95977150274,40124.1174151348,39478.909798017616,0,7,5,16,1,4,1
L02597,52865.994104694066,541.6085943417113,22200.138050016103,30924.04463917044,25892.834329575966,2,2,14,20,2,4,1
L04796,39719.876641052724,2796.0328065786052,23811.1228888943,51341.727642627724,19956.51513372816,2,7,8,16,0,3,0
L01594,83078.6968217239,1302.1838216848032,34959.27861573751,16453.349729216854,16453.349729216854,2,7,3,8,1,4,1
L00327,88162.21747000136,1385.794042222224,23386.35028530451,34108.615713747866,19931.46005098509,1,5,19,18,0,1,0
L03046,24001.17442845044,2431.260161119928,37279.81573639511,12066.800103267287,12066.800103267287,2,5,19,13,0,2,1
L02693,64213.85424744738,2994.402483554563,18468.798199975536,57444.71320587762,26258.386575357097,1,6,2,5,2,3,1
L04858,83976.2619294324,1492.1663811167434,21036.387144117765,40230.81346751903,21424.51759052061,2,7,13,21,0,1,0
L02829,84028.98554116173,1952.8993870691138,26591.613159785582,53314.34445070595,24596.260372158682,2,8,8,14,1,1,0
L04589,55806.864554540065,200.0,12551.855097582798,74177.75973933998,12123.227035757,1,7,8,18,0,3,0
L00667,59900.455651582895,2355.1385865530065,30519.290707908425,50410.489164519095,13854.706608264665,1,5,9,4,1,2,0
L04655,79068.80266277789,2136.214823245249,2000.0,45754.66577454462,6386.421287522962,0,9,15,5,1,4,0
L02648,36888.65961642716,3435.5852457599553,17435.043904959042,40947.9040577534,1000.0,2,7,7,19,1,4,1
L04984,62055.894426288054,1995.1127532963608,50241.67009402729,41141.53624702881,13346.641965665585,5,11,11,17,1,5,1
L04392,81398.50505270468,3011.4245885763867,34014.170317870245,48351.93920241671,20509.677175996814,2,6,14,4,0,5,1
L01982,37407.63670422139,2847.5552811221182,19154.89695660778,43643.53811066877,20291.040671484112,1,10,14,13,0,2,0
L04937,65062.954538126534,2049.649705381391,24061.353796226038,17525.772860130204,17525.772860130204,0,6,13,15,1,5,1
L03334,76481.42441788003,2369.9854115470434,45845.978003314696,25679.35249460616,25273.547467523633,1,3,5,21,1,3,1
L04839,,1000.9433045327604,25147.099423907595,48112.42315576738,12462.225414423883,0,10,7,15,2,3,0
L02726,65073.913436956944,654.9161223564583,31953.02900529223,65476.88053563348,1013.7865431218052,1,2,13,24,1,0,0
L01952,90238.43001427983,2736.9341061649175,2000.0,37766.758059686756,,1,5,13,22,0,1,0
L02651,46844.87639706159,2682.9760109780773,35593.85223230744,31833.98470631631,31833.98470631631,4,3,11,5,1,5,1
L02857,,835.182102873505,29184.116977766298,9670.097158779052,9670.097158779052,1,7,12,16,0,2,0
L01667,45013.95535410178,797.1951901025907,30427.74030099027,39577.496373256705,25887.88877223153,1,10,11,5,3,1,1
L01118,63847.62405932829,1130.4157164483304,21249.72999603199,32259.602024174077,32259.602024174077,1,4,14,24,1,2,1
L03935,66201.71989230327,2301.5016508232175,24078.383833640706,34292.971958239985,15183.425489454257,0,8,10,3,0,2,0
L03135,65826.51264541237,575.7766912561699,20472.70055019844,57251.93017590448,17680.81595140982,1,6,11,23,2,5,1
L01604,49016.15986699493,2137.3735464024776,23016.55761566029,36800.55136551883,15409.767495056847,2,4,17,21,2,5,1
L03107,39137.16912482704,1769.340931442102,3484.1316570941344,28998.068632465533,24106.953137775283,0,6,17,12,1,0,0
L01455,76310.19291263088,594.7797935687076,46412.5584526534,37173.7472963691,,1,11,3,13,1,1,0
L04221,20000.0,2029.1093951643122,29986.482071911436,48123.74397999118,1000.0,2,10,13,2,2,2,1
L03233,43582.951626311224,200.0,25803.366503158828,22581.33321279463,12778.408384783044,0,5,11,20,2,5,1
L04766,69990.96379196153,1558.6135568330915,26394.858279957647,57178.25029857489,12740.48099700752,1,10,12,2,1,2,0
L02260,68978.96293592989,3761.895930294979,29130.25850432949,46943.6916923967,8617.378650419012,1,9,5,11,1,4,0
L01265,68387.21648072156,1319.6914457031153,25162.737802597137,48492.66086155259,,1,3,11,12,2,2,0
L00080,25248.621707982144,2982.4575186851553,11602.067754717653,34890.9388338435,18383.10891974939,0,9,18,19,1,5,0
L02739,96083.20841429548,1968.0066464180713,44740.9356914324,38160.17349538571,20126.128343522425,1,3,8,14,1,4,1
L03809,78099.51168443379,2189.7745557043418,37856.791731007586,43176.88630278676,1000.0,0,3,15,13,1,5,0
L04684,51010.09559664714,1179.5149108499177,34204.76391081075,62540.91521198928,11369.928619970082,2,10,16,22,2,4,1
L03145,73645.2590126831,2667.6004242327404,16003.504885490682,78840.84576083574,24495.250881602115,0,6,11,23,0,4,0
L03878,69860.09444108799,820.4782343621825,22205.90177234679,23004.901513279045,19503.9548884122,1,3,5,19,0,4,0
L04065,45166.06673119379,2165.084778506157,21475.52300350881,55702.0135523702,24927.83973923527,2,2,14,11,2,1,1
L00492,94598.88277780052,2617.298387258431,22849.729626358272,43910.59242956913,27984.38725982553,1,2,16,20,0,1,0
L04716,64242.138365663384,1747.0672523628523,2000.0,38277.74440527361,2341.685038254065,0,9,19,18,1,3,0
L01242,60928.392797952765,1048.6067674543947,33378.57775969372,38427.69451089306,13173.67977987878,1,9,2,7,0,1,0
L03673,42139.613758525426,1746.0427531558544,46719.337724318575,58279.12261501745,24346.107155489233,0,3,11,13,1,1,0
L00363,62824.79703086285,1849.5066823097081,24452.917426369353,31469.414401044196,31469.414401044196,0,5,11,15,1,5,1
L00295,,2858.1955735081083,23031.17582445637,7840.497525670085,7840.497525670085,0,8,14,13,1,0,0
L02253,35976.48619896882,,45683.34542400438,49152.00317631902,1000.0,1,3,11,24,1,0,0
L01515,63346.386283146014,1916.3417739246074,21599.62792478901,40169.985675516014,9255.01610341192,1,7,7,7,1,0,0
L00283,96720.33632290704,2621.5156946063316,32421.905769830173,50112.16007679984,22584.60174319069,1,9,7,15,0,5,0
L00878,69475.75903277798,2104.6224570920413,31837.360439035638,38221.98648956704,16001.826689253998,0,7,10,22,0,4,0
L00360,48455.38112895354,1580.1237594641661,23224.909253744547,25989.917469059284,12123.384081895929,1,6,12,13,3,3,1
L02510,38550.8408651286,1400.8101952167106,27521.24584729843,56684.902365853945,30561.64043810036,2,2,6,10,1,4,1
L03701,86303.43931428774,3073.619918860867,15144.45428516495,16077.612176487688,16077.612176487688,1,8,16,16,2,5,1
L00215,58694.61510719309,2088.314716014464,2866.596652771972,45466.391157030215,40117.21575442747,2,11,10,20,0,5,1
L04150,69870.6040837269,2133.4984500720325,23886.123419750118,42355.58755295152,14258.14931983625,1,4,1,14,1,1,0
L01138,40447.84369726015,1343.0528207326508,10180.044781021754,37297.96593385223,7027.884608337266,2,10,17,20,1,0,0
L03072,99050.2931625921,,26564.98035250646,34394.18694264349,21008.08854259373,2,10,8,9,0,4,1
L04721,85143.14401193339,1540.304260481647,30762.125793216634,48246.268324676275,,2,9,6,15,0,0,0
L02440,32868.457985226414,2304.7004828769245,28729.702060319174,18809.63271261053,18809.63271261053,1,3,6,5,1,0,0
L01516,62565.04983233433,1237.0316805348534,37330.12542249183,50141.5242047487,30203.818741776795,1,10,14,15,1,5,1
L02484,,1550.3424543578137,32570.59011356577,32168.921432524603,26611.380133380368,2,9,18,19,1,5,1
L00337,48490.05606414977,1389.97271148276,13783.191736949777,16893.509243135555,16893.509243135555,3,8,19,3,1,0,1
L02324,98489.84866695074,1995.9656745376033,17865.611976234897,63191.62840647115,35548.40240426257,0,4,12,2,0,4,0
L00727,65368.678661307866,200.0,17649.473997641402,60564.441401939395,31619.011299565056,2,11,9,22,2,3,1
L03996,65569.15162366317,1881.3040428267398,28182.89303310708,39286.041323222395,31647.33042113315,2,6,3,8,2,0,1
L03804,68189.25013608258,2308.08000927834,17318.754662038096,56239.373815033156,17495.727825632388,1,8,7,20,0,1,0
L04919,92022.28179973431,1650.3539868210698,21397.192509720186,40918.79065510581,15495.811134323452,1,10,3,3,0,2,0
L00858,,1385.5447844199546,8845.61734112738,71088.97811143778,9264.565564761107,2,11,5,2,1,0,0
L03722,99063.45219836076,1953.6033895749415,15337.366136392087,32939.902825267294,21586.474512122786,0,7,12,14,0,5,0
L00913,69987.67367421511,2806.0952450874884,7636.475429608394,25479.253066754558,16435.83465977257,1,7,6,18,3,4,1
L00268,36397.17244078735,,20752.818417635142,61322.5492784964,11024.10995243138,1,8,17,13,2,5,1
L00701,54545.539589619206,1779.6046971318403,16417.69737602216,44772.389911148275,32651.98887952949,0,2,11,3,1,0,0
L00911,58844.435300939986,2204.588345978239,21254.073229919235,25485.15357567218,20436.52734302961,1,7,19,7,4,5,1
L02464,40246.75155345404,878.6551127725252,20381.352346422693,26996.121409833482,5942.537241096119,0,9,11,11,2,1,0
L02792,53851.538937833575,1165.2322160932229,39481.35572524284,45935.6729862543,16157.799546540287,2,2,5,8,1,1,0
L01080,82004.43484226985,2869.325886207186,37623.5450937323,32328.437068261905,10538.464188703196,0,6,1,24,1,0,0
L03825,51597.695990915345,2506.8854287953354,42515.09464085581,51194.17584903091,28468.69734684252,2,2,15,10,2,0,1
L01087,85605.66908063684,1551.6872068979476,24208.417702903524,41702.82244716913,14681.563771887726,3,7,2,6,1,0,0
L03067,100098.66143294482,2731.5293924282164,45984.49285588069,51894.424081682126,22123.620538080773,2,4,18,23,0,2,0
L03793,70143.97940711855,1850.5857172104809,31063.43235397152,62992.196984851296,,1,7,4,16,0,4,0
L03509,75004.8093887314,1319.7290727948102,10770.988439231673,35890.11290255435,17310.923237849907,0,5,5,24,3,4,1
L00773,77648.15478111042,2358.0695762713594,30786.54850180379,27942.952298543714,,2,4,19,16,1,0,1
L02832,46510.68023740892,2395.669118778504,15287.889248661111,36881.315349008284,14655.303241582791,1,5,7,15,1,2,0
L04265,63803.47712940192,1053.5047290510865,25339.45047999039,31917.84461654324,25397.907333711,3,10,3,6,0,2,1
L01410,59983.339670899055,1945.591906098238,37301.85623796561,50635.44662977456,15543.232600985906,2,5,13,8,3,1,1
L01759,97245.5651597729,3451.376107881929,26137.542029473876,47765.81146040608,37244.18360609906,3,6,2,20,1,5,1
L04398,45715.99857153511,1419.8997772443174,10828.582387953871,36285.82695337824,25321.285715752347,0,10,17,6,1,2,0
L03276,92108.85602210992,2102.4370083423064,7527.822207420417,37037.05993796248,20605.478203642102,1,9,7,17,0,3,0
L00057,48215.64953554723,2367.4820115642538,19774.25072775147,33701.887565734636,27888.642158521252,2,10,4,11,1,5,1
L03034,45354.119314906406,2428.2764824082265,34362.04978259596,18944.524228821363,18944.524228821363,0,10,18,12,1,2,0
L04105,,1007.5014212981939,14627.38323608039,30232.355591623367,21941.8090559442,2,10,1,22,2,1,1
L02806,29475.073330670966,1355.771117919171,4448.979687288385,24737.634056678824,22383.774048411644,2,5,10,15,1,1,1
L01661,91342.3013467973,2466.5262133035476,13181.815010145805,17931.823835812706,10130.87372996684,1,6,8,8,1,5,1
L04972,63379.080705565124,2361.1119150475997,19371.831767029405,34231.26334419681,11993.222571208122,0,9,2,21,1,5,0
L03447,62769.82345714112,2332.2676276071,29011.31200712918,53699.20927060426,13594.857756440197,0,10,11,3,0,2,0
L02953,74333.41963932163,1583.702880691367,43177.30003008565,35207.31325121447,27397.224864874275,0,3,4,12,0,0,0
L03750,35517.35735915789,1551.6825569952248,28062.37193496289,56909.21685148104,30939.069516324653,1,10,14,5,1,1,0
L03533,62931.37551419432,2184.050894323283,39097.08028675518,59282.304245634776,23666.12244294021,0,4,13,7,0,2,0
L04740,79029.89563849429,2124.8752150789337,13658.409532834192,36637.50505763606,30110.50015652833,1,7,16,7,0,2,0
L00075,20000.0,1960.6760744925677,31177.681977951375,44577.58951870762,15747.516542704932,2,11,1,19,1,3,1
L00168,102935.85965307895,1679.5087882960536,23166.617511695033,32565.268706809893,11830.987481724307,0,7,4,23,1,1,0
L01551,62996.918470400946,1787.021505923247,34530.58210243914,59110.89464900194,17148.414698447217,1,9,5,24,1,2,0
L01297,83381.52965975537,1056.6909275921935,13962.763391053148,37419.52956826496,14273.038489416871,0,9,16,20,0,5,0
L04419,57983.01139847051,1886.2080443620343,31706.33672611443,46080.31253993703,14313.576890598735,2,9,2,12,0,1,0
L02940,57150.57787878254,1572.299596597057,35226.178412607725,45477.40948712754,1000.0,2,10,11,11,0,3,0
L00847,70783.37287815637,,34700.880252548974,30652.295270379043,30652.295270379043,2,2,6,8,1,4,1
L03549,42768.39500972898,1451.9382067389472,43058.56344363327,28715.667673577977,23770.947274423444,2,9,10,19,3,3,1
L03151,81839.67390904254,2173.801772146232,29921.373991454693,37882.89520834247,4873.712258724743,3,4,11,23,0,3,0
L04728,55230.4783977928,699.9318134663322,25678.19568443865,47450.52418363588,17323.442299944465,1,10,9,11,2,1,0
L00720,63861.08752557865,276.04443679148903,24013.94558715281,51374.23579176882,16911.353694268448,0,3,14,9,1,0,0
L04953,80798.39444361704,1088.1241832470866,29004.970631581633,34387.39622794844,30562.58453447951,2,3,15,4,1,1,1
L03730,20000.0,1613.4332014348847,25763.885618891993,15306.379763406232,15306.379763406232,1,5,18,15,3,2,1
L04878,73644.33381518508,711.3320173591367,22914.800059775684,52214.84277111666,4923.191618437997,1,4,15,8,2,5,1
L00659,68961.6952153571,2902.7738843630464,28727.56787199422,40757.06580525192,12502.241249681892,0,4,1,20,0,5,0
L03912,69370.68084821891,1143.7372310940261,36168.34082138803,5000.0,1000.0,2,2,19,9,0,5,1
L04385,52850.55424759386,1221.4652489364858,36513.75461070382,54982.93240492322,27646.79175435235,0,2,1,20,0,5,0
L02087,54837.19604705378,1910.4627267340375,29903.910765354696,39123.66534220208,12219.910876334467,1,4,10,5,1,3,0
L03560,39015.67273108351,2730.400775764243,27053.933762204633,42023.60674507192,16081.234728874406,1,9,7,9,1,2,0
L04812,26718.798588250655,1238.4341613639026,28836.183119363326,75884.47575504637,20722.67909768898,4,3,18,10,0,2,1
L02201,101086.96219573487,1911.7213393727172,25308.63531066912,44046.75894099904,17491.158204176307,1,11,18,17,2,4,1
L03574,68881.03887211748,2771.7334241063218,12488.919532575354,44252.14906028473,12594.18459795097,1,5,6,4,3,0,0
L04752,59874.38351496855,1914.7341045451808,20528.446947831395,36721.62492492375,10988.626092683837,1,7,1,22,0,3,0
L02083,36122.90367732916,,13927.843225155602,32297.674543389196,29182.428214350017,0,7,7,17,1,3,0
L00354,61801.229400731456,2729.8076780045335,13395.61531933167,36707.101263292905,35861.9726507913,0,7,2,12,2,4,1
L01458,72623.16769765556,2596.7789430771563,30290.984400183355,17994.49072841922,17994.49072841922,1,9,16,23,1,2,1
L00153,51399.505568430184,2214.481361623981,17430.081661747685,20659.268663449107,20659.268663449107,1,5,1,2,3,1,1
L03355,53123.77183862589,3554.7596402307086,29569.5273612782,22776.89062042435,22776.89062042435,2,4,16,16,0,4,1
L01364,45538.621182368894,2346.569923200855,22974.889390236967,5000.0,5000.0,0,5,17,19,1,2,0
L02654,85611.61171248114,2186.2320992482546,25821.17170592518,19925.040597693045,15350.869244439771,1,6,17,20,0,2,0
L02344,54479.303146648395,1072.2556485500195,29681.94128105848,46616.239927906056,18566.297350280318,1,3,8,9,2,3,1
L04705,76547.27050213324,2233.9391756256814,6815.780139907109,41770.415709157285,24683.579229637297,1,2,6,6,2,3,1
L03758,105841.52080287487,2035.2656310345712,7128.457642902291,22912.268136043756,22912.268136043756,1,10,2,19,1,3,1
L01036,96479.73526580066,1855.4697293722784,12150.538748829676,56832.12600879287,29910.594242225638,2,8,4,15,2,1,1
L03036,73937.45001605396,3388.304316208235,30543.693203494215,34692.73710681728,34692.73710681728,0,9,6,7,1,3,0
L00491,64840.547173667655,1471.1800507974617,11918.93493239572,23531.104553994304,23531.104553994304,2,7,19,10,0,3,1
L03339,75055.68853790389,1919.0245078458443,14191.950484210065,72579.89814241437,9331.40158337695,1,5,8,4,1,2,0
L00872,49034.055109230925,1966.6580069004738,24819.1802075105,46170.404163545616,27443.146423626895,1,6,7,21,2,0,0
L03255,72352.39680419421,1891.9534174073053,19820.490937564613,34438.0534930071,25036.707734621727,4,7,4,7,1,0,1
L00896,77974.19775179285,2605.384056981652,24688.049344392308,30929.872275521215,1000.0,1,3,2,9,1,4,0
L02736,54380.58204376071,462.5909813374665,20151.248228054086,49353.9929057802,17298.39893387826,0,10,5,9,1,2,0
L04613,93838.9001160378,1400.601908404276,31980.841726036553,41245.57299719955,27693.867580375736,1,9,3,10,1,3,0
L00111,26624.57569401917,1415.4816468094068,15035.389102133115,67274.18055614232,3882.149365127985,1,6,16,18,2,2,0
L02373,68200.36451705576,1485.2496829803597,27379.75969826489,43833.39548480205,,2,2,3,11,0,2,0
L02750,60910.57558027757,2913.536710143935,17718.546690071955,47303.42216742947,15359.37469871344,2,3,16,2,0,5,1
L03688,70295.5062195596,2904.111151094812,32902.44283658065,38816.09986338166,27309.35434101578,2,8,2,2,1,1,1
L02512,75945.29594755934,3723.8700338031786,23175.176191580966,67335.89248827097,49336.05706171272,0,5,4,23,2,0,0
L03875,50212.57185081927,2170.6412081873846,23294.466425474442,52349.42491532996,3871.490652358314,0,11,14,24,1,0,0
L03699,83662.56144682139,1716.9500124776264,12382.375792267982,31134.314189097375,19147.570708605406,1,3,1,11,0,4,0
L03304,44484.946327194455,1911.084825944704,30258.526698277095,37642.32250104748,16916.85630790153,1,5,4,12,0,1,0
L03104,86412.21119958372,300.08634876197357,7735.360885762548,30799.3655729022,30799.3655729022,2,7,7,15,1,5,1
L04789,23193.94202293687,548.0208852465764,18503.012546412494,5000.0,5000.0,1,11,18,16,2,3,1
L02351,86198.72768093244,1067.618376727766,15523.472436219545,19600.47679491589,5711.433861065649,1,9,19,9,0,1,0
L00233,,955.1753600266659,13061.835694183874,36953.01930514858,12765.627768369122,1,3,2,7,0,0,0
L03126,79793.06303449343,,2000.0,51628.460932566304,1000.0,2,2,1,17,0,0,0
L03909,76718.08402329298,2251.8210114513204,15240.623351961729,44457.507208373616,32182.579226197264,3,3,11,12,0,0,0
L04153,66722.21736517956,2596.3321523595796,33671.95983359095,31922.10319647282,31922.10319647282,3,3,4,18,0,5,1
L00689,79219.19936406983,785.49055601975,34114.2750363243,44898.939398745344,25680.874206116736,0,3,16,21,0,1,0
L03985,69857.6402630055,1619.7188119646403,26269.836838621,44341.76609275988,6373.99720250537,1,7,10,13,2,2,0
L00040,68937.22471738247,2106.5345518071204,41856.7641101484,40236.77160040975,4777.946950741458,1,6,5,5,0,0,0
L02147,32981.92043046969,2271.71138508592,32733.401768635453,50987.14793857149,34556.74857458357,0,5,13,4,1,2,0
L03573,71415.71451865368,2128.3066214295136,22792.029286896435,27443.405098796327,12762.112108861194,1,2,12,7,2,2,1
L04827,66690.10291385725,449.5725398418574,26485.808792518474,21981.807716601055,9832.990472480484,0,5,19,10,1,0,0
L01291,72771.57209061929,1606.8555482200054,29356.551436413687,29696.796478178083,8919.83606019233,2,10,19,10,0,4,0
L03506,37550.68904231799,1555.4940460745636,35509.93905727516,19112.311492922825,19112.311492922825,1,3,3,5,1,2,1
L00469,54389.97704778945,1538.6614019927647,34237.93622513165,31162.314254535297,25196.374682685906,4,6,14,12,0,0,1
L00668,95079.85977165378,2373.2714718077214,31148.677980978497,8409.906979252995,,2,11,2,20,2,3,1
L02152,98229.40331456036,2392.859024545829,19371.595005376068,65040.75189321471,6355.594411487393,1,2,9,14,1,2,0
L04423,90108.07218919793,2033.735062565861,19384.32776773465,39596.50221265923,26325.069760618055,1,5,10,20,2,0,0
L03354,66543.12992435433,2416.3708765497813,31385.710670599394,55628.689062662175,27377.86756289917,3,5,3,23,3,1,1
L00684,74787.49122455835,1838.2602558277463,29791.306255883523,75705.81619246735,32867.69756375253,2,2,9,21,0,5,1
L00524,76411.97337186319,1308.368973047124,21378.639335306914,23322.23940003957,8791.507321883782,1,8,3,4,2,2,0
L01972,20000.0,1758.7662331138788,7499.836438324672,37157.506354118064,10403.926877881595,1,10,7,7,0,0,0
L00500,37344.00538071328,3079.5767520910313,23354.913723167618,37663.67037125185,8631.093076008508,4,11,11,8,2,4,1
L00466,60580.60800933554,1783.0041765790063,14912.217972785018,62994.673712966265,,0,9,11,4,0,1,0
L02625,73195.25591918995,3977.529718325194,2000.0,10748.831102134292,9700.679196882074,2,8,2,21,0,3,1
L02961,48509.71676944653,1295.633236651618,32904.72169056994,58424.91565816692,27154.784317830334,1,4,18,19,0,4,0
L03752,71582.13557420259,2232.4716334497925,21452.536043237844,38287.44598359279,7908.770286038609,1,2,6,7,2,3,1
L03251,77064.95001142788,1472.5275398251006,16699.1041399513,59674.03044585883,11162.767018131584,0,6,8,10,1,2,0
L02246,67087.11875046426,1296.7697110371114,51452.462899351,33872.507227656904,5868.22158134199,0,6,5,9,1,5,0
L03075,50339.340089520214,200.0,22069.849162559385,30110.514447243244,1000.0,0,3,14,5,1,2,0
L02714,37013.87650396117,2066.5844279920175,30671.568891001865,24520.031629521414,24520.031629521414,2,5,1,11,0,5,1
L01243,53366.38172102712,2866.0411741321022,18463.474451184487,37921.48564903884,23070.27517929363,0,4,1,12,3,4,1
L04845,88327.41091338504,1455.2030398241495,24008.242896744738,30055.150580934285,1000.0,2,2,10,6,1,0,0
L03180,75312.56176887912,1597.9001049578906,24342.2041359956,60323.39397282758,24590.33904906704,0,6,12,20,0,4,0
L00463,51005.489840148286,2672.1467768163575,15133.954681517993,48817.52682798685,24391.704244323257,2,5,19,13,0,2,0
L02018,24922.75271186493,1116.8536732319553,14725.460752768817,47327.80207711013,,0,8,12,24,0,0,0
L02652,95385.67847283537,1492.4087031667857,8337.88409097774,55717.735853346254,12814.015976524679,1,6,19,14,0,3,0
L02120,61179.44474799662,2349.7907603162307,13787.136159271407,48270.97514167363,10665.787332897331,0,8,18,3,0,4,0
L01615,61390.401728187484,2413.9834756433047,18328.85829927689,65951.7515381326,16743.40319406399,2,4,16,3,1,2,0
L00597,59602.50129413258,2127.5508245138017,26995.589082492028,46066.12231107126,31482.0478465649,0,3,16,8,0,4,0
L04380,49470.017190139995,1925.7166269620277,30531.102644497398,81748.52713370993,35400.22185924358,2,5,16,19,1,4,1
L02311,58586.647488856164,1439.797289777383,38350.07165731419,33239.97733647989,29207.504681638697,0,8,18,2,0,2,0
L00978,20000.0,2298.4698783112763,16118.914010756904,40616.21296142131,22600.5451546078,1,8,1,14,2,2,1
L00697,71522.66044484236,1480.0800079125468,35779.74333925414,37933.212082115795,1000.0,1,9,16,21,0,4,0
L04207,74881.27837951039,2642.037848587799,10285.168700290138,40944.1764481299,25935.389863983153,2,4,7,8,1,5,1
L04599,73435.60148501743,2255.8071357633435,5823.785413738498,52481.65325831691,26783.77199644627,1,2,15,24,0,4,0
L04261,84952.64153840489,259.54611173369835,15015.262417868538,22914.150007904344,10813.056390799391,1,5,9,19,1,1,0
L02462,79853.64836719444,1774.3661034556105,43842.30601754902,31320.23418819317,13477.368162562452,1,9,12,2,0,5,0
L04785,120104.35487439804,561.9441646909511,27452.584830261196,33505.35602136676,21299.11672672048,1,6,3,13,0,4,0
L02744,76162.79029037012,,19187.875377117114,22432.48498298145,13953.802794827927,0,10,8,14,0,0,0
L01315,65207.05239686761,2681.0641319116403,20464.993044302162,42615.51381652455,40061.05097417404,1,3,6,4,0,4,1
L01111,61186.35198473307,2632.7633390382316,13483.827598132919,37349.87360937636,22707.565235498434,1,5,17,20,0,2,0
L03920,63811.69637455012,2460.7388664245227,42191.99252711264,25493.71190800689,13582.989695774828,0,3,14,19,1,0,0
L01278,72866.35678788743,1653.1774622742776,22113.69908798494,34604.61001448765,24233.233815151238,0,5,4,7,1,3,0
L01330,76998.57459992409,1888.9035002372098,17416.016367872064,62484.376940012975,10609.367500603008,4,5,6,7,1,1,1
L01816,47176.155491694255,1942.8233357763822,29039.646767942337,33220.95792991014,,1,3,1,21,1,1,0
L03403,68909.63463106581,2300.2546672172025,21484.18742784422,20861.93500147114,20861.93500147114,0,7,11,21,2,0,0
L02363,34552.81627564218,2647.652458098718,27207.94305692753,46938.21884196624,9928.252642923499,0,9,16,18,0,3,0
L01402,75733.05505054572,1148.7914645667554,14836.057062992539,48955.84149607811,23636.72647838982,1,9,8,3,1,1,0
L04026,58635.249445147594,2355.7352992948677,38173.58697445055,41351.252163101606,36980.09684886254,2,10,16,5,0,2,0
L00152,71928.96418993952,,13453.753582449343,38466.004746736115,2639.579404486067,1,9,17,23,1,4,0
L02722,54885.06591476127,2950.5353609165613,19871.401172436326,64111.06824735143,26739.4439035031,2,3,17,9,1,4,1
L00959,76395.34560464408,1443.4797575760044,25496.15331028385,53677.203903562026,13005.104949493005,0,4,15,8,0,2,0
L04327,53089.30129632282,1162.0495063439207,23349.3953016325,47762.273543206626,1000.0,3,2,5,11,0,4,1
L00774,84451.0889925346,1131.1266638242987,35486.93198645512,48789.87653468172,6767.426432314525,0,8,11,13,3,3,0
L01311,64499.46082509712,1651.921880463025,20741.80648451667,42721.885104138084,5516.440820416961,0,5,19,4,1,0,0
L04790,61594.83506408189,1319.29025931695,22256.72315207612,41142.88632173083,20972.887285392917,1,2,14,24,0,1,0
L03543,82588.34082274805,1252.920879600339,15561.279888916473,31149.149897079136,13588.875724555477,1,2,6,20,2,0,0
L03537,78578.93975524466,,13140.650745348894,22442.276048066367,2201.7682467656596,1,3,5,22,0,1,0
L00632,95591.00638921227,2491.859550792809,23057.70383524123,32086.03986131424,15461.164011509278,1,4,4,5,0,4,0
L02285,55711.91475381225,2799.7683361474546,20604.04872884248,52361.29870816396,,3,10,16,3,1,1,1
L04124,69152.06702801252,1811.2866850024998,15882.321378072807,37728.7589802036,18158.37460457804,1,3,4,15,0,2,0
L02823,64022.05633051789,1404.6479815464697,23936.700183481687,19953.96364962605,19953.96364962605,1,4,13,10,0,0,0
L03442,52717.54869983368,2919.5343413231067,21369.024470456534,47376.698344010365,16696.365375063688,0,5,4,14,0,3,0
L00713,54101.618263821,2485.389937176367,7688.11666764248,42104.40138550816,12957.054305157955,1,7,7,20,2,3,1
L04894,62519.57225220006,1626.865030689303,5785.473754477785,29117.22543337127,23935.80650335716,1,8,19,16,1,0,0
L03990,49507.70059962836,1444.0428872837977,8705.948966749182,19024.64388309666,19024.64388309666,0,7,13,3,0,5,0
L02371,61882.03644126665,1967.0828340274654,24948.306892096945,33500.73739558218,25558.564515518563,1,4,9,21,0,1,0
L03422,63455.57909553909,2554.9724046048354,24594.199912631593,37857.60042107274,35097.01819187646,0,5,16,3,2,1,0
L00334,51456.76576975777,2754.6488047417006,20496.7162623629,18602.752650682523,18602.752650682523,0,10,17,8,2,0,0
L02950,32390.5351256972,1807.0861629351164,24315.284802175192,44272.59543033175,32395.377452342414,2,9,13,4,0,1,0
L03785,74287.39727093148,836.8690808268958,15126.455656417063,35856.844281995116,11813.149567888016,2,6,5,10,1,2,0
L00734,30948.327915243193,1647.6430512566267,16617.62869925211,40454.254548294455,40290.898599490654,1,10,8,9,1,3,1
L00424,84431.4190190871,1727.1393117175783,21867.169110409806,27722.873708047475,8278.269529735619,1,8,17,13,1,3,0
L01293,64878.58176920213,2204.446282572006,33772.08787416915,38371.20284758085,22461.177294504043,1,8,4,17,1,3,0
L03257,47378.63326677415,2697.351313910335,40551.18573035346,37562.080529856146,28305.051886334913,2,7,19,3,0,2,0
L03069,69505.28234495099,1827.4667108550684,12073.409845484188,41972.84095117235,,1,4,2,5,1,4,1
L03492,60730.864412991235,1023.1503767138136,29594.42173822583,39916.192990477255,1000.0,1,4,2,24,0,3,0
L04774,65387.6247539605,1630.0386378295552,13339.932910173738,36774.069459087055,11972.223251314042,1,2,11,14,0,2,0
L04570,65282.985299315165,1495.444300963926,2883.577890809571,43663.61579290858,20723.995994244553,2,11,9,5,2,2,1
L04023,27963.145368506826,971.5167551636846,13120.370633983785,37153.32550648029,33326.45518695934,3,6,2,7,1,4,1
L02699,77441.39980612097,2155.9167160079073,8135.105793087567,30025.50233020005,29673.343646781672,1,7,17,13,0,0,0
L00121,80820.63894086094,695.521035280279,47031.71790905711,24548.573852657653,11722.68610303417,1,8,3,8,2,2,1
L00952,72041.10793028594,1820.3082223778174,32260.87440960004,40281.94287978238,20093.4717636573,2,4,14,6,0,2,0
L03806,75272.28928462192,200.0,21646.83140405104,20734.458875362387,20734.458875362387,0,7,1,17,1,4,1
L03078,76060.80171704717,2708.9530997140337,40549.87357480657,51967.77738217451,19039.449138299242,2,3,17,16,0,0,0
L00082,72142.25143023493,1908.7396537746783,8923.574189065595,38958.17293223471,14189.326999399762,3,3,16,3,0,0,0
L01333,60731.14258139584,1445.3892281456776,27076.118229432475,15561.864413799198,15561.864413799198,2,6,1,4,3,1,1
L01124,42139.90174539033,1968.2936908327094,25142.674218011834,23783.359782638305,11398.41220738598,0,8,13,23,2,0,0
L02855,89359.18304611117,999.4965020134075,10310.190897875003,64016.78028458903,27944.266892508484,2,9,19,22,0,4,0
L00908,79925.07132054442,200.0,25366.01427562167,36950.52633134792,20689.310523084725,1,9,9,3,0,1,0
L04013,45300.137483659695,200.0,9566.377393201095,34974.431619724724,,0,6,2,9,2,1,0
L00487,52068.54231514947,1907.3331327966748,19576.245418948885,16830.682470888794,16830.682470888794,1,3,7,20,1,4,1
L02786,57961.57364366982,1847.753504463789,31459.40960639438,42505.646562537164,12741.163382791963,1,2,18,8,0,3,0
L01954,51924.6732270236,1265.236071317458,2000.0,66664.67228229145,20291.83758055413,1,2,19,17,0,1,0
L03149,62786.69262885341,2011.0044678580607,16208.71162993124,59164.50024711714,7859.56127426606,1,9,14,10,1,4,0
L04682,53471.608473303124,692.3855844600027,27765.611205089946,32430.931067725385,17991.8276545835,0,10,18,22,2,4,1
L02662,47098.603154467906,1913.635583064436,21448.98550267679,17875.73980434493,1000.0,2,3,11,19,2,3,1
L01991,81008.19050455364,2270.4613401342654,16774.79070590363,61705.069263775906,,3,2,2,9,1,3,1
L03119,,1614.1811977604218,5454.8960508725395,65839.41491056824,10682.332911537635,4,5,6,20,0,5,1
L04994,76335.4345236836,601.0916022806305,24405.80757726592,53537.37483336771,10183.092838429224,0,11,14,16,0,3,0
L01327,46213.29212362491,1386.522493460937,23335.65415535978,52475.99707522266,16647.16525482663,2,3,7,20,0,0,0
L02813,99777.02703706663,1924.124274292285,23704.42998721363,33913.95247551623,12534.792606474988,0,3,6,13,2,1,0
L02618,66639.91112827121,2996.02424778867,27607.612680055732,54085.43736248718,9349.824507853593,1,7,17,14,0,3,0
L01463,60819.534854279496,1665.3596614626858,16226.579842916663,47396.762908240074,10320.816799759496,1,11,13,2,0,1,0
L02203,79395.15884296363,2450.6243248516744,8902.68025632368,24610.849904508577,24610.849904508577,2,5,13,17,0,4,1
L00671,89921.70384995258,3797.9321011358834,29796.961821794943,32768.13573517796,32768.13573517796,0,11,14,23,0,2,0
L03277,88403.97418393208,3767.897588023504,18907.560923672703,31756.831137849327,16132.37211268349,1,7,10,18,0,0,0
L03850,36336.96370950576,2335.268168214019,33370.58860045522,36251.22272740707,35813.75969171434,1,9,14,9,0,0,0
L02843,94538.6885223655,2326.5144288020506,24815.834050858342,31232.511765670744,31232.511765670744,0,6,10,24,1,0,0
L00681,79433.4412808647,1039.0525036896352,13675.233782766112,28446.59525334787,14915.164259814628,2,10,17,14,1,1,0
L00423,60020.71703041853,2540.7800805716934,22134.2048538846,60908.86795811609,24790.770554974522,1,10,14,4,2,2,0
L02504,52755.265309844995,1879.8610520798143,12205.842617848455,53668.934245567354,25747.469291255053,0,7,6,9,0,2,0
L04054,68896.84680540276,,12609.468562980293,47719.60359971739,25096.672754635976,0,6,19,9,0,1,0
L00545,20000.0,1507.8072180081228,19326.82976832191,28242.373913729738,28242.373913729738,2,10,6,14,0,3,1
L02891,67825.14280174926,1933.3103162494708,31820.109861215904,6932.769236795139,6932.769236795139,1,6,1,24,2,2,1
L04747,67772.90367420169,1705.6151243140978,28969.306349627575,26848.716527931523,14147.266101288538,1,6,13,4,0,0,0
L03596,87928.81740801455,1641.5521894248748,17105.330046580093,45728.82505004514,28926.644189355495,0,2,6,9,0,2,0
L01400,51862.114420572085,652.9553408572685,19894.65059647008,50661.61037762791,26176.893882633405,2,5,11,18,0,3,0
L01196,73809.49475920798,1680.435445468009,30496.44782706652,27226.122512475966,5688.132341531129,1,11,1,8,0,3,0
L01247,65681.66936518453,2229.9296022563044,24144.632674675515,63459.42005289556,13163.095148757482,0,8,15,10,1,5,0
L04798,26012.564893551535,2100.2877569155785,22001.60507407085,35699.405172945204,26115.216692398488,2,3,13,21,0,1,0
L04311,65887.17595031214,3338.8107900827636,22271.77167672464,24244.238389752907,18061.44843702716,0,2,18,18,1,1,0
L03347,59312.307007869815,1498.8619563294437,21850.7462755704,20397.679882582772,11879.75125446173,1,6,5,13,1,1,0
L03708,,2127.312738220795,25519.610742080557,14702.04910464495,14702.04910464495,1,2,1,7,2,0,1
L04910,48529.30058748301,2931.22330844959,13747.871244542835,25140.29034861911,1000.0,1,7,12,9,2,2,0
L02721,104083.14867500572,1662.366912587622,8399.764236894054,23111.937592823135,23111.937592823135,0,6,3,9,1,0,0
L04565,80837.18620776135,2176.0109289973293,10514.166847612612,20902.579087601516,20777.084600250062,0,4,4,8,1,0,0
L01314,76156.20612703725,2286.2722709880068,8913.15869010861,41467.397377784015,13083.715745766873,1,9,3,18,0,4,0
L02872,74167.73407102968,3322.046564183648,23137.576834802774,44358.70521811806,25515.735388198253,2,4,17,8,1,4,1
L04980,20591.579821297484,392.03289428059975,27356.40225016609,44919.55585708349,26639.103275668567,0,6,15,11,1,4,0
L04852,115980.19417435444,1674.9789306359655,4998.791311717381,48539.52501834073,9728.355403120717,2,10,17,4,2,4,1
L01230,109210.46003182702,1294.6787803890847,22094.263605637734,49203.04193777782,15752.556101289923,0,5,16,17,1,0,0
L03099,62409.65506273119,,22991.2579247616,30993.29551616988,23363.385616655312,0,4,10,13,0,3,0
L03762,64778.15992102796,763.7931034663034,25408.645992482212,45092.9492239549,19326.057468062078,2,4,4,13,2,2,1
L01893,56272.28218946863,804.4108400889074,12873.212393041329,45176.29279022624,14518.37121059851,0,3,16,7,1,0,0
L03919,83991.89142728977,427.8560234372635,29749.361071084742,11559.971576231663,6070.183823248095,0,7,17,10,2,1,0
L02975,83227.25444349443,1863.93221099203,33464.718774879024,37771.668776491264,34072.11021478396,3,10,8,12,3,4,1
L04011,65452.61705353738,2073.4031365708315,16779.657101582437,17416.429884704747,17416.429884704747,3,6,6,16,0,0,1
L01441,78257.62537334826,280.26377531289495,21804.696105328978,5000.0,5000.0,1,2,10,12,2,0,1
L00900,48661.28658025528,2673.4442712597165,18256.09966793086,24341.18529626525,6379.7031799899905,3,10,2,23,0,2,0
L03867,71390.4934156591,,29184.902973171294,54374.990720277114,23974.339738557523,0,9,16,21,1,0,0
L01792,67300.52158294835,1436.8868670774973,37051.9599887904,38542.49340441245,33386.779742330546,3,4,9,10,0,1,1
L00764,63078.802005507,676.1464448579945,38009.079918889154,34666.79993213941,22964.675660492256,1,7,10,19,1,2,0
L03030,65688.82023411682,1866.329482537632,25319.639285665537,25599.842167182578,21040.054231485694,0,11,14,17,2,3,1
L00368,65251.8480156359,1557.0991416815991,27382.11605492257,25905.857243532257,25905.857243532257,1,3,16,14,0,3,0
L00868,71689.1357997405,1241.8248768814042,14053.40815854196,41338.42430312124,28946.57451692005,3,8,7,10,1,3,1
L04804,50841.78118651849,,22411.79516948935,39257.43030902398,26037.890707317587,2,2,14,11,1,0,0
L02995,45961.63079955529,1234.0483641502497,34368.718935182245,20368.32543271066,20368.32543271066,2,10,17,6,0,1,0
L03258,,1983.2758653171036,25782.2628543151,45028.275193260575,10464.752741633614,1,7,10,23,1,3,0
L04768,59944.73489807629,1850.8335236487499,41852.26535671357,73673.47621223089,19870.0632131641,1,5,1,4,2,3,1
L04918,57487.32668468929,1368.972129722089,40575.90876649666,28116.188608378652,1000.0,0,8,9,21,1,3,0
L02765,70063.30476075962,2974.280355997848,23834.542264722328,53633.33554553931,3402.6463861842894,1,6,9,21,2,3,0
L02584,89471.37764837255,2891.4609953366935,38127.80232697039,43222.970641957974,23220.47204325693,2,4,19,24,0,4,1
L02177,32846.779457638826,2749.6621429934044,2126.897702735714,36206.799013324395,6320.646139086577,3,7,1,18,2,1,1
L03096,90589.29863315502,,28371.190404112276,61393.51387119647,18009.507173915452,1,11,17,22,0,2,0
L04528,80277.20703266845,2153.4085197195836,27549.67164998613,65549.06389026018,20398.493041503258,1,9,18,9,3,1,1
L02530,42382.23129348169,200.0,22205.017293676683,45190.51616366203,14319.064484089742,1,11,14,13,1,0,0
L00244,82315.10388340242,2323.544821684497,27156.60630083394,49345.16543946623,12139.188011919921,2,7,13,15,0,1,0
L04370,69465.41671840522,2095.4110221199235,10778.494385135853,19784.72800078776,19784.72800078776,1,5,17,17,0,1,0
L04340,58652.9901551493,1816.9781206674068,33961.502215261266,39891.440298256966,4356.696735509067,0,7,12,14,1,2,0
L02666,37657.243870795086,,15646.946303783354,64151.14184784474,36164.2555749004,1,4,15,4,0,0,0
L00311,60646.375935455595,1582.0719867170503,22990.144494872573,39660.338047954385,4161.044089121506,2,7,17,11,0,5,0
L04034,20000.0,856.1786005003931,4835.0242285613385,5226.355294712514,1000.0,0,5,2,15,1,3,0
L00365,78802.87983422226,1647.8073244694274,12550.91277314933,18289.05861911589,13373.566061719725,0,9,15,9,0,1,0
L00735,85583.11274651287,1340.7339383301842,12155.86953824788,63597.04033064354,31048.699546987093,5,2,19,8,0,3,1
L00540,53462.16260953702,2561.9695764289354,40685.271880730914,45446.476489915585,14642.853670004504,0,7,12,17,0,5,0
L04685,44258.67852860008,1176.1546594099198,14527.781677795152,17861.933543478823,17861.933543478823,0,11,17,16,2,0,0
L02768,74094.81824282269,420.75055130557166,23902.109593428424,40946.60682238036,17597.43160165578,2,11,7,9,1,4,1
L00973,81812.87097977448,,40307.43824831262,44380.53582596362,17757.412085605145,0,7,12,20,2,2,0
L03954,76410.14416709032,1362.8739044290617,40295.62596321239,47549.9316076835,1000.0,0,3,6,2,0,0,0
L04927,56029.14326944277,1132.501110163903,27275.68116112033,30031.217680771093,20198.271537653673,1,6,11,12,0,1,0
L03312,73989.47825664614,3958.66306874967,31079.797578051337,40264.62713102529,27892.22499060473,0,8,2,22,0,4,0
L01752,78557.50639061816,1186.941980174859,36744.97367570514,57023.86422398797,16072.400779158059,0,3,8,19,0,3,0
L04947,50204.57672054065,200.0,22822.029262627966,36056.76290446936,18411.67639418091,1,2,8,9,2,4,1
L00591,66431.32474438785,1357.458203722184,19206.497529430784,27346.050812024303,8854.927319059307,0,4,12,2,0,2,0
L04482,70716.06573589466,1451.8014423958653,11178.418641720049,36009.04516356995,16416.49067644448,0,10,18,3,0,4,0
L01908,42464.6506218039,1513.6076524693312,3924.1035081854243,41421.0771374936,33441.05693754455,0,6,12,11,0,5,0
L01228,62059.95996743023,,37018.79133796319,39679.56441337785,20246.25988556797,2,3,11,5,3,4,1
L02921,,2848.4847302507706,10644.027344744758,12012.403671948461,8240.201962328909,1,6,10,24,1,4,1
L00434,79350.84511591925,1523.8824950895782,21521.410723472425,41690.278002405605,1103.0221340209973,3,9,12,8,2,5,1
L01926,46612.30816827153,742.7553707911593,22738.86936124554,37620.38460935348,10435.328562603898,2,3,4,15,0,5,1
L00333,66516.09116387453,2004.9364845554226,40955.07345991355,62739.17719441351,11008.039039519808,2,11,7,5,0,1,0
L03028,73984.37442570069,1847.9242054371507,21635.52679741962,34563.9634946788,24142.668997913912,2,10,17,15,2,1,1
L01618,49964.178998096315,3692.326217599979,31030.58166736933,71309.08242690441,30421.28308614443,0,7,17,23,0,4,0
L00396,55616.4869579059,2442.5237940912175,13406.007891827992,30272.175557430197,30272.175557430197,1,9,17,22,1,5,1
L00997,100953.73053699045,2722.118482609354,25252.51675854344,57855.421296281,34605.56635583546,0,4,17,6,0,4,0
L02718,82704.62965977982,2742.735454050976,7526.186665369101,37821.5703124162,21546.399586263473,1,3,1,5,0,4,0
L00205,37446.61264085818,3705.370825386037,21993.915176777107,45644.889364698625,26734.588757272224,1,3,18,3,0,5,0
L00929,96310.48058468681,2744.7919242445378,11543.050291220878,37744.774505705995,28542.67561578362,5,11,6,19,2,4,1
L03863,64859.10029038891,1459.345601306759,13439.151279990887,23842.49760762208,18795.571373588235,1,2,10,16,0,1,0
L02912,72169.0723641924,2251.8312847261186,14932.56818357647,27185.35524378456,22140.33837811032,1,2,9,19,0,1,0
L00216,80179.38440986535,2203.430282707418,12349.544194238204,65038.704135647495,11770.964090235257,2,5,3,7,1,2,0
L02469,78666.57985622139,1462.9145537836466,37262.159587962786,18170.665361481766,14899.618254856647,1,11,1,5,2,0,0
L04547,62990.4855885659,2337.016109364283,27201.764216002717,59290.751557951386,19488.78211266956,1,11,11,18,1,3,0
L04212,54239.04483019723,1060.5852779239426,39097.63251664573,45205.99408300416,11870.053405900631,1,9,7,23,0,5,0
L00380,48834.03429289697,1354.295541942215,20533.68225956398,23057.71633606894,22457.8501738119,0,11,14,22,0,4,0
L00087,83308.04235404148,1786.3951404129352,12315.163530381044,6556.36638832184,6556.36638832184,0,9,6,23,0,0,0
L00775,77436.19924434392,2046.4079217738727,41941.23740734439,59594.20713592305,5801.4246541502725,2,10,3,3,1,2,0
L01831,79164.28846513115,2153.8534945315882,16494.660317992988,70521.23737228886,43037.84309217493,1,9,17,6,1,5,1
L01853,41127.2633648704,1825.7145175716487,34322.04237413911,40960.73267526553,,2,10,15,12,1,1,0
L01509,66768.13772583695,821.4238159504561,33850.06983583016,44652.307391522605,30122.45907652905,0,5,11,6,2,1,0
L00914,96549.0655952695,2124.8448979424647,27501.284812178794,31516.708563963643,20775.98389745337,2,5,1,20,0,4,1
L03791,76723.31600785567,200.0,13791.610411497086,54849.26281600162,9463.633859536129,2,6,6,8,1,0,0
L03662,50438.45804289357,680.5262673209834,27795.778471138474,12128.124793996125,12128.124793996125,0,11,6,21,0,1,0
L01245,52014.449098679856,1316.0745888574602,34972.975339255456,33289.55576258177,14308.302223192108,1,10,5,3,1,2,0
L03906,58559.43691015883,1187.5110743758498,2000.0,30862.958667136554,19712.959282996453,4,6,16,9,1,3,1
L03855,57689.881260294685,1679.6254868040141,20487.009602302925,31434.301331884875,23191.273430690384,3,5,16,9,0,2,1
L00201,72155.74720696567,1535.380083181558,24917.32725378309,54392.620855349945,16128.827264201955,0,11,13,5,0,3,0
L01081,58026.957311842816,3038.9114360192293,30889.87749183643,36845.083407017635,36736.906973213394,1,3,8,12,0,1,0
L00496,75778.20087369317,779.4538720034147,19393.916676660418,51923.89026510918,15618.85072695083,1,2,16,2,0,4,0
L02077,77315.42299542284,2440.5615580364615,21890.60948039914,50985.22119475787,16426.12335336768,0,7,18,7,1,4,0
L01175,49920.70822266648,,28611.529286613466,47642.52074236609,15283.574213648415,1,9,1,15,0,2,0
L00550,52920.29626568359,2862.445511189574,29125.044420921608,36696.85705548884,10882.021183393226,3,6,16,17,1,1,1
L04226,75398.04279057505,1944.696889185946,39009.71519416499,44487.93433270134,25604.542529498074,2,6,15,7,0,0,0
L04672,32373.297791658537,2110.739690942005,15250.621430865016,25944.329722123563,25391.12065252031,1,9,19,23,0,3,0
L00300,77592.57683847225,2023.0398499083685,26457.598512171287,42547.40008875531,29393.630640715724,4,3,17,23,2,2,1
L01151,45172.15301087385,3313.7534086664546,21260.15218463731,39211.6875711971,14851.803376026251,3,11,1,24,0,1,0
L01424,48215.80665321987,1910.1295526944368,18579.82654195225,53626.67748468659,31181.69414895207,1,7,10,15,0,3,0
L02401,50565.24893325493,1295.8857358861226,29570.56001819417,49430.95822389456,,3,9,3,16,1,1,1
L03455,20000.0,918.9708081281376,13505.825302836945,35146.13393078453,13961.139499469456,2,6,14,10,0,3,0
L02037,72848.31934357533,542.8640013293598,19380.549935756462,43638.939057301905,22195.71356141077,1,7,10,19,0,2,0
L03393,63520.54272811244,3059.317428825927,26543.314331522288,15915.498954058185,14218.363769381369,1,10,16,7,0,1,0
L00573,71538.54747528325,1524.7488346366188,9915.177957309239,44985.195572080054,1000.0,2,6,16,18,1,5,1
L03974,66733.95398828793,2862.917129235715,15568.495898773446,32265.489488795094,25529.94157671368,0,2,15,18,1,2,0
L03644,64299.84779987528,1947.8869232482916,8954.511004158905,43302.177855269125,23181.423146963727,1,8,9,12,2,1,0
L01303,61500.80486609183,2567.053045174138,14771.652048217504,26487.823884829544,26487.823884829544,1,6,16,22,0,3,0
L00581,71769.92814988828,3320.214739448772,11113.651569409612,39300.62852177996,18568.336663644677,3,2,10,20,1,5,1
L01137,88789.40977849282,2671.9239672726644,12406.450393518771,31605.187287622568,19184.492049102213,0,4,13,8,0,3,0
L01195,33140.125329366616,200.0,18538.957282199848,67429.37893662737,25384.693872544944,3,8,11,21,1,5,1
L04932,21174.922976694383,1123.1682618978925,8649.837543519761,27950.307123893253,,3,7,19,12,0,0,0
L04371,30155.5661472945,595.3340757355036,14730.051742829433,41948.78356616919,22050.77579983797,1,9,3,4,1,1,0
L02404,59566.89779347894,1652.7305063872645,28834.146735600305,36093.5412025733,2562.1635325460593,1,3,16,11,4,0,1
L00271,93825.4657813223,2832.6067392979426,18329.773852783583,37150.278647543826,17125.69791773792,3,11,15,11,1,0,1
L04723,65524.09505548071,1882.4625772246786,26457.091401353668,44050.744201677946,33119.26575331251,0,7,6,3,1,5,1
L00485,49872.98509431393,200.0,27692.89323270064,46416.53416525917,31984.82352383899,1,3,10,2,0,2,0
L04243,53202.15364488785,1789.1974043256187,4540.309675250181,18668.8700886126,18668.8700886126,0,9,15,14,0,5,0
L01947,72542.00787804373,329.1851013823434,27772.623672009195,23332.520516500215,23332.520516500215,2,9,3,8,1,1,1
L01869,,,25369.03263976616,46837.5651758221,1000.0,2,4,14,17,0,1,0
L00158,74476.65841823575,4134.538844048074,15773.282334476171,53396.16151848537,9280.403631539224,0,10,17,18,1,5,0
L03056,47864.55812346414,2173.155677472209,21803.192456717305,57477.35685841783,18971.68493680709,0,5,12,18,1,5,0
L01043,86573.61666862591,3561.6111397276927,19753.2009837013,26713.965990493678,14463.766858743576,1,8,4,21,1,4,1
L02677,71993.00094599387,1628.3698683856292,28476.059825670705,38107.87675184023,20674.080850608196,0,11,16,13,1,5,0
L00795,,1572.1304498062389,30530.151882434977,35442.04855778305,26957.197008450763,0,11,9,19,1,2,0
L04313,74894.11307550065,2662.5003166358174,18294.866434061303,17463.631035346723,17463.631035346723,2,3,19,21,0,1,0
L00642,98380.43050578787,,15994.933645860367,47190.31388227753,24249.02531786385,0,11,10,8,0,3,0
L03406,20000.0,200.0,23050.75971208295,5000.0,5000.0,0,3,17,3,0,0,0
L04810,56611.30494682899,1636.0540206067137,17915.80149868683,44359.07045892688,17828.942529782285,4,6,12,6,0,3,1
L04181,70566.9726928934,1723.8815015381438,23919.937886222677,35138.91724297327,18437.522273223538,1,5,7,4,0,2,0
L04634,81755.28443093179,1246.3478410682465,16682.242990383627,44267.67973782467,22519.788109060435,1,9,5,12,1,3,0
L04777,64515.34332260616,2119.997242354885,34116.39625649167,55325.87903140109,24549.05528844682,2,5,2,12,0,2,0
L01075,84925.3363889428,3165.8638476473784,15446.724767992057,42091.786990437955,35818.76093498988,1,5,18,16,0,2,0
L00820,86309.60750130702,,39053.62356513084,51145.14541075115,31602.10768107095,0,9,10,6,1,2,0
L02577,94283.54477504875,200.0,37591.822904823515,32631.05458508017,11481.940018173302,2,2,16,20,1,2,0
L03248,50336.876057800066,1480.1386125707788,20312.280605620905,28477.086474917767,16848.416936847265,1,3,2,16,0,5,0
L01211,40122.7352921743,2587.0818748849174,31955.26691674114,61450.45583382054,9287.817769892908,0,9,16,11,0,3,0
L01013,106505.21745250531,1959.6883347222263,20663.722702732288,21380.510908885648,10583.822344162983,1,9,5,4,0,1,0
L04913,81542.30857131536,1225.7174285167716,53404.22910102237,60658.95855719851,17765.76527258348,1,4,2,11,1,1,0
L04074,62101.90841837137,2992.1100176798727,24696.036940632443,33649.33764646395,8878.98106051992,0,10,8,18,1,3,0
L01727,54280.731097719035,1153.9269279213631,27292.999339436694,33749.41774613414,25702.527235436246,0,5,14,3,0,5,0
L01890,64710.95458243442,1722.5919174504886,14853.358831590074,54198.22791575173,28585.514701033782,1,6,13,17,0,3,0
L04864,37988.88071314034,941.4477807463605,19733.06730101281,19968.020598278217,19968.020598278217,1,11,7,21,2,2,1
L01958,127754.97067319987,3244.8712942695693,25966.279392214572,47347.1688219102,7448.018850841694,0,3,5,12,0,1,0
L00061,55416.5152430942,1555.8489236153987,23398.213585182108,63791.71197131967,24504.119599294667,2,4,4,22,0,1,0
L02904,71590.17471146019,860.9013389551769,27087.633310493045,26661.217562936232,1222.7513608979352,1,9,18,17,0,2,0
L04596,68161.7845064637,1438.8436877400532,4030.0835272059885,25092.62066714093,19791.158503751005,1,11,4,12,1,4,1
L03592,77082.41779177036,490.87758463481214,37162.88450556014,11335.510966116923,,0,3,11,14,0,1,0
L04523,74928.00235467881,,25191.20841868541,35657.75096218226,22503.52608451054,0,8,9,17,2,2,0
L01252,81670.5792321785,1513.7376532469866,20964.121053529354,5750.793137091547,,1,7,13,14,1,3,1
L03783,44148.446106588475,2746.839282065284,18818.57367338573,55136.55117592079,19926.111301196765,1,10,3,17,0,4,0
L02477,60382.67252310462,200.0,19792.10850207946,10356.759034145325,10356.759034145325,0,10,6,9,2,5,1
L02576,42760.65948451673,680.617392620295,10878.136987214415,28276.602111631226,28276.602111631226,2,7,7,9,0,5,1
L02737,58297.24437657096,3968.2653154679147,14302.929007621446,63755.763184593096,13619.3699068387,0,5,16,24,1,2,0
L04557,44887.97248621068,622.1167507913779,5179.327163022146,16943.980193967047,16943.980193967047,0,4,13,10,0,4,0
L04755,54304.86658311354,1433.8523506567376,32168.308890128515,29427.227339139146,29427.227339139146,2,3,10,14,2,2,1
L04267,70817.94115180011,,27553.796561497686,35203.89678598744,4541.963236743837,0,7,8,9,0,3,0
L02079,62211.07448638001,2246.9790695555885,38764.23417844073,35571.98120345956,35571.98120345956,2,11,7,15,0,5,1
L02550,106768.8554573985,3143.7979057772236,33586.67023341302,24422.509935786606,23949.712816904655,0,10,4,3,1,4,1
L02611,78030.43982679011,1988.3646360888915,24185.688888737157,24378.530952031862,20005.716656457767,0,9,4,6,1,5,1
L01736,32673.78783126824,2207.746461793863,20860.034471603736,40142.67759911491,9745.301556017395,2,3,13,21,4,1,1
L03773,49359.93014977926,1169.5619014135937,20627.882969557995,32223.465521837443,22698.236323771813,1,8,12,13,0,3,0
L04043,,2122.6396833334593,34938.17690814726,27750.90719290625,17102.629131476388,1,6,3,5,1,5,1
L02695,71677.19933137069,2294.688453007732,15166.189634798704,50606.59240159844,,3,5,6,11,0,5,1
L01884,53150.71481694211,1648.7885618540206,22803.6232596303,39346.81491881679,22036.922784764596,2,3,6,21,0,5,1
L00468,80150.1542009461,1999.5341501480334,33584.719964733275,30893.842129364504,18565.302696956023,1,7,2,3,0,4,0
L02493,55137.54355200456,1317.900556308354,11104.865917265446,45731.96913836205,37978.38733090472,1,2,19,3,0,4,0
L00639,39200.782005178924,1528.1927938819808,17396.076673433447,27155.678145095793,10781.413200724217,0,7,19,23,1,3,0
L00711,69220.34934405237,1869.6131843139092,33747.61800233038,63868.2293632344,1000.0,2,10,19,24,0,1,0
L00004,95460.5971281605,1535.92784663885,23104.180469461196,54202.921924692695,25795.842217637382,1,9,13,24,1,4,1
L00114,114264.84224970572,676.6083469907289,22891.981966125713,31895.71708156475,6993.662952515528,3,7,7,15,2,1,1
L02014,46201.93797782271,2385.6647611464177,30467.711090082445,34735.70886792868,29343.287467259976,2,8,1,5,0,1,0
L01061,80433.97421296689,1839.4625326358748,10187.988268511199,35515.24003942239,35515.24003942239,2,2,3,13,0,0,0
L01699,75278.1569931783,896.1201142251522,26288.111804330056,56022.41552313976,10480.711523237469,3,11,15,6,0,2,0
L04439,58188.02586180277,2461.4709045672917,19179.229431236512,31977.131417407036,20100.515722341992,2,10,3,20,1,3,1
L01178,63033.207464105,831.8712452686738,31334.229544758644,65889.97003141505,23282.08968428764,0,2,15,8,0,2,0
L04535,79849.1782718524,2456.114875298448,19691.358888020648,24173.475545999732,24173.475545999732,3,11,14,18,1,2,1
L01885,64471.88486082146,1944.2359044027555,22405.229423170098,42593.375271815385,29239.743341675952,0,7,18,3,0,5,0
L03882,68510.72459157195,1502.994103463685,13193.935402183506,24059.49586708151,24059.49586708151,0,10,4,6,1,1,0
L00427,45701.53078839791,2571.12554726069,21597.95265463621,46314.591737972,28348.357375846623,2,3,14,11,2,3,1
L03649,80657.47469897145,1997.5248507332894,8819.079642044942,42409.16953232752,31052.98252874866,0,10,11,17,0,3,0
L02187,36520.8569509971,200.0,26092.125786065466,40700.80180397459,15154.234564949376,0,7,18,21,1,5,0
L00483,32871.07359484855,1866.2183230283406,8623.258139123158,18989.952176701783,15796.446734234742,2,3,14,18,1,5,1
L03462,102945.77389546223,200.0,24032.762210574627,35082.77034640963,16248.262751644437,2,4,6,4,1,3,1
L00511,70409.13651559678,1908.4507331317673,12378.587718096152,55042.146279327106,,2,5,16,11,1,2,1
L02665,74264.12584198246,2514.550677765801,18333.66121331067,25817.974900080128,6547.6754790016985,5,3,5,8,1,0,1
L02303,57320.57456095297,1434.641907981403,34951.48544195343,36297.13161233721,29138.89741525953,2,2,18,23,0,4,1
L04307,52399.500409322114,2464.1290978770435,10404.644495495113,43578.762818959076,35818.811247582526,1,10,4,2,1,0,0
L02407,39008.37526144805,1499.5999679395431,30606.854213686303,38013.616225849946,14905.61055779769,2,6,10,11,0,3,0
L02862,74677.5330237608,1918.2565912292216,16966.43261950527,36338.56656762188,14253.970784659847,2,6,3,2,0,3,0
L00702,85980.18451673779,1626.2729542905147,28128.253216693214,46204.718474235604,7445.3199030758315,4,10,18,9,1,1,1
L00534,40779.676004750865,1968.397039137203,30155.942445961628,17865.8088042559,17865.8088042559,1,11,19,17,1,5,1
L03316,73328.92076202905,2415.3086234480265,24897.844786582216,28716.48195208836,5363.127898324836,3,3,10,15,0,5,1
L02983,79649.84205559605,1741.713848927156,12957.048133484102,44208.62448937928,11347.893996462664,2,9,3,3,1,0,0
L03357,66571.540594383,1754.5691232909783,16780.444345241034,64085.351617312655,,0,5,9,16,0,4,0
L01778,64259.26405903176,2059.2291541652266,21299.702231919553,48047.31590681994,14990.087302695829,3,5,13,21,0,5,1
L01882,97311.65647096463,1764.581344124281,18666.199443923342,31157.24301255234,31157.24301255234,0,3,15,23,1,4,1
L04087,82191.69744687113,3428.4251653756755,35727.49666248873,42106.38801167251,19290.918929192416,0,3,4,23,0,5,0
L03588,46637.4603316685,200.0,26276.767710099295,28826.90822085589,19601.794238849,1,2,18,16,1,1,0
L03108,76447.80622351351,2455.012776679053,30185.487164399983,26650.561651642878,8127.795902571106,2,5,8,20,2,3,1
L01306,47030.64036417926,2582.7662445332403,16507.613466874245,38491.103419326886,7578.466492083897,1,11,6,23,1,0,0
L02885,20000.0,1913.2766293919062,23355.180027917955,45078.91649673794,17411.863295070783,1,7,2,22,2,5,1
L04492,45848.62089969576,1763.9647055912608,20895.988360984116,67687.01980557898,7652.052487814804,1,10,14,6,1,2,0
L03689,90507.8147599803,3429.768511774686,15309.032398622867,34383.993280016395,16569.24069258602,0,5,16,14,1,1,0
L01027,65760.069563364,2657.212748464831,24167.19642122883,45031.31980720554,17363.009341269215,1,2,18,13,0,4,0
L03830,74618.16185497791,803.959021196804,8817.237079700582,44306.50956101889,21785.885988336504,1,2,18,6,1,4,1
L02330,81982.04221486289,1421.0836338790473,21284.14307106121,68116.36670399866,,2,6,11,10,1,4,1
L04335,74460.7656432043,2207.6108511437487,12649.17163572453,65251.22267114003,15586.809955999022,1,7,5,21,2,1,0
L03159,91572.81656496463,2148.758103772378,6554.002730943766,53887.069623940886,26675.360947941313,0,8,15,7,1,1,0
L03694,86147.3661075645,1704.352994698883,16506.499087986696,23751.974752230977,18486.542653507193,1,2,4,5,3,3,1
L04891,48558.47976344145,2801.557963610526,15096.618766560954,50912.35306235148,12864.688637857013,1,11,15,23,3,4,1
L01374,32728.772042465178,2819.542741350065,19453.920139861166,57127.4639160435,35788.56120373483,2,4,5,23,0,3,0
L02096,63484.7142692908,427.1734013514488,24281.872889609553,5000.0,5000.0,2,11,11,22,2,0,1
L03580,43675.301362015496,2144.8077537040613,9351.111558972916,37451.601974986064,24017.256377261605,0,9,17,15,1,4,0
L00218,60263.62786519982,1394.3930725839555,2000.0,32691.68587497667,20019.12936020994,2,2,11,16,2,3,1
L01134,74070.6860302796,1827.8460323998659,33626.48058686193,8697.272060260937,8697.272060260937,3,11,9,16,1,5,1
L01671,60221.358016606115,1992.701405760326,5866.317637950602,14701.446353778465,14701.446353778465,0,3,9,10,0,2,0
L01166,113795.04812678546,1310.5922883963322,23884.535964292827,5000.0,5000.0,2,6,12,22,0,5,1
L02851,54034.624101498455,3401.9419741158376,33891.297814534664,27759.65392080695,27759.65392080695,0,3,2,10,2,1,0
L00226,86779.01193934731,941.3375742216836,31247.21805513421,38842.29585829456,22042.54942657026,3,2,19,17,2,2,1
L03769,78294.0549066622,1841.965909511555,12770.23101625906,24251.29681945709,6727.159621218532,3,8,14,20,0,4,1
L03600,60450.47480093184,2076.331345315083,25131.430231335322,23051.678681458732,16981.541058472445,3,9,12,16,0,0,0
L01654,57936.67414378624,2070.212879243681,38785.73964348757,17230.733022351225,17230.733022351225,2,3,10,2,2,5,1
L03150,47067.155453695836,1352.9603423501276,17421.83030409814,47660.9809920384,33775.77335845417,1,7,11,7,0,2,0
L02575,117415.8618205995,1212.1512819726472,29590.12970582189,54225.089189937826,7254.897906950728,2,3,4,9,2,3,1
L01537,75272.00213139433,1039.2372935244227,37571.608896986596,31910.30614583532,30234.334555645095,3,4,16,5,0,5,1
L03757,67068.76258616213,1402.1462829138643,38828.88388947831,56640.57354188928,11968.077048729438,3,11,8,21,0,0,0
L01929,87019.19269997142,1746.1780280691723,15888.11497749714,32144.717009846583,30213.97683840398,3,6,10,9,0,3,1
L04476,75281.25104849551,1825.2975791281983,26918.144010879627,39392.16424709602,26597.747586417776,2,7,11,15,0,0,0
L01113,82401.35461377508,2184.46940674217,22328.63373980213,58070.13903635388,30755.00021130637,0,4,10,11,0,4,0
L02837,103082.73179146013,2362.7937185800197,11850.834292009164,46675.6404984128,26895.068283290588,0,10,10,10,1,0,0
L00022,60484.47399026929,1211.9065594203296,28040.974263555672,42018.749272183704,22049.891473089097,1,11,13,8,0,1,0
L01705,73196.37313857026,1600.504299862015,27136.092944152217,26715.21403370102,26715.21403370102,1,4,14,24,1,4,1
L03859,50520.19336514782,517.426522708723,23126.366818256403,18891.83350743715,13536.32329654031,0,10,10,7,2,1,0
L04546,76686.2833287062,1699.4029620033818,6555.450909164458,40204.83495756186,24175.883816427897,1,10,6,21,0,1,0
L03063,63132.26282200104,597.5625125140155,26644.674697235598,30747.17000344634,2319.187576133856,0,7,18,9,0,2,0
L04298,67525.35472468137,1231.9876456867582,13226.442648451062,34655.48023401907,17150.304912118117,1,8,15,3,2,5,1
L01989,52170.36809554096,1782.0511584155413,47460.54535942792,43863.72623815655,38564.15517826335,3,8,5,3,2,5,1
L00794,39465.02848359381,1911.5982369179671,26414.197598929506,49342.92227442244,24833.206786258896,5,4,3,2,3,0,1
L03160,71263.6894772996,1190.447009491933,33522.50651872749,38771.315564115874,17286.608347739904,2,2,6,17,0,1,0
L02233,25597.923645763287,1996.0914274980942,13394.76132018761,23231.584919196885,16429.95510548985,0,7,13,19,0,2,0
L02390,85704.98669447505,2466.5435450161453,21023.79304225924,61328.39633056514,14083.526014842486,1,5,15,10,0,3,0
L00578,80417.30387773934,1954.7035615393272,17206.46057343916,44063.82014061162,27694.573108029035,4,5,9,20,1,2,1
L04662,59335.63922109535,2025.0786779916616,34095.31401136269,50951.20138806396,18724.986813216954,0,3,14,10,0,2,0
L02413,42549.10387511172,1618.4460270896604,24410.432778621118,19970.161918667425,19049.579963070795,0,8,3,6,2,3,1
L02582,72783.18391335857,2333.7961179433933,18087.001101016223,46423.815962752946,33943.39052054688,3,2,9,23,0,0,0
L02639,44349.52192944921,2948.4567945308986,27463.989516672715,30787.14372811761,11630.4396030117,0,3,19,13,1,2,0
L03461,98914.4575562173,1199.671897796275,18091.117328276112,54269.16083314797,11183.348719176449,2,8,2,18,0,1,0
L01420,75156.71512579247,1616.7351752626323,30416.32255765075,37578.58152950775,1000.0,1,2,6,23,1,3,0
L04162,74596.54070733667,1718.3949758981908,18874.225746053093,44729.644401558864,14227.441790082536,1,10,1,16,2,5,1
L00536,65947.97342632827,3800.720398347425,9865.36639847077,69209.56343334513,12850.941529504187,1,3,3,16,2,1,0
L00562,106508.01597290878,1778.9913653841184,28116.01561549683,38226.873316435805,12906.410903575801,1,2,4,15,2,4,1
L00759,47832.84439637573,1385.0666243030319,26080.960585699446,33377.862920306354,33377.862920306354,3,11,19,11,1,0,1
L03324,70159.51962442361,3113.1429021778513,22179.699150164706,24201.90405936006,24201.90405936006,0,3,10,13,1,2,0
L03438,39473.91166923328,1955.96407392975,30340.55451849369,31924.758137335346,28261.286338229518,2,4,12,19,2,3,1
L01474,65293.76389458394,200.0,20383.56205521389,57467.13770575009,18387.30499402021,0,11,10,5,1,1,0
L03454,,1300.132305252414,22811.24583418503,61684.5256998713,19003.800502195263,0,9,12,15,1,3,0
L04292,,,16032.275236323847,41919.82545515896,26039.309286803327,0,2,19,12,0,5,0
L00195,68463.61851702364,322.74156175646635,18653.961454697044,38374.99175133116,37216.926121351426,2,8,5,6,1,2,1
L00853,52252.25745386965,2289.8657712020095,19952.927664777122,23352.40766095139,23352.40766095139,0,8,12,2,3,1,1
L03424,73364.11511775944,1104.9859643416721,19230.409057728342,34508.20465936979,21390.13181058975,2,11,5,19,1,4,1
L00513,60221.03906267181,2310.084649784967,21048.7512244653,35058.38342912748,29430.4064156104,0,4,16,15,2,2,0
L03302,,1416.0282858302328,22686.807096505385,26827.955228718896,6282.385847121308,3,10,10,10,0,2,0
L02534,46626.269770278115,1447.780290519357,32880.924632085895,55521.98695789355,44517.126249972905,0,5,9,9,1,4,0
L04887,49564.5608521425,1687.7795315596572,20500.337088291388,35218.91650633781,,0,9,6,6,1,0,0
L02106,97853.45906511927,1489.896133869403,10324.991761192858,20725.830070677577,3981.4470611522374,1,3,7,2,0,3,0
L03117,61114.61736042961,988.6686254984253,39444.955493598885,10509.273805481229,10509.273805481229,3,6,12,5,3,4,1
L04246,34137.63544114259,1189.2277573527108,25397.8302213923,36103.78924902536,5739.509583042878,1,10,15,4,0,4,0
L01606,45933.42783482575,438.66731337006695,11222.560650696565,33746.50545820916,25503.0367400909,2,10,17,12,0,5,1
L01894,62807.803921483384,2159.861770981208,19213.436661206906,26020.133120746905,13326.903945290414,1,9,18,4,1,2,0
L02839,109375.60466896268,1579.2388386430894,25946.44083356666,50947.645526724744,46613.18651757835,1,11,19,15,0,1,0
L00476,,3109.391969464512,10263.696074532021,37216.771981107195,20296.211419569165,3,3,1,5,3,2,1
L03450,56727.68668740714,2065.897866579188,13868.759061536135,28815.692992417396,28815.692992417396,0,4,13,9,1,5,1
L01670,75934.67136402758,,5166.178669571746,37164.13118721438,13872.65824985243,3,4,10,24,0,4,1
L03469,55909.04562513112,832.9129083034225,28397.37506698895,50583.2284719398,29989.678353166208,0,6,9,16,0,2,0
L01347,20000.0,1454.1638567141358,19268.477534800983,40024.83783432927,,1,6,14,23,0,2,0
L04028,59803.99718464975,2657.344299112472,14274.9139360784,43452.7120934383,,0,7,10,7,1,0,0
L04835,26773.66216674992,3532.4171617652455,8165.32687544014,38166.96773438885,26059.32094324589,0,6,17,8,1,1,0
L01358,72836.08010805093,,28281.02969833705,29626.578959593397,25804.21940096241,4,9,1,19,3,1,1
L02181,61199.21929997011,2051.555672699882,22005.393626288787,12258.879911823915,7118.892699324728,0,3,15,6,2,1,0
L00478,71225.00309087073,1784.1645243834337,33529.13256204809,53259.74740704501,26131.22499229184,0,7,6,5,1,0,0
L02860,68882.15261906716,2235.6659206349022,7999.4346283662,48144.77803586658,19123.76453745769,1,7,18,19,0,3,0
L04923,,424.85566963692236,21621.13298978158,13224.61241395447,13224.61241395447,0,6,2,3,2,5,1
L02980,68996.20867437427,427.43334508949647,13215.012090304952,56062.863968687234,5023.7213393049315,0,5,10,23,1,2,0
L02346,86943.05423507391,985.6708076182726,30500.3639518957,35395.05464256095,35395.05464256095,0,9,12,19,0,2,0
L04006,76851.34547694662,875.4339400664678,17030.368670794986,61958.51179261484,13310.055675602958,1,10,7,7,1,3,0
L00807,69442.67543267425,200.0,16248.135503564836,25137.088689749275,21728.12279771284,3,4,15,13,0,5,1
L04427,72007.40432772676,1017.648931557889,17596.743153238094,49121.389359506036,2035.4127882999492,0,10,12,2,1,4,0
L04278,45668.242180293695,2118.1100014210233,11231.83026372944,27046.47460435161,19516.00949371421,3,4,8,20,0,5,1
L02746,59067.850818604034,1152.0879207284734,21850.559205789257,24438.374553875117,20234.321271474055,3,5,16,12,0,5,1
L00312,86975.5370397438,2786.9794226689546,16775.85271622491,37055.595733813505,8230.801078684159,3,11,8,21,2,0,1
L02694,62310.06431196535,1671.8958883216503,22308.49492756939,30701.93394063172,24566.415273079452,0,10,6,11,2,2,0
L02064,62935.56494135007,1893.6993729198812,24192.041876335883,24367.377893523335,,1,7,5,5,0,0,0
L00180,119403.38333179237,1812.5582367662066,33183.38136793128,59494.4692795516,10406.7923478103,4,4,11,19,1,5,1
L02206,74448.12555760755,1925.4584128785546,29588.477658387965,38138.84160845441,15760.587004392171,1,10,6,23,0,2,0
L04698,90451.40325857139,2291.96898563742,14270.26565833379,28294.350929037246,15306.718186824477,2,6,16,13,0,2,0
L02447,70884.48258026988,2420.982803779285,14079.964259047556,34240.84566904812,13253.794756433093,0,9,2,6,0,4,0
L03443,67819.6539922412,1610.770093305172,22624.31703327443,33097.19426653182,29353.49819274732,1,10,19,22,0,4,0
L04122,62253.78068422241,662.212398794501,19064.331634091137,33712.99309616643,8443.584853771912,0,7,12,14,1,3,0
L04194,20000.0,2077.2216146504,33181.68548373975,46075.444066662894,26219.522424789306,0,4,6,5,1,3,0
L00672,23532.195351837014,1836.8051093890729,21398.455005948723,43549.70369009275,19881.628537596756,0,8,19,9,0,2,0
L01842,27363.019090047215,1347.951621159046,12244.67064385368,54974.56852867575,1000.0,0,7,8,13,0,0,0
L01871,42885.906630281286,2127.2519506672456,38756.362938455626,25390.494336263488,23622.968036465536,1,6,3,4,0,3,0
L00453,45285.47907328913,3163.673674637902,31156.53804258344,36269.14863876201,19346.89288327605,1,7,2,4,0,4,0
L02094,42223.33764438462,2753.008545305466,18882.924075327857,30436.302131836965,30436.302131836965,2,2,1,14,1,3,1
L00166,,2578.8977995422774,27010.90009308772,28489.787710927532,12879.59344581977,0,5,7,11,2,4,1
L04578,101410.8781588363,2402.5519597860393,24504.30283001045,50588.41294156829,19145.98248931732,0,7,17,8,0,1,0
L02516,71557.59048318714,2174.8321292368555,21410.736454769485,37304.012289848186,8981.00027011287,3,11,4,18,1,3,1
L00817,70341.00531738518,,22960.0926799705,69416.564369372,33919.9569811267,0,4,5,18,0,0,0
L01588,57659.44321833355,1591.970999855644,12572.247597695254,18167.897865740262,18167.897865740262,2,7,12,2,3,5,1
L00060,84510.90254244718,,7603.918692011726,25938.793173455306,1000.0,3,3,14,20,1,0,0
L00687,60193.4920368373,2804.116630699923,5617.543409054664,30696.03554998482,17863.69691514614,1,10,1,22,0,0,0
L00779,63511.33141799908,1823.352403148454,25899.455993834366,25374.679225922286,14111.984333804994,1,3,4,19,2,1,0
L04448,66997.73908818426,1357.8456369732023,13272.389292114618,25143.604569408762,18284.908411087585,2,3,17,2,0,1,0
L01439,74819.49903276503,2204.2697181178787,25712.067634700586,36941.74796530218,,3,2,13,10,0,5,1
L04192,70271.0162390957,353.3637372003884,23870.689379765998,66963.1726702898,36033.69492007377,0,7,3,12,0,0,0
L03944,20000.0,2077.9179891478097,16768.956931155037,26833.340403462847,15481.632717964792,0,3,19,9,0,2,0
L02114,44956.250884370544,1041.0010437856,27025.74774371437,32912.48660372644,14690.403528457407,2,6,2,10,0,2,0
L00412,,1381.1392092747337,23779.083914116545,51505.75327739065,17013.346094203018,1,4,13,23,0,2,0
L02667,81963.48425333336,976.2430082935516,23367.46502648463,57839.25180159464,2038.3534083141858,1,5,3,13,1,0,0
L00913,69987.67367421511,2806.0952450874884,7636.475429608394,25479.253066754558,16435.83465977257,1,7,6,18,3,4,1
L04416,77178.10712509263,1085.7813541790795,13540.369673707484,44181.186311950965,1000.0,0,7,3,24,0,1,0
L00033,64730.05550524132,2384.8005014283854,27043.6506571841,48355.44433731705,6880.3845463387825,4,6,2,23,0,4,1
L04352,65949.86936503286,2183.951792918623,30817.464007600123,36297.650042851645,35363.175738180464,0,6,18,14,1,2,0
L03082,67807.19739696094,2710.520264774095,18289.359710991474,12838.006325204788,12838.006325204788,0,8,8,19,0,3,0
L03847,,1524.994784391912,21704.924013809286,43471.92373748159,11207.255379193222,0,2,1,11,0,0,0
L00304,77207.4053086693,2242.8556248542345,12347.85923249452,35820.02842863118,15118.63719857876,1,5,1,22,1,2,0
L01283,79162.17353377181,2535.8972127635443,18917.8407183917,52750.0640195439,4810.048367427975,4,2,19,2,0,1,0
L03012,91515.9329508438,2144.8183664087146,12022.422173406452,64357.92118483213,11367.872405389184,2,4,9,18,1,0,0
L04659,69921.67230632818,2843.8678106554635,26526.24029980121,5000.0,5000.0,1,8,2,3,1,1,0
L03593,111072.77504209577,3348.688820544484,6297.633459181554,37884.764222654616,14061.440098825313,1,7,16,4,0,1,0
L01328,62118.24888556769,2295.226357270826,28756.644532569764,37142.71453292341,7311.27407394221,0,11,5,13,0,5,0
L04949,57286.54738044304,1641.5410958805119,29540.858050384984,46974.42468259145,37631.749293726694,2,4,18,2,0,2,0
L01387,91034.82578797596,1780.4811462110747,30509.82678506765,44599.29680472883,23958.981069433685,3,2,15,8,0,4,1
L03080,60029.42763851101,2867.3833553381523,27347.03949636198,41488.44435071609,20028.23199533097,1,6,11,6,0,1,0
L00107,102723.7180242106,976.0221801784514,27629.10660285085,36805.32015174683,21006.22110835442,3,4,14,13,0,1,0
L00286,25958.244009549962,2132.6613035642745,25140.226024861146,18009.426978266918,18009.426978266918,0,2,12,11,1,4,1
L00596,54799.672022905055,405.7824208951672,27001.128296208666,67734.07927842787,9565.005049052425,1,3,12,22,1,3,0
L02566,56837.98321679559,423.1379832316245,17651.793871338858,46006.4799078442,16268.33761497858,1,4,2,2,1,4,0
L01996,86403.00476632855,1561.706556034511,10188.064605705018,42082.959838008224,31003.91824055466,0,6,12,21,1,3,0
L01562,50055.76641704353,2876.879835611406,10570.574536167846,32875.649432179336,32875.649432179336,2,6,2,16,1,3,1
L01685,41419.20417680395,1812.899830320378,33829.00489387524,78961.55811062836,18684.05917836674,3,10,6,21,2,4,1
L04356,79317.45489381919,2186.026967856948,40578.501512906645,43648.32359878339,43000.30685144452,1,11,14,13,1,4,1
L00613,70599.3725263964,2630.884855367053,35831.35646778152,58516.854681470366,14295.153143589228,1,6,12,17,0,0,0
L03052,50811.17995144907,858.066795800569,37798.0695740155,38958.00922581138,8761.172278677954,0,4,19,3,0,4,0
L04527,37242.62899088396,848.847105557321,22413.26831877003,59034.4753814745,24517.753858746906,0,5,4,2,0,3,0
L02205,45871.27246363982,405.0619180827712,36812.36591623595,19977.597736172604,11581.266490829112,1,4,13,15,2,2,1
L00646,59545.52860504659,405.64197561066794,24262.922672434364,40648.47534467335,25697.833505344024,0,7,18,21,0,3,0
L04082,51036.006507779006,3084.542366465964,40321.19607577301,32972.83523902131,2902.3219267033746,0,2,9,5,0,1,0
L01229,84277.58233589819,2463.45901806629,19389.912758276863,32183.665568036256,8221.636449236965,2,11,13,3,0,1,0
L00257,90338.22298373246,1470.0167904896507,28858.9045643792,53805.94241881727,23539.768850636752,2,8,15,7,3,0,1
L00780,77413.44195101356,2358.3792241040783,22748.875843715578,51366.321703122754,34070.99289161113,0,9,3,12,1,2,0
L04820,59409.85073406933,2686.7556813783144,25237.550672314934,27633.6506700498,19790.200425855488,2,11,16,21,1,4,1
L04315,56813.830518085575,1696.2615583771194,30098.46061119427,49001.746828667594,25202.34895825461,0,7,5,11,1,4,0
L02435,69506.15844081884,1439.2047863765524,14231.379013786078,25458.5133506752,18216.616125052813,2,10,2,12,0,1,0
L00460,41042.44214822303,1637.231087135756,38776.254421561345,48061.93130087802,11332.697666662823,3,3,7,15,2,1,1
L04169,84727.53011811874,2018.1068114555314,17492.155069065346,44123.96171605131,26320.08322859858,2,3,14,24,0,3,0
L03518,73487.87875722026,2830.7468980027106,17018.08079298561,41090.341945531494,28458.438446846878,0,5,6,6,1,2,0
L04166,80876.3693428763,1748.8977337349227,24032.477313054005,62165.39309548229,,0,3,7,3,3,4,1
L02878,51644.408870622276,2061.6578999022763,30175.345098452977,46904.91727572225,14125.48725144293,0,8,3,14,0,1,0
L01165,,3063.5503133558877,44689.91611659453,32819.61716591213,14165.064065302362,0,8,12,9,1,0,0
L00749,52769.64394016103,1785.68401839332,3054.1884952769724,54843.98994385706,17663.26708275076,3,10,16,15,1,5,1
L00717,67284.55297324079,2160.396579022428,22462.116036709172,51904.589414951544,1000.0,0,4,18,15,0,3,0
L04020,63238.175119418534,,20666.841934818938,57418.33409731246,,2,6,18,20,0,0,0
L04012,36888.73892287427,761.3392482648778,41192.81300144459,36067.5411981229,23299.699249901863,1,11,13,21,1,5,1
L04375,84888.94751017814,,29515.632254021708,65266.69509116254,1000.0,0,3,9,15,2,1,0
L04498,86536.9628931536,2381.7343911136804,45175.162311968554,32126.611515452725,32077.76491775595,0,9,4,19,1,0,0
L04824,64718.02068186657,1432.6236816086075,26819.016320403385,48323.00860321732,9429.83495944642,2,9,10,17,0,5,1
L04037,75338.93031496742,1826.4186457544265,34246.38731215175,55915.627887753704,8165.081176241774,1,3,1,16,1,1,0
L00996,59377.994142280906,1937.1754540723127,24414.09116370047,47055.891130137345,15592.083039880861,1,6,18,3,0,3,0
L04594,21568.571904791046,2709.164459459876,22621.792298122877,47504.99810980938,18647.294592957354,1,9,4,5,2,1,0
L01915,28978.84531694522,2655.033857115434,10962.414373976835,43682.776649910404,12644.693340924181,6,11,12,21,1,4,1
L00405,,1118.768016176545,17784.176885597073,44630.12941083425,9606.72701121926,2,11,13,10,0,1,0
L04863,51259.71800601005,2224.6412669381834,18763.50955290839,50782.9512931105,3311.3324980591788,1,11,16,10,0,5,0
L02779,,1617.7832167010922,2000.0,35032.53601216268,26960.423134078912,1,10,10,7,1,3,1
L02793,56740.04355713132,1059.9323036170917,38826.47594013297,29080.751987885305,9130.761834994466,2,9,19,19,1,4,1
L04897,31229.896238629997,1445.2564654119715,29219.21252408372,43399.860394734904,,3,9,13,15,3,3,1
L01418,70371.84557726514,2980.7033204031723,16887.405421304727,36973.38435551262,35414.68395778205,1,2,17,12,0,2,0
L03780,63278.60614418214,1662.8035196894086,23738.235252448485,24123.24265868443,23756.212317030415,0,10,16,7,3,4,1
L02082,77024.1349785823,2794.775302676771,22946.813894707302,38428.41982477698,26220.649049902,2,2,4,18,0,3,0
L00583,77655.6373221257,3114.833207296423,17128.328169708555,41658.23679328196,13159.56554959905,3,5,16,17,0,3,1
L00317,78639.05942589928,591.9670304117983,34227.117928319305,62654.29976909718,16750.214058313322,1,7,16,20,0,2,0
L03927,84206.0959256294,718.9676778412525,2000.1343968970905,14970.558602488214,11406.13868929249,0,10,10,8,0,1,0
L03841,,1234.6647167414876,37208.51232063779,35071.70122314554,14496.464121801788,3,7,11,21,1,0,0
L02352,77340.11899153395,1901.167375248552,18699.931313751138,46047.55249951585,21576.9421996281,2,3,11,15,1,0,0
L03572,91239.67477147892,2129.086104921151,11121.624522863802,65356.790043787594,16290.192905346594,0,5,9,3,0,0,0
L03569,69486.79313556165,2156.6711001833974,15953.19149872589,41993.92697241252,11464.716918965056,2,9,14,4,0,4,0
L01163,37208.55066472808,799.0406906930577,2574.294285625936,16527.18362566809,16527.18362566809,2,6,14,19,1,4,1
L02906,80011.5833504353,1743.1037673357312,4304.897636475278,41974.230599091126,26877.66730011227,0,6,4,3,2,2,0
L02959,87712.40294365888,1873.0517828890797,32275.527136751574,51958.784478100504,15838.452028870495,2,8,12,2,0,4,0
L04075,56081.12572277679,3443.611911523808,44625.68808335318,21114.95909547773,14683.61829873025,0,4,5,21,0,2,0
L03451,55447.0883479199,395.5955290362979,30221.108472828128,30705.64367966065,24480.527986049256,1,4,4,5,1,4,1
L04295,89132.1630972783,3362.4477564319172,22674.70025257223,28685.130421803897,6421.759933667059,1,4,8,23,0,1,0
L03692,81789.37009036809,1961.390923836835,15113.500913632328,26761.0407078473,26761.0407078473,2,7,7,5,1,1,1
L03936,72766.24010846899,1760.9874785255079,18014.07961086241,42514.752330799834,11847.196706088776,0,11,7,9,0,2,0
L00813,93939.55768707466,,20998.272312132434,32049.83861830051,1000.0,0,10,18,8,1,0,0
L00537,47791.73269432095,955.488408161123,32974.849713531636,56829.257378728376,17963.213654276446,0,8,13,9,0,0,0
L04391,75297.67192152745,1704.27287802148,10925.385913723094,73692.82020337398,20350.58417871114,0,8,17,7,0,2,0
L04418,26008.76564491266,2107.3673773195696,33400.13286400786,31648.982315128458,11257.130427996157,4,7,6,16,0,2,1
L02613,,1153.8795538025881,6714.120177363329,50768.970787339975,14534.788392914212,2,5,6,10,0,0,0
L04754,,2069.266436367228,6949.281257461966,57452.42499546072,20543.03903326333,2,11,16,11,1,1,0
L03387,48675.6551091607,3104.103971899528,20172.815381856726,41238.8577531312,11813.940955921102,2,9,15,21,0,1,0
L01502,53976.28567342933,831.871597615292,26203.098174852043,53992.430561382964,30688.892755441986,0,4,19,16,1,0,0
L02788,39077.66671500211,1289.7530457120513,2000.0,44830.30719482821,24411.044843670214,1,7,16,6,2,3,1
L04344,85502.18305163547,2155.9746523009408,24898.300418707116,58973.73842458453,22917.27167067371,0,7,5,3,0,4,0
L04462,101987.24282772762,,26944.975317803215,44379.48793686861,18175.499971257308,1,2,18,21,0,1,0
L02707,,3060.7006476015754,15784.059548293159,44989.19138424962,7897.108857696199,2,3,4,19,0,4,0
L03952,48314.36379930751,831.4058986966684,25479.160781208833,28907.34143058921,20954.604675588285,0,8,10,16,0,1,0
L02356,70225.01062467712,2491.2559857111573,27672.179054338725,16541.06102649019,13952.981449029176,1,4,6,12,1,3,1
L00415,71646.28023959184,1232.4550741372193,22035.826018327833,27941.194836408682,10920.082578218791,0,3,9,22,0,3,0
L03490,33048.01660809136,1221.2107020641602,16030.129689544683,33341.102583476626,25830.50730963885,1,3,17,2,1,5,1
L03960,68728.32339488092,1560.0980204027103,22397.994541160162,25392.007694601154,25392.007694601154,0,3,11,14,0,4,0
L00970,36384.49795763903,1326.2073241497483,26747.421048398908,54999.865075894166,29293.11587207605,1,6,19,16,0,5,0
L04161,65256.5728708737,1366.821594794265,32581.36112567422,27576.914415110543,21816.00139129281,1,9,2,21,2,3,1
L03116,70029.47217881025,1672.2012016067306,15954.861394402049,47338.59663118534,18494.116605913656,4,2,3,8,1,4,1
L03899,73586.81645603469,953.9882637652548,22200.2733980403,40718.331740128226,14453.558919539912,3,6,17,19,0,1,0
L00499,47487.634932304856,200.0,34473.03650664678,56546.24917440051,21749.23467441964,3,4,3,14,1,1,1
L04182,54815.73274801731,1489.2160745828153,37922.25073648775,16884.503963493058,16884.503963493058,1,10,19,6,1,4,1
L03500,57866.53731640257,2651.336561872835,19973.467371778504,38704.22523472752,20938.329453855687,2,2,18,21,0,4,1
L03054,49324.92957751143,1408.675059852627,43669.59267246966,46368.228995795034,19193.83635184918,1,11,15,5,1,5,1
L01922,79958.20512235067,1295.322877642249,25090.54438104288,50155.457047012096,26619.395840707995,2,9,3,18,2,1,1
L01092,64255.55526980317,1874.8187971508878,25298.230608685102,51845.981869480114,12745.282906418977,2,6,10,4,0,2,0
L03351,54612.07256347747,594.2193436928494,12275.493623129949,36380.1791809322,36380.1791809322,0,6,10,16,0,3,0
L04055,44606.09360582287,404.3736891151568,21220.919536686815,45822.520501509134,25053.339438740324,1,9,18,8,1,0,0
L00836,69684.29465073042,1463.97781816467,19648.35121748903,60561.87750708666,19253.946108812455,1,3,7,17,1,4,0
L00186,79280.00988184183,235.96098374537382,51141.09215768361,36113.739113790536,27672.24627453289,1,9,9,6,0,0,0
L02414,46649.94357971473,2120.000004490853,28039.170414833745,24361.252696992608,10532.159362538037,1,9,12,18,1,3,0
L04365,53067.418827765396,2688.7289157875466,9300.769126724528,37578.29300245199,31582.58280778026,0,7,16,3,1,3,0
L02781,82490.34148265046,1491.1097791310867,33408.95977150274,40124.1174151348,39478.909798017616,0,7,5,16,1,4,1
L00631,31150.707405703615,1207.6079149342731,34149.44106854969,57130.818885283705,33700.263763762276,1,2,11,3,0,3,0
L02866,58843.83057722232,985.9321782292994,24913.74456238584,38278.167675481745,13024.8342936388,1,8,3,21,0,2,0
L04759,51691.55403741079,1698.6687781218693,14263.6015506187,59384.40620327061,9513.53853905942,1,6,5,22,0,1,0
L03819,57046.406127707916,2187.67310307142,26419.089221642025,34933.76450947097,18277.978354207396,1,5,15,19,0,0,0
L02470,60813.723608412765,,29675.090818172976,53052.672621201564,15410.948358765068,0,2,5,23,0,2,0
L04981,41040.67141565477,1443.3637489385465,10058.413439086833,54438.87974268703,,3,3,15,8,0,3,1
L03329,43156.72734563821,1845.2085187724451,22553.96911783334,57470.66177859865,39639.992359884345,1,5,9,23,3,4,1
L02003,49151.60158000077,2371.796519911156,18722.04944122537,60396.57839992471,31537.685390885665,1,4,3,20,1,2,0
L00346,69640.99874715273,3139.887738331252,15265.857604401275,51055.34283334471,23570.653744603842,0,11,5,2,1,2,0
L00737,70120.59468627752,2263.4774078054206,37083.10748747551,46495.6956790592,28779.097977530022,3,7,6,11,2,1,1
L04010,77666.53652142477,2718.472693117946,41019.13148662501,42719.06739271083,28966.012948530573,1,11,13,10,0,3,0
L03038,68409.27541993142,677.15309634907,15706.257887935442,48689.47967619455,18358.28381046356,1,6,5,13,2,4,1
L00160,78131.07217267659,895.8570164122532,34120.907193227365,45863.048617029395,18953.53375741797,0,6,13,17,0,5,0
L02055,38082.5815305357,1914.3925078473733,20316.62365762809,49351.25737901738,27040.512299670543,1,9,7,23,1,1,0
L00248,51933.41534852576,552.9704039809267,28314.186062724064,20127.080442246413,20127.080442246413,2,2,11,10,2,3,1
L04447,47434.73494353067,1159.821811680077,21482.868886919543,30937.92569872574,8277.93382144387,0,6,15,20,0,1,0
L00966,93802.34430898946,1900.7211107159671,20297.76208028821,58279.97816183382,,2,5,14,8,2,1,1
L00505,51987.14861756346,1413.1062883556506,22225.003882454395,24004.553869227715,7724.757573616087,0,2,9,17,1,5,0
L03313,106720.94099074227,1993.6565362303738,28460.453434287316,60683.66864502524,10728.570144644567,0,2,9,14,1,3,0
L01381,78558.51742678539,3446.24894167821,26788.47573217735,25927.302231681366,18719.48821270322,0,9,8,17,1,2,0
L04975,35559.258539464165,3012.2544754590417,32550.545489425513,24032.553682405705,16458.787643226497,3,3,18,10,2,2,1
L02268,71393.03651837955,1862.7513968669361,28295.583660658358,42890.19894774209,11383.362966272603,1,10,7,24,0,4,0
L03392,48943.51112098315,1706.2623960204996,23676.8133344924,57631.81018508702,7369.243494740789,2,9,7,21,2,4,1
L01014,51216.243638208645,2675.3436380171806,14233.05947027856,31412.874642826137,25059.343058207516,0,8,9,3,0,4,0
L00841,64010.72580695134,2086.6756088608026,9203.52151650757,40766.144566976174,,1,11,10,2,0,3,0
L04617,87920.5515002683,2612.3138629401788,15778.72519643611,44282.2924403208,19411.301447576792,0,11,13,18,1,2,0
L03764,81465.5983135541,2263.1278544553074,19522.928015655027,24338.710962642388,22433.395652641622,1,7,12,10,0,1,0
L04783,31186.567447870962,912.1998976893806,21575.51470988244,42260.26343277871,20129.439801452325,1,5,4,21,2,1,0
L04516,46743.78161406974,722.5714703076524,26022.623446643775,45917.854077428135,18924.957795419494,2,3,1,10,2,1,1
L04630,73506.4261666022,3432.107108797535,37382.65640912035,44220.34806307555,16144.609025877395,0,5,4,18,1,1,0
L03849,62001.18561841781,1400.4390456918293,23470.108336128636,11008.987861465921,11008.987861465921,3,6,12,2,1,1,1
L03615,,1790.4021242978208,46853.13924533686,34161.83282204854,11597.482353813359,4,5,9,22,1,0,1
L01396,68693.60611729817,2447.4117585935887,15089.45622606104,35176.18473361439,21495.88285570686,2,10,17,12,0,0,0
L03879,34345.988802201384,2253.232789665325,25017.919306528725,50413.165644178385,18353.039525420747,2,4,3,17,1,4,1
L00821,54654.230997992556,1826.9752439208426,12092.630812587158,37942.52633688825,15970.569313904954,2,2,6,9,0,4,0
L03124,57839.41240506028,,21753.02356915008,52016.92875867931,1000.0,0,10,10,19,2,3,0
L01540,20000.0,,35698.68223361911,18353.270662332834,13241.216356476885,1,5,13,11,1,1,0
L01100,71929.76951795985,1225.5481731053885,20013.30866177097,47924.04908372658,41419.82640147936,2,11,18,10,1,1,1
L00855,93410.0849597971,694.7266252291352,13863.354248624473,25840.890350013447,17457.843497119346,1,11,12,4,0,3,0
L03541,71617.02609231156,1543.3729105184007,2000.0,39433.873056870994,24098.087996495946,0,2,7,23,0,2,0
L02638,,1510.6975125019635,30544.37751140556,26505.72013681315,26141.47694037733,2,3,6,21,1,3,1
L04304,79068.55833574617,385.267659489542,7532.428936715349,36800.673799210796,23092.502695524337,1,4,14,7,1,2,0
L00831,38110.98977931446,1610.8409306113126,36358.56464085898,39520.99164923784,26551.00271622531,0,6,2,4,0,0,0
L04757,35054.84709642711,2418.846164965451,27569.478823405032,32567.744783510378,26959.699432813282,1,7,11,15,1,5,1
L02057,55475.58252910682,1583.706642591064,8291.579551709943,51848.6162028084,14997.841364062428,2,6,15,17,1,5,1
L03242,122368.06111333537,1791.7181680738106,14232.260908129396,29543.816307989546,29543.816307989546,2,7,16,19,2,2,1
L00053,51461.55999388083,2073.328185562101,15289.851543375464,25602.245466755576,5522.932319216447,0,6,11,23,1,5,0
L01275,89261.95399958367,1477.369766471249,29082.662196573998,46710.79444710141,17808.92837666373,0,2,1,22,0,3,0
L04764,,2060.2075985836655,17124.55443593407,45776.62048189569,28686.572407355627,2,2,2,23,0,5,1
L03497,81310.02044888525,2228.366997927707,7706.735290259352,53075.576965920656,4942.903376206925,0,2,6,5,1,5,0
L02819,72875.94596432503,1441.0434539044127,10716.486624892223,47530.028335998395,41580.19010857196,2,3,12,11,0,0,0
L00263,20000.0,2017.9371173228878,27910.905313252217,58223.26045274551,27946.783230451238,0,2,10,3,0,0,0
L03221,43997.18520795709,478.2058581172082,32567.304307756778,49591.42063288825,30617.953384536464,2,6,9,12,1,2,1
L03308,72233.22122494034,3329.284853650657,5636.9821490054055,30769.115113676846,30769.115113676846,1,10,1,18,1,1,0
L00979,33321.943530285535,1991.8861966794373,32892.72246931099,14391.610081441711,14391.610081441711,3,2,2,2,1,0,1
L03624,65938.69804120739,2752.3799881547857,29385.660392020614,45823.22487386609,,1,9,7,22,1,4,1
L01873,58839.31431628518,720.0594897109816,26084.8533814647,8762.920349459928,8762.920349459928,1,10,14,23,0,2,0
L04143,72626.1922452957,1999.1151753066051,29639.453637154664,22044.174927603843,22044.174927603843,0,9,16,24,2,5,1
L04998,127258.20402087682,1235.7466208673213,35122.07993601532,45675.30954029092,29677.788616649625,2,10,12,13,2,1,1
L00350,60731.056965763055,1827.2236690773448,19846.117111399235,15317.316323119805,15317.316323119805,0,3,5,15,2,1,0
L01340,68408.32444750976,1763.9016877407587,27157.19619170136,26389.28570855019,26389.28570855019,2,5,5,11,2,0,1
L00189,48064.1256386319,1065.6191163114113,24335.950812615763,43948.98231363095,11404.591786578865,0,10,5,3,0,2,0
L04645,77746.49366046145,1626.5383598222852,22968.660324758755,63522.995357912296,2950.8491927103423,3,11,1,14,2,5,1
L00319,71483.32704976884,1645.0356961560303,33329.26387301035,33423.86667944939,8071.038063632161,4,9,14,19,1,4,1
L00514,46848.72675916804,2007.0158441951373,7879.243936843697,19539.502527410288,19539.502527410288,4,11,4,18,0,3,1
L03735,80863.51376437355,544.488323700253,32214.581040153767,24427.910724828438,,2,3,16,17,0,4,1
L03331,83275.43242771171,1627.8429411518557,13715.967782517488,39580.78343082561,39580.78343082561,0,2,3,17,1,0,0
L04624,80435.92354471322,2513.50210765622,13912.058815835688,52876.882639585456,23814.41525319038,0,5,14,17,1,2,0
L02186,95668.6740259265,,41222.24560269453,27208.482061451043,27208.482061451043,2,9,10,13,0,2,1
L04590,43403.15104437026,2438.801070325776,23650.252624387118,36784.166020348326,17076.828542309122,1,5,17,17,1,1,0
L03131,63215.31691557102,1581.5946015819325,21763.82020581544,34194.20460649409,34194.20460649409,0,5,11,23,0,2,0
L00008,80348.69458305818,,14183.279276531124,33060.328871780526,33060.328871780526,1,5,12,24,1,3,1
L03483,57773.78876065419,3330.1505074854367,36401.10120069174,38523.320287348775,31954.0649892294,1,5,5,18,3,1,1
L03271,60686.64724904735,618.6742211855574,17264.766184458025,36927.09048592923,16437.87549872373,1,2,12,8,0,0,0
L02548,53704.51991658116,1015.3695932691527,23676.915348595612,42097.3790698908,23296.2553117474,2,7,13,16,0,4,1
L01346,35302.04063100193,1860.538832490709,17433.008553064872,51381.342889840584,,3,7,17,21,1,0,0
L01406,49864.09822861078,2869.5752588447685,27711.026285913682,40957.31837550458,21866.148260735692,1,3,6,11,0,3,0
L02696,93627.33563662367,,33086.744199557244,29237.520968733676,29237.520968733676,2,5,6,9,0,1,0
L02987,62545.82132808552,1976.5046434457306,13716.9746042311,56579.70852239932,26055.129202358396,1,11,8,24,0,1,0
L02011,32848.80271262051,2033.1031878527567,15884.841979616453,33673.34703418554,11991.59083837211,1,2,19,21,0,5,0
L02134,76836.28267482755,1879.4510519610797,25690.52048589968,35390.65241987923,6992.881994080171,0,7,9,19,1,3,0
L01112,69348.65746359446,787.793272731828,31661.253255303112,51954.03888487894,8396.265489320002,1,8,3,22,0,2,0
L01336,58258.28057763921,1867.2755106001573,12255.474523897039,5000.0,5000.0,1,4,16,10,0,4,1
L03570,83080.35109522629,422.19445283398477,2000.0,47222.429808506866,35239.458091632834,2,2,2,9,2,3,1
L03738,61812.75535708187,1608.581482278519,33169.794276401284,5000.0,5000.0,1,9,18,2,2,0,1
L00470,53483.635187106396,1899.8016797311475,31492.964983753158,26804.89279878045,18588.63178483634,1,11,10,21,1,3,1
L04751,87078.67093403815,1412.2971483199349,33629.025725441395,51962.65460317186,29700.859861773148,2,4,19,2,1,1,0
L04241,28162.04454084285,2425.5540283615346,17350.769856352796,52924.73293484729,7775.207746824422,0,8,19,17,0,0,0
L02375,87347.97631804922,2176.386396903285,13553.2273670675,9755.585343652521,9755.585343652521,2,5,13,16,0,4,1
L01102,20000.0,1984.4886790129715,12086.656077657497,50603.444363777686,,1,9,6,23,1,5,1
L04348,33356.46473307746,2399.813302791348,3744.8789101529037,24107.22122958735,21928.900118850812,1,7,14,12,0,5,1
L02458,69788.09001070754,2407.6000300128976,18918.523705468626,10439.18077231645,10439.18077231645,0,9,18,3,1,3,0
L00391,47031.70657303284,,2000.0,30482.18014849088,19158.704168507636,2,4,17,16,0,3,0
L03914,,2025.6289683697764,2490.995332106191,23468.620666111616,23468.620666111616,1,5,17,11,2,4,1
L01655,71769.67686923382,1363.9302160035277,2000.0,66694.92830631533,2314.1433008651875,4,8,6,20,1,2,1
L00472,20000.0,,22927.43065779552,24997.91618140065,16788.30600956318,1,9,14,17,1,1,0
L04299,45306.90430305475,1903.9985806412762,38860.06949770444,48620.39490561399,24419.443838083782,2,10,9,16,1,1,0
L00031,52965.867755412066,811.09136317563,30234.231845623115,25604.01497750599,15797.60925135023,1,3,9,19,3,1,1
L00428,78721.02919996879,1783.9209985842788,16980.080398187954,39760.75409534845,18371.659604488952,0,11,12,2,0,4,0
L00964,79180.07515177024,699.5912883450058,24916.58933189046,42280.23666756669,27386.080660934153,0,3,18,19,2,1,0
L01350,60504.69196214633,1223.223913224083,24520.33979934877,49624.37848661812,7050.260259039136,3,8,18,23,1,0,0
L01763,66508.67277803186,2037.7817772680692,4623.138017546567,36298.940791697874,5749.674930963269,0,5,12,16,3,5,1
L04744,73295.45781577582,1950.3534211462052,28320.232236170214,40480.38015052326,24584.725691988813,0,6,14,20,1,0,0
L02745,20000.0,2108.568672425162,25066.969420298377,58795.95590393369,14622.234441954522,0,4,16,20,1,4,0
L01881,84297.03266194915,1949.5921677797314,22833.453509750918,25519.05761227449,19792.128161090986,3,6,11,14,2,0,1
L02521,,2588.3197691600394,22031.979906152883,41805.248730657564,10962.512820893444,0,7,3,20,0,4,0
L03241,65249.98643814501,1970.259518935975,4697.778738545145,42922.58228478395,,0,9,5,15,0,5,0
L03827,41476.533268904386,934.8692954085702,33531.69698454845,53395.83890066555,31019.178306413825,0,6,19,4,0,1,0
L02424,64130.461003722754,2623.344348902374,30643.914974066647,42854.65188095585,19348.23233077748,0,7,7,23,1,4,0
L03678,61995.1402240348,2156.542325665539,22853.39775794894,29147.423364069888,22343.13988611554,4,11,7,18,0,0,1
L04720,67235.98316406776,1309.4304860192028,27285.392018314014,45318.854179070244,44516.253718363034,1,3,18,23,3,3,1
L00765,87985.46652571352,,37564.16035571767,62643.202939189476,26891.895986981486,1,11,14,22,0,1,0
L02867,48228.28403105538,2488.1461107161253,25270.752180533076,17457.974330423953,17457.974330423953,0,9,11,11,0,1,0
L03128,91366.04649705338,1042.8073632092573,17055.020261850226,25847.952633877656,7071.9071007183775,1,11,10,13,0,4,0
L03459,65376.38099481197,1108.4586357314242,29504.698619350947,41031.42626267174,20671.876754939993,1,8,16,14,0,4,0
L03792,56751.723635670394,1460.879142133923,26407.567544387643,62879.54938111887,20655.537251502785,1,9,8,11,3,3,1
L03795,65157.60369389456,873.1173890724118,13987.796401871168,54512.84492363763,15975.163171761196,1,8,12,14,2,2,0
L02870,89579.61004978124,2380.0648355580065,10694.795439670388,43102.24542687106,19433.384575867614,1,11,5,15,0,4,0
L02803,71996.00049135815,1163.2237009196015,19721.15711618094,34775.37407433991,,1,2,17,17,0,0,0
L04950,73690.0529218261,,20416.803874046214,43419.20893093914,24775.27911111184,1,5,8,24,1,5,1
L01190,45633.11090272729,2822.8601343514993,4737.860380421105,51033.50347453858,14998.309026260962,2,10,6,6,0,2,0
L02345,21933.14160257511,1438.9577085250683,12795.112122604218,35398.40973004555,8062.81217731273,0,2,18,5,2,0,0
L03228,89992.37810593334,3548.5844933780595,8882.633077548755,53431.903355122486,27894.987596500425,2,5,18,12,2,1,1
L04337,31778.33168865655,2913.1663735647535,20524.61811899848,19815.5812250778,19815.5812250778,0,9,1,9,0,1,0
L02052,47657.395685781994,2119.1937260013565,33104.998656473836,21941.715484405227,21941.715484405227,0,2,10,10,0,3,0
L02553,102419.30350743564,579.5426335511329,27237.277654138536,32610.17720179895,27873.75138223993,2,3,12,10,0,4,1
L03017,34613.07849046315,1213.659169513172,4579.460582281696,29927.340920483854,20200.03219827464,1,8,12,6,2,3,1
L04159,52003.46229005127,2918.2754456251987,34455.56814683626,16790.821731296215,14417.17606989736,2,11,8,2,0,0,0
L00916,70580.43051540678,1085.187925984576,21820.72031750201,47674.076355535304,10108.57919919379,0,4,9,19,1,3,0
L03942,89604.44351301575,,13011.261891226704,33498.52543539783,30421.398926351772,1,4,10,19,1,4,1
L00778,60049.6272889699,1515.2207324913338,18925.39099984858,38071.73448422305,1000.0,2,2,9,15,0,4,0
L01373,37561.977141372874,2695.1156783445354,24378.751563488673,44339.56953810642,23368.92364695448,1,10,8,19,1,5,1
L02048,64813.99357722771,1725.700398885558,25288.91536727041,30953.198676608197,29872.372384192568,1,11,19,2,1,1,0
L03645,48779.98272742311,2001.7558833874293,34849.16784875083,33533.500157114606,19578.238935033594,2,4,5,14,1,2,1
L01817,21963.6919734139,228.3711695176603,30898.569517854947,30948.432482670887,15753.566710840892,0,5,4,8,0,5,0
L01034,77943.91879405481,1087.4009091581893,31905.668274427895,58835.16288611651,7358.12404008295,1,11,5,24,2,4,1
L02661,41488.10788750296,2897.8170532863933,17999.42566117474,34348.36795393217,21007.032140339776,3,10,1,10,1,4,1
L00940,53718.42738526543,3585.199128822199,28598.49612104565,21693.78683783373,21693.78683783373,0,9,11,13,2,2,1
L02949,61262.0768367603,2580.6586698308506,41833.73599422574,29544.527959527077,4264.567766097682,1,10,17,21,0,3,0
L02405,98469.04180597074,1182.2460897564965,2000.0,35458.38182311693,35124.557258472145,1,4,15,14,0,5,1
L04019,,1644.406812108179,17836.84742655972,28811.82240345716,22067.08916010856,3,6,14,14,0,1,1
L02365,52414.73212614423,2630.4100218527697,29499.383929448384,51721.43379198293,13200.640552415847,2,5,3,12,1,1,0
L03493,74923.98374726632,1709.4732044351329,19760.60575686726,40503.27395227364,24619.980237030926,2,6,14,14,0,2,0
L01780,51151.58040252288,1668.6804698225808,13577.042832299314,38878.280550230375,26882.409508253397,0,11,1,4,1,2,0
L02073,66773.15181922875,702.3366501843088,24940.16399306631,53608.5199008643,34344.25316444802,1,9,2,3,0,0,0
L04767,41338.876305312224,2546.453284576788,23667.93664530993,50483.55687252648,20320.743275571873,4,3,14,6,1,2,1
L03905,97295.57581419703,1460.9331694348134,7127.102067925713,28508.793157796055,28508.793157796055,3,10,19,8,2,3,1
L00541,81713.84224130283,3151.351146921343,8061.823521257946,28567.6230546067,24408.810113944754,0,4,15,18,1,1,0
L00796,86063.05706665808,1715.0447279681975,19218.80135633666,36735.17318292825,12319.296445356318,0,5,8,8,0,0,0
L01497,106230.07153272795,2597.812454127098,17245.15258810557,48658.08478791926,32776.19013231722,2,7,17,11,1,4,1
L00592,55446.851064697665,1596.8386348822119,18290.68896392332,36661.5239384288,4178.248885567928,2,7,1,14,0,3,0
L01975,64625.82487108205,2879.343239110964,15366.61676487698,20324.193506339652,20324.193506339652,4,5,18,16,3,2,1
L03252,70963.16931981052,955.1107446503307,22968.978760343147,27310.995398455474,24378.721449493554,1,8,8,18,0,4,0
L00969,,2070.3644433160202,28102.350056939962,32286.858334554607,28977.215684594248,2,7,19,11,0,0,0
L02641,101186.1269946622,200.0,7498.368329632982,55596.43434407173,12008.637991435353,1,6,9,7,2,3,1
L00071,,856.8612069613398,17590.978113891444,16087.355120985947,16087.355120985947,1,6,18,11,2,4,1
L01421,,890.37369348201,23842.172295300934,40521.53872141685,22497.071612225387,0,5,18,21,2,3,0
L00760,79006.19758817983,2482.5612360412433,12967.068892208908,53400.20893912219,20883.090132843572,1,8,18,16,0,0,0
L01651,76592.6634642715,2005.8027368892012,36911.6640428018,56920.03939302261,12190.247071557129,0,11,13,13,0,2,0
L03536,96888.84783498393,2367.94619851779,31038.914006360013,45993.76829811639,11907.2408061276,0,4,19,19,1,2,0
L00009,55610.51228130096,1212.6133424231698,13523.727875031158,21054.469696344007,17684.505060547046,1,11,18,9,3,1,1
L03787,,2303.4885067431137,2000.0,47624.00982195023,10266.425805659033,1,6,1,19,1,4,0
L01309,86717.91131663157,1745.2428058668675,17091.9353350358,80927.49617944911,19724.440634844334,2,10,6,19,2,3,1
L03718,111158.32501232221,1917.1804893226545,30209.085211691072,21946.496556567512,5752.540906538197,1,7,15,10,1,1,0
L04257,48278.7569579995,1131.3037955053553,30410.815386064158,38256.74105122919,19844.618412634794,0,7,1,5,0,5,0
L03962,102808.81370311565,1688.366365657677,25601.309512775628,18928.521674994987,18928.521674994987,3,6,16,17,1,2,1
L00477,76531.13926111533,1653.3594323790421,12060.790708246066,40249.3147204362,26337.15900725195,2,3,11,22,1,2,1
L00177,65260.03783755814,758.7296137573351,21220.77264321484,41888.857307281825,18808.40730048766,2,2,3,14,1,2,1
L02600,55161.9510498759,2003.7849099041675,26423.36259976197,51243.73857060445,10869.508160032683,0,3,5,8,1,5,0
L00136,95998.68810035079,1840.1821593325444,17244.65553264645,66706.7912693861,18173.00228078113,5,4,5,20,1,0,1
L04070,86079.71542365753,2379.8634987886653,12833.613066364529,54292.28165835182,31716.821972228114,1,6,15,14,0,2,0
L00629,66114.4982457739,1151.2848510398003,31308.873827918374,11048.696960148514,11048.696960148514,1,8,10,23,1,2,1
L04929,39188.77156107563,2350.6077686179306,5400.9443749481725,47642.42292483293,19467.37440006313,1,3,17,7,1,3,0
L01575,74328.59964867053,1927.0048407500342,16088.531700743895,17676.12680765451,17676.12680765451,1,10,6,16,0,3,0
L04152,87555.60501267797,1985.755603713862,19526.070600525643,26437.9173534778,26437.9173534778,2,4,1,12,1,5,1
L04049,62913.144140262164,1645.3272402563018,14171.334897025086,65840.64566081093,11867.406792614916,2,7,15,16,1,0,0
L00393,38595.335859587154,1882.2868623458673,32896.295229091615,52657.43161728437,11802.686435611404,1,5,9,2,1,0,0
L04285,49418.14521246599,1958.140453563396,18220.102540147822,35085.88710861832,5482.790419864476,0,5,10,12,0,2,0
L02840,61819.095791998974,1510.6209311252908,25582.998149327683,37310.07958190453,12603.709515314122,2,4,2,3,1,3,1
L04671,78046.1230322046,1949.6856801000736,26180.914275066018,17768.224443489806,11795.515332279165,1,11,17,3,1,4,1
L01788,49956.87188818834,894.2806874271946,33116.31474141052,58263.22032926073,14072.56270588052,0,11,9,10,1,4,0
L04002,64375.93022121832,2658.730161928356,19891.6528134542,33092.14868258029,12862.005338613017,1,5,18,11,1,1,0
L02799,57807.40655095075,,2000.0,39331.019920071645,26453.846717568813,1,8,11,22,0,2,0
L04193,90681.91587896235,2294.4547951440336,18774.778808929434,33043.04095525181,8046.474413003656,3,4,16,10,1,4,1
L03796,58487.77895702993,347.48081929694604,26562.033191517432,35460.08434486675,24450.972578421453,1,9,12,24,1,0,0
L02183,61392.16636475184,2383.8183496273564,20954.486114314735,47815.05844907355,15852.721186536732,1,4,14,14,0,2,0
L00103,58145.70966946461,1998.6601140127057,2000.0,53760.499742167725,,2,7,17,13,1,5,1
L01958,127754.97067319987,3244.8712942695693,25966.279392214572,47347.1688219102,7448.018850841694,0,3,5,12,0,1,0
L01850,73543.8872374337,1005.1255968548415,19865.673029120757,51024.47223627978,17449.78261218798,2,7,9,23,2,1,1
L04551,92863.62515869812,2088.604603731068,13820.627095735177,51759.59714488922,31050.89086835444,2,9,12,22,1,3,1
L00020,36753.92597329417,2118.51781209803,39945.24848392212,36842.6795419445,36842.6795419445,1,4,10,4,3,4,1
L04616,58807.005720238776,2125.4781081118263,36767.43670788291,59574.1030601205,6975.4391600795025,2,4,16,3,0,4,0
L00165,84267.52258488644,2435.6803063561692,2000.0,48258.35399239348,16596.04843284136,1,5,19,18,1,3,0
L00571,,1797.771111466479,3518.898876114632,5508.16714495152,5508.16714495152,1,7,15,17,2,3,1
L00752,37966.30788767333,,32995.844643276694,42186.37958991486,3514.3240038712283,1,11,13,17,1,2,0
L01313,92804.15098034627,808.3295899799774,13510.953436295355,10044.288450730375,10044.288450730375,0,6,16,15,2,1,0
L03049,73509.7986648046,765.5021996760236,21542.892453541725,37510.57402790613,21162.327172925678,0,8,1,3,0,4,0
L01198,76049.79908834296,1418.7569588531803,39772.94768030454,31954.809595652172,22404.627448017032,2,4,17,9,0,4,1
L02466,82745.81674533484,1111.5476769488905,19113.4183932077,22292.52269503542,,3,11,16,14,0,2,1
L03291,93370.62690296074,1729.3013699788833,39075.4888932176,47811.6466710101,38196.36571611569,0,10,9,17,2,2,0
L01992,80085.82659627148,2569.8761354132557,7488.960135332614,59078.77455133549,23922.725266505484,1,10,8,12,0,3,0
L03244,86174.57059767758,2870.873710636485,2000.0,28935.606020937183,23361.229029455724,2,5,9,15,1,1,1
L01961,63902.119987674276,2693.345020054018,22178.322545297575,16119.873143220248,16119.873143220248,0,6,2,19,0,4,0
L00367,69481.84963620834,,11843.367691201742,67193.60830988124,16830.92951394298,2,5,15,19,4,1,1
L01643,63407.172175085696,1117.2036159509266,37095.23992698854,43409.70693238477,22238.466897796567,1,2,9,20,0,4,0
L00897,,543.0781191056935,6894.539496305037,73609.18180261424,5181.54498918705,0,3,5,4,0,4,0
L04310,55708.378437687636,2625.9115185011174,22126.544641486544,21213.83223271683,6813.440907821321,1,3,16,17,1,3,0
L03598,85142.66672946319,2638.493407415324,29333.48007178181,31004.172311029284,18229.705440851827,2,3,11,19,0,2,0
L00348,36850.72451246889,200.0,35984.83993069321,53861.471932611836,11137.615666365373,1,6,11,15,0,2,0
L01362,76585.82999202177,2699.8213759886503,16105.76588513109,31374.12705718945,14533.121782627832,0,3,14,5,1,4,0
L01815,59629.387041883354,660.8335102419146,28455.980789595455,30248.59367037017,24454.791746875264,1,4,16,7,1,2,0
L01169,76895.08683330572,1670.436146446938,20920.163139873897,65332.332884540156,31803.17839177625,1,8,16,16,0,1,0
L04678,87116.66132589425,3071.5530268493585,14011.484559827037,48838.424273299555,20515.52217432763,2,5,12,3,1,2,0
L04401,74746.1047408999,2372.1892671129863,21457.45397135852,50913.2106068593,11462.136199719593,0,3,3,11,0,2,0
L03703,46673.58161853161,645.4393649713647,12712.636844672154,22946.932275483767,18566.204951600248,1,10,8,20,1,0,0
L00188,63543.42174686254,1971.0470351528506,11168.1155333395,50429.39089996579,27876.293589549547,0,8,13,3,1,4,0
L04513,53217.75734437746,2583.4077954295703,12562.945685699238,30478.067768436373,22854.86943199166,0,8,13,6,2,4,1
L03118,49884.169996832745,2071.180714934609,21386.339599000872,46650.63973153563,19761.96291904267,0,6,6,4,1,0,0
L04030,81042.56917236239,1256.4440120658005,36852.16584147117,45169.13980891165,24946.71519448025,0,8,17,18,0,5,0
L04198,33687.03936788808,2931.288312485425,17586.22496705371,75955.3587730178,11668.622198104393,2,4,8,17,1,3,0
L00173,63457.96581171791,1468.2984795425095,28400.266183843294,22990.80496048294,18675.552803004277,2,7,3,6,0,1,0
L01508,84106.10417141022,2193.1302050844215,18483.39816165785,40312.06035658816,26010.82738107764,2,11,3,14,0,4,1
L02782,52004.69546303466,2612.1767134514444,8361.320663706585,28416.47467987687,20698.597969817616,1,6,9,3,0,5,1
L00490,82632.79513898901,1492.4344968183268,14262.194211093421,41675.41195160012,22025.208827339367,2,8,15,23,2,3,1
L04276,62974.38562596934,306.63953055684647,27114.152550218798,8594.538248048495,8594.538248048495,3,2,3,13,2,0,1
L02171,84746.69033178204,1413.0730900499452,47245.092766074944,27503.0029947948,7681.314458433897,1,6,18,2,2,0,0
L03434,63041.69507114192,2392.8135610691593,26060.85109874429,27393.478559954397,4413.001946060916,3,9,3,23,0,1,0
L03668,76808.44122502927,1250.6140835461188,37463.98687189829,50410.301305911125,12393.18260114098,2,11,15,21,0,5,1
L01974,,2731.24812206875,13878.305282736701,25052.073750721604,23018.124860758686,2,8,11,10,0,5,1
L03814,66953.40753496671,2348.4954993747865,19328.084343447117,33819.21595322617,,3,6,1,23,0,4,1
L03629,34143.969695807085,2317.5236186052525,26423.021561353406,29014.2588160738,12650.898493670706,0,9,7,3,1,1,0
L01610,59952.92995747425,1962.6875679990142,14511.88328976423,18771.491037002914,18771.491037002914,0,8,15,21,2,5,1
L03845,97175.61711468747,2148.169222631682,39820.24112701473,48496.98226164302,14321.36852748585,1,10,17,12,0,0,0
L00442,64346.10503811814,1293.4148826280184,16583.792366908125,34193.73633287591,34193.73633287591,1,10,4,5,2,4,1
L00238,68729.08629538855,2762.061204180182,20151.232437547344,42410.568269176925,39801.543515313926,0,10,4,11,2,3,1
L04550,60378.61045084639,200.0,17165.16091596184,44443.77897834947,21935.948232809278,1,7,7,8,1,1,0
L04001,47730.12790070132,2412.3217248106794,19757.590444518137,43976.606417683644,13286.26480540115,1,8,7,2,0,1,0
L01990,73638.45089347882,1753.639566589826,39123.04687437599,20488.973944189966,20488.973944189966,0,7,19,16,0,0,0
L00750,36866.778063035556,1018.8799610689621,20399.613264206557,31611.613030671837,30761.78733604915,1,5,7,20,3,0,1
L01656,59091.97179721941,3253.4045036600837,15099.874001854148,48339.81150535208,9742.064150742588,1,3,18,5,0,4,0
L04091,43027.591496443754,2357.7904371122504,21843.12033243062,18436.813278333877,1000.0,0,8,18,7,1,5,0
L03259,88734.69240354662,1541.4658674380123,26795.105629413032,54156.53177198983,12229.89769795096,2,10,18,24,1,3,1
L00273,88263.27504309919,840.2197879278292,41687.57309433959,41562.0008203201,28253.075172403136,0,10,15,3,0,4,0
L00650,,2550.912018143156,6725.3864388129605,43536.8059629705,19388.042588920962,1,5,16,11,0,0,0
L00102,56587.09354469282,2201.3480361350307,24007.385407583894,18695.47329893958,12096.686183015323,2,4,13,20,1,0,0
L00172,48683.79430069123,781.1315611227207,31099.625408605585,66559.6280869401,37662.42409671854,0,11,3,10,0,4,0
L02586,52486.45425007575,1141.7152787852542,22599.628576957068,69942.28479632389,30642.758718444707,1,2,16,8,0,1,0
L03617,,602.2140844126614,25619.078363609882,55155.56275285498,28566.918703252377,1,8,2,7,4,5,1
L00475,97899.35427002568,1664.1181138578154,25629.957034326875,26814.755965743232,26814.755965743232,0,2,7,22,1,0,0
L02838,97519.17830724127,1737.7428510908214,16006.972113762746,44183.84645751165,36361.813010570986,0,6,10,21,0,4,0
L04104,82723.82377169591,2902.51414439809,17765.634168207223,56532.929781568004,25805.590584064954,0,4,2,4,4,4,1
L00554,70088.41686602426,2310.941711904241,7378.895448045852,35657.648793495704,21802.847729902365,0,7,18,5,0,4,0
L01783,34905.592519379956,1846.2912379414051,3639.947166431688,60986.46218895122,10491.546655409304,1,6,2,11,1,0,0
L04060,60259.760599747446,2721.3324664379807,11952.951392932042,31221.896546445983,22892.219409166195,0,4,13,9,2,0,0
L03187,41064.22707147377,2245.9268454809485,13613.763264004692,52332.346489857446,32457.25077602997,2,2,2,17,0,3,0
L02691,44666.337428470055,2127.7482749972396,17949.889285493024,55707.64982504495,22658.496485082844,1,4,16,17,0,5,0
L03729,41006.049432693835,2130.517980762098,24820.00542554511,52049.74064106744,16311.189570339506,2,8,11,8,1,3,1
L03042,68139.45921936868,1653.4038054325745,17144.098879549907,5723.732579959746,5723.732579959746,0,6,6,19,3,2,1
L03563,21201.565900428934,2542.4125273213494,3141.353821357905,12611.483588310915,12611.483588310915,0,6,5,14,1,4,1
L04035,48812.38357834492,1776.5186383074445,16781.694585118516,48932.42951082961,20850.70085387394,0,10,15,6,1,0,0
L01513,50663.5535879439,,15316.418360091113,38817.61180789818,16702.568411301323,1,6,3,10,0,0,0
L04687,49077.263936270094,293.61324266261863,17338.918004558203,38033.19305125492,26064.926261587396,0,7,7,8,0,2,0
L04803,37091.02990489856,3644.5094698937514,2000.0,49432.20742499143,15327.193798317803,1,8,9,19,0,3,0
L02425,34377.84994888556,364.68519104111965,18793.755236931884,51468.9939645337,9335.665249348234,1,11,14,21,1,2,0
L03965,52835.46985110482,2333.652378182683,23787.15124335953,51194.747838386895,,0,2,3,18,1,0,0
L01225,61294.246822445835,2216.604896286969,30603.325594167203,50023.72185912029,10669.720291587355,2,4,13,10,1,3,1
L02435,69506.15844081884,1439.2047863765524,14231.379013786078,25458.5133506752,18216.616125052813,2,10,2,12,0,1,0
L02858,60389.50749639498,1091.2234128817786,24230.203029621633,48164.84057148604,20524.78057170451,1,5,2,16,2,3,1
L00507,53152.121515222614,959.0239761739978,18083.293904959675,44162.870267144426,32572.349606742777,2,7,16,5,0,4,1
L04530,53980.36392923501,1678.4391012224114,15762.839650836073,48897.564864970445,38289.096324371785,1,8,10,23,0,3,0
L04452,55048.55003381572,2132.642180576356,23499.95089907739,46163.814908226566,14092.194226257729,2,10,15,9,0,1,0
L04199,20000.0,200.0,23007.628229015987,47230.59695829474,4222.467721998024,1,7,7,3,2,5,1
L04601,60680.78959299535,200.0,35303.43507489719,36032.79476847066,16545.93048167466,1,7,9,17,0,3,0
L03404,63023.09597521388,,14281.096248140453,39497.87784509641,24313.32186353047,0,5,11,23,0,4,0
L01367,64453.909209801364,1602.9317750561215,17467.40474052958,55249.648109738235,,0,6,10,15,1,5,0
L01696,103778.5799811657,936.3737182671688,11863.941576455312,55830.4832012606,1000.0,0,11,8,22,2,1,0
L04619,64667.79315348182,2621.648341498414,34985.41329769084,35963.33796204549,14627.109891076107,1,9,11,17,1,3,0
L01368,46334.64081853608,200.0,39184.39615602714,26938.50435338892,17299.88012548798,1,8,12,17,0,2,0
L03005,76131.06249067516,2822.2853240244112,20518.21466501771,51243.325561676924,28420.688603779014,1,2,1,9,0,4,0
L02166,44698.116163442624,1707.2023421427732,28623.061423683022,37253.63823083074,29889.22917142073,1,6,14,16,1,0,0
L02585,86929.38467621767,2330.0288267188903,15007.559357709248,34162.973560351544,16004.469440032499,1,9,12,7,0,0,0
L00272,36282.75697641121,3870.327178824548,18095.908135783666,40521.31717437772,17108.79572833173,0,9,1,8,1,5,0
L04521,55245.89254102511,2623.6834891357544,27040.938319439418,40961.53847425338,6727.897255934959,3,2,3,23,1,3,1
L02234,82851.94676598618,2381.435237121443,21275.22280405965,28238.32698915642,12823.644080283375,0,7,16,21,0,0,0
L01870,56783.7142409083,742.1220522533636,26522.74377648579,31659.21163780895,20816.427344211592,3,11,13,21,2,0,1
L00320,62397.13891264631,2232.230355228556,42604.226984446985,39212.75976533929,34769.12296310269,1,6,1,20,0,3,0
L00288,,2890.7012108306717,22092.269929954688,66876.73410420038,1000.0,3,4,17,12,0,4,1
L04885,77649.08433284602,,27996.436407250352,35578.53888661701,15915.623987273404,2,9,11,16,1,2,1
L02818,72374.66294635039,1082.9059617398552,27475.398201690536,24578.98281303834,13895.417342722241,2,5,7,18,3,4,1
L02776,59302.49013260658,2281.9787490258905,25188.270435795304,52954.082603294315,29329.016611095903,3,10,7,15,1,0,1
L00828,54542.799456934634,1827.5002472211681,24808.911266011713,36073.18489563856,16698.319374931692,1,3,11,11,1,0,0
L04510,63609.35427515461,2463.3192280476337,10315.09107900733,33866.266976200204,21822.584435820423,2,11,12,21,1,5,1
L02997,70155.05080285501,2061.5956106160784,21218.909898872105,28250.368649124048,23556.698728386236,3,10,3,4,3,0,1
L00369,66953.52197097664,1408.891104765047,8305.36225343942,36452.00121855814,9855.22508983697,1,5,19,5,1,4,0
L03933,82750.07934828119,1817.8804439730925,14468.110872115336,29197.55644480271,24409.188278083595,1,9,6,13,1,1,0
L01472,52804.341913612356,1548.247336969526,20754.51520313576,46040.77283904733,,5,9,16,14,1,4,1
L01591,43557.21976028786,1627.3702989374242,27644.98204047497,18956.063913803337,18956.063913803337,0,7,7,17,1,4,1
L03146,74400.88374736405,1779.8490531764164,26307.39933981851,42170.291957875546,4527.584025467817,1,4,2,19,0,3,0
L04052,68625.023252041,897.0923884966343,13552.625912088239,37789.35662203273,18660.21525991202,0,4,17,21,1,5,0
L03833,85721.75302092513,1410.6589416947227,22233.85125156181,36243.88009647989,18575.11148273442,1,7,14,23,0,0,0
L00072,95760.73132931939,1624.264438119232,10835.491448159524,47848.28516765405,26803.02892060476,3,3,18,5,1,5,1
L01168,76278.18240104719,1676.8018678417347,31632.265338939393,28876.431116597385,28876.431116597385,0,5,7,4,0,4,0
L02978,48073.68045068528,2378.430351663891,10508.203977832198,22185.983239339796,18692.142814975592,1,3,19,17,0,2,0
L03606,49182.01236664894,2710.2214245349296,29956.870201223865,36563.648449252694,29720.52012923891,1,9,6,2,0,0,0
L03338,62020.61380465406,717.7072888287689,15997.957754143717,67457.02712498161,22138.622328289497,1,4,4,17,1,0,0
L00156,50712.97163947264,1791.3062903720222,32556.942488831497,40324.39945890347,31135.21353458339,4,4,3,17,1,1,1
L03683,68573.89433620952,450.17673628706507,15037.064209476051,34483.9662508605,5114.553609680486,2,7,1,17,0,3,0
L03913,85189.43577191938,1621.5794549868783,38238.43744269257,36324.02369435109,16042.83889124857,0,5,5,4,0,1,0
L01044,64229.83060998585,1515.126361104756,32750.212145109097,36057.747362108275,16336.271527335359,2,9,18,8,2,4,1
L00748,49892.34135293355,1961.8243260969753,12586.185138607349,54069.8440043701,10307.200202612028,2,10,1,17,1,2,0
L01334,94814.52273699903,1569.139906276719,33003.928922787294,45160.00159457554,1000.0,2,3,10,12,1,2,0
L03207,49546.81109458352,2289.815848084314,52965.88896142549,41046.71053322828,34023.62653450225,1,6,6,4,2,0,0
L00212,87711.31280361197,937.1898069083222,26025.162097353215,32935.15284603995,20317.69712697635,0,10,3,3,1,2,0
L03133,30375.973931101493,2024.9536143282203,26379.522629797553,82330.00374757597,1000.0,2,7,19,12,0,1,0
L01711,87141.61338573946,2658.033439658207,42019.22459248361,23934.70656202768,23934.70656202768,1,9,15,5,0,4,1
L01912,109626.00292385265,2871.461271584,8852.51139689577,27324.422324255866,18273.967523831776,2,4,11,7,0,0,0
L04778,89049.02495966144,1932.6872214389382,11673.573018779422,45063.6060015852,24822.293600551624,0,6,19,12,0,2,0
L00361,75386.93028482345,1762.9910261869259,22873.574252602637,15804.747796345462,9180.541208210354,2,4,12,13,0,5,1
L04342,68837.95471746073,1862.0683115891127,33847.43898706681,20310.875992709647,20310.875992709647,3,10,11,14,0,2,1
L04409,75818.1703712198,1488.4771507796986,13460.710854286426,49885.38928031644,19942.56404484083,0,5,18,4,1,1,0
L00098,,902.5991177152896,25050.85404706753,51312.81941548605,38384.368995283294,1,10,5,23,1,1,0
L00277,68981.1939114694,623.6083590149995,23183.500656551772,20307.39590360911,20307.39590360911,0,11,2,9,3,4,1
L00457,62859.39280090884,1297.076555940344,16680.684917079077,39330.58565400337,14987.709925565461,1,5,3,20,2,2,0
L01979,49542.446643527815,3048.204423624745,25566.67607249847,33140.30640164944,16808.355167818314,3,9,7,20,0,0,0
L03481,58956.38826034757,,43103.426520963774,44294.173346228265,19306.662918506983,1,8,11,9,0,5,0
L03475,50659.677017441274,2182.512460444647,6947.208238385594,51909.18705448258,14712.783671631845,0,4,12,9,0,1,0
L03561,69655.73485880328,1479.0326347642579,22509.136955354727,31083.79452133041,7012.803650106254,1,5,12,6,2,4,1
L02485,54008.8572818284,1529.7479246468774,11377.596826567158,58291.46624432159,21115.142242538812,1,3,8,24,1,3,0
L01766,48135.068093676164,2130.8930060573443,29254.18827157766,42895.33199076914,30128.905740373724,0,5,14,21,2,3,1
L03140,59647.17818202413,,20555.121585555706,64005.959483339415,15903.061100473045,0,9,17,11,0,4,0
L02898,99493.93299522216,1703.5302492212245,20138.51781034351,54917.77174042715,11230.654181254737,1,11,19,7,0,2,0
L03474,43787.89867206798,1324.3970432407941,32048.29149483237,27530.178863115758,16079.601313028772,2,11,16,17,1,0,0
L02743,65870.29337286932,1295.0070910074396,33932.42275141431,25845.974261210038,,5,11,4,11,1,5,1
L01524,45811.21526553041,2445.6371332853496,12843.677036415402,36794.84244117676,19281.29214189226,2,5,2,20,1,2,1
L03487,95603.90397726702,2133.6762595385967,27657.385044539515,9827.630118072699,9827.630118072699,1,3,5,21,1,1,0
L02446,70269.74430662119,3002.18746104447,41620.68361898528,58335.17884701962,14956.491460597426,0,9,6,2,2,5,1
L00721,71156.03537784118,1452.9012296166488,20068.44775150421,52957.410162336506,28454.605329743674,2,10,5,18,0,3,0
L04670,65711.32148065987,2015.0206313189133,13001.420283647318,27290.950836705575,9942.607611829708,3,11,10,23,0,0,0
L03967,71222.1998228639,1509.350393289164,31959.54928226406,51762.552605867146,11501.240748825974,0,8,5,23,0,4,0
L00869,78170.8854534566,1277.2296834201543,14886.800894534317,40945.26488348843,27963.10082853536,1,9,7,22,2,3,1
L00756,117647.64129674781,966.1827295622013,21965.191514267983,27099.962873165474,25661.209469499077,0,2,16,10,2,3,1
L03869,,1835.641732456921,28665.425319826307,52158.924597228885,10632.325674169895,0,2,18,21,0,2,0
L00910,108265.0944661092,1078.8994560822603,15030.585398619034,37754.78578127024,24778.118462693845,2,9,1,20,0,2,0
L03749,93577.15415627134,236.32559641337957,44203.21858004882,50429.01250378355,27777.947517214096,3,11,12,12,2,2,1
L00429,86168.48973699176,1183.0397603605675,33064.61770812071,37674.06932952283,16834.542967902576,0,3,14,13,2,5,1
L00379,108796.05866435345,2286.9884712995336,20281.89536197326,50024.998444092416,35524.80373785073,2,11,8,4,0,0,0
L04355,73084.25730554663,200.0,15846.861179262924,52267.99637424454,27975.770632642245,0,10,19,6,0,4,0
L04171,34143.93563514201,921.056501252492,9050.681146597397,35159.85302500052,,1,8,7,21,0,1,0
L00871,61461.05545011901,1291.5671209475547,34986.93290993424,21812.170793744823,11889.947605361125,2,7,9,3,2,3,1
L03525,53364.35933215892,,14750.858462345033,49166.59143169036,24133.487785502526,1,8,14,21,1,3,0
L00932,102623.14138881181,1163.1486898234928,40507.81142435734,39377.23046097893,27661.375845266775,0,8,17,9,1,2,0
L01639,106250.4983848629,1482.3077347457177,19903.60006580838,26764.16045382069,,0,2,10,12,1,5,1
L00141,69549.19869208259,1340.7194597731213,20213.191123920165,48643.43079393439,21743.11003526577,0,9,9,9,1,3,0
L00938,79167.12894598706,535.5168473526649,18016.72987118372,46015.87461540449,33957.07481867506,0,2,8,13,2,1,0
L03915,35019.680790831975,1677.7160065486196,22923.8145899897,42156.061567312856,13023.088559537955,2,3,19,16,0,5,1
L04420,20633.04479897837,1600.0850113503632,9267.445481931405,22921.28899398426,22921.28899398426,1,9,2,23,1,1,0
L04973,44831.025349053,2476.2186376336767,34939.89213291668,26782.880366833568,26782.880366833568,1,10,19,2,1,0,0
L00738,84653.81967891028,2929.6215028345996,11997.294772232117,44698.57373501067,7678.015336868953,0,2,4,8,1,4,0
L03946,83269.47464034813,,25490.122686280793,50460.81218067902,3517.502812869712,1,7,18,15,1,4,0
L04708,,2594.1024823835437,35597.18213000896,55040.821227659704,16093.596847805424,0,2,10,10,0,4,0
L02238,45921.2116120671,2022.0420107948253,14368.936465545243,47988.94731421098,5128.22185449967,3,6,5,5,0,0,0
L03817,57343.65620774063,1585.3049606900954,22840.101909243513,63440.02757846024,6407.109485798355,1,6,16,13,3,4,1
L01598,106149.90939423398,1313.7408859075006,47233.73331399557,21568.309736424795,21557.173195304407,0,11,4,19,0,3,0
L01510,94550.60162110523,2939.702185661795,32615.091571758443,42046.4037710092,13515.533466280787,1,3,12,4,1,4,0
L00699,83480.54038413802,1716.0258339491008,27212.157911887247,57608.513973613124,24963.66243634966,3,11,5,6,1,4,1
L01586,78862.11214526289,1882.8305231593404,32832.61776294304,5000.0,5000.0,1,3,16,8,1,4,1
L03622,72029.59800704403,2354.2521682407382,25342.75466076521,39445.88220298752,23478.825312022338,2,6,7,23,1,3,1
L02034,,1014.1405821785793,21212.471137553595,15938.184812945128,15938.184812945128,3,7,19,22,3,3,1
L01201,67504.49005295815,1358.190998309913,31068.341463729263,61011.659142934775,39149.04504978405,1,7,4,6,2,5,1
L01634,85599.21635162322,,25683.52003840971,30846.68961193219,30846.68961193219,0,10,1,19,0,4,0
L04585,61234.77329827387,2719.589891208295,12165.502365220287,81788.67870991083,22472.940534868314,3,6,19,16,1,1,1
L00034,43845.78142088199,2230.747965773162,16587.0090503776,66160.15351113598,24664.69690936306,0,6,5,11,1,5,0
L04519,71966.83478492254,,35351.04617268624,22073.941547274157,22073.941547274157,2,10,2,6,1,0,1
L01365,88931.43003328983,2912.2042620095917,19733.377962760005,42125.67685476263,18993.98324843813,2,6,14,2,1,0,0
L00665,50743.084346456715,1409.8932632360297,28776.37101924888,51194.16390415614,17347.71247775298,2,2,2,23,0,2,0
L02167,48782.849775793235,3318.3098341269642,15096.48133873711,24548.16842054837,6349.455569295829,2,4,1,10,2,5,1
L04813,78189.02482227223,,14650.481231646223,51449.79177149721,4685.850177567694,0,6,13,6,1,0,0
L03348,,2052.854295783961,16185.56913657243,66374.08236812917,13418.722744433147,3,3,15,5,1,4,1
L01295,66636.5871709513,847.2667952210186,4285.77448556156,18296.75549858945,18296.75549858945,1,6,19,10,1,0,0
L00823,110977.962472385,908.1422501180687,6263.709778830154,54014.1102645482,11313.23084519027,1,3,6,21,1,4,0
L00059,71625.26862807128,1689.1902043142202,26780.378151922836,68682.67071494431,32411.343200148018,0,10,19,16,0,3,0
L02070,83524.30804483185,200.0,36828.328663859065,18047.453450433906,18047.453450433906,2,7,9,2,0,4,1
L03397,75111.78483671749,,24824.497640556005,51308.680977881995,23195.00766415519,1,7,1,2,0,0,0
L01531,67817.72493822408,2263.1429188569878,9818.23933192681,42803.90578831746,9508.712701121465,0,11,12,4,2,4,0
L04354,31542.121973768517,1934.5844329469555,28128.840717631836,8779.879170359327,8779.879170359327,2,4,4,6,0,3,1
L00626,54775.6864713763,1721.9796930035013,19144.58374692776,76945.20533162536,24132.254496860354,1,2,2,18,0,2,0
L02525,83436.03003954505,1741.5141583928491,14278.510362880574,9292.49672254793,9292.49672254793,0,7,2,3,2,1,0
L02135,57919.18578117953,1487.6730093756232,18170.007855165422,40253.59293385169,26385.8466605855,1,8,13,3,0,2,0
L00975,56076.33133570441,2157.5853736078816,12316.64136746441,40998.83240354383,19332.29182289254,1,9,11,22,1,2,0
L00566,56838.49253956897,2352.05894106929,7586.582542846303,44290.237114519376,17836.996715364905,2,11,10,23,1,1,0
L02022,70547.53875916383,499.6061838401338,27286.348153345592,40739.46137825738,29965.812952746222,0,4,10,5,0,5,0
L02169,60319.602817860374,2668.1778109293055,21241.012149203394,71456.90818559541,20279.99545194563,1,10,16,9,0,0,0
L03365,50819.58084739019,2502.0380427611367,22430.244850151266,41577.399727768185,31522.333855646157,2,9,12,9,1,3,1
L03421,,2029.8180112219416,12882.177123313582,29129.88682476543,29129.88682476543,2,4,7,21,0,1,0
L02452,48363.555835391104,2180.267940341993,36090.4596641209,51521.75428646041,34320.09671368625,0,2,13,6,0,2,0
L00822,93186.9488037116,2014.8748648354383,21357.962050472863,51809.10542224334,20667.2645623484,0,6,6,23,2,2,0
L02298,93031.97185892859,952.9598814017442,15637.431650139635,31444.048906048854,22973.52542827553,2,11,4,11,2,0,1
L03679,88834.1499421413,2138.80629921763,36094.3442405091,35481.712839202264,3122.5859187563583,0,10,17,14,0,2,0
L00691,57780.6766836184,1854.697252774127,16893.160618043494,51755.970951293166,21015.559856102445,0,8,13,13,0,3,0
L02890,72659.77969481857,,15609.34667167984,63165.00230456852,25013.366271808627,0,8,17,23,1,4,0
L04828,80959.89099224472,1319.4016554891457,37576.79271822242,27433.874884767138,17019.558258035133,1,6,13,18,1,1,0
L03441,,1163.4758929393538,34729.10217247424,5000.0,5000.0,1,2,12,3,0,2,0
L02257,82737.74780194601,1733.5285378054534,30160.810441139387,26709.40917421139,13852.593838821154,1,11,12,18,3,2,1
L03583,103407.35004288523,504.6615547873082,2000.0,30575.522619733703,23939.632237346046,3,5,8,21,1,4,1
L02922,79900.10625754562,2736.8815773356473,26052.400255491455,40427.03410657615,13124.761680950327,1,8,2,21,0,1,0
L03294,71760.46962203416,3552.3336009507384,29255.901754823215,44113.22552695251,26761.882715783464,0,9,2,6,0,1,0
L01756,92473.17090325916,200.0,34354.31775756801,24834.44304931404,13628.052827404434,2,2,9,3,0,4,1
L02668,,1412.7863011023321,18760.19149299423,60001.58749049448,25303.061822496024,2,3,15,19,2,3,1
L02720,67470.95391911165,811.4375823604728,12584.660797322565,50307.10459004468,24410.54112815645,2,6,18,8,1,5,1
L04204,45605.125607306516,1573.7925378965053,23656.15125096722,41737.91138263,16048.59891373786,3,9,11,20,0,0,0
L02182,57851.09154379146,1512.833291856469,25029.62307498731,35249.747680548855,16998.443997772345,0,11,14,14,1,4,0
L03808,25629.91573123893,1776.2489677712172,12779.469528225733,56609.675040111615,29257.624504569772,0,7,1,23,1,5,0
L03630,52344.89940229922,1252.4476783310538,4109.548457536777,26387.55428896012,25495.266744296438,0,6,2,21,0,2,0
L01290,21942.18814095034,1547.9344576728613,41489.63111447619,65555.90732045856,25579.377815243737,0,3,15,3,0,2,0
L04915,39561.61997774555,2323.5105072486103,32387.278999149123,48133.89086872826,22693.172378464114,3,8,1,20,1,0,1
L02947,66704.18899267803,2696.7736188915023,30206.07475908671,43746.041017957185,18682.82917229254,0,8,1,3,1,2,0
L03998,58594.04390926716,3070.7577409920896,18144.410200375147,40329.72328965404,22100.636129574283,2,8,13,23,0,5,1
L04538,58932.99865045732,2614.8299421203155,12816.838626715988,29594.53048574999,23054.02681893426,4,7,2,12,1,1,1
L00174,71823.03949633287,1003.8608320806101,25564.12583534376,41205.77558145482,30045.978671244826,1,6,1,3,0,5,1
L00912,69383.00655327878,1730.639091081433,25435.975351782163,35451.08833499941,18671.93697923305,1,10,17,11,2,5,1
L00991,69167.65615895105,2230.214552294787,21026.540311072673,21344.90328716737,7075.70837399887,0,6,15,17,0,2,0
L01854,83383.08347220003,419.38310014994136,26373.726741796683,26399.06551974859,19697.872732157168,1,2,1,7,0,2,0
L03222,80149.90298674972,2573.5653162758535,36360.89346182016,53392.608314789446,21078.08328311235,2,5,13,11,2,3,1
L01286,38375.34092884444,1307.0852335608452,14705.629511523508,22935.99692553647,19391.30430068942,2,4,19,22,0,5,1
L03658,23270.44683257831,3118.3020846269387,33490.146960524,47373.3687910388,21427.515873464276,1,6,6,18,0,3,0
L01679,84966.2179629592,1277.6398753343353,10958.545433360809,35397.52383417108,35397.52383417108,1,8,2,21,2,1,1
L00644,34937.14093763787,2887.35159533122,19917.94742010034,51680.24118588684,32429.502030420623,2,11,18,7,0,2,0
