late_payments_90d,credit_history_years,oldest_account_age,open_credit_accounts,hard_inquiries_last_6m,debt_to_income,loan_to_income,delinquencies_last_12m,delinquency_ratio,utilization_to_income,default
1,2,19,3,5,0.5138269818548284,0.1901991350431346,2,0.6666666666666666,5.50244800940227e-06,1
0,5,5,5,4,1.609723672336523,0.6616291387911475,1,0.2,2.438771541078116e-05,0
1,18,18,9,5,0.12883450952921585,0.13705087650529785,0,0.0,1.2739439380535354e-05,1
0,18,22,6,1,0.28218365473061235,0.44561984813159156,0,0.0,6.05377811934301e-06,0
1,18,18,8,3,0.3320900770572464,0.25328177126068874,1,0.125,9.238262491626486e-06,0
2,15,2,9,5,0.6228706876153794,1.1848710828057134,0,0.0,2.4329071454209432e-05,1
0,8,8,10,4,1.4740414547718907,1.0617582873853035,1,0.1,3.31063074650495e-05,1
0,14,23,6,0,0.4817263295607791,0.16481596733413326,1,0.16666666666666666,1.4185691985281414e-05,0
3,3,13,6,0,0.3555052565535971,0.17228381821158797,0,0.0,2.726313221793894e-06,0
1,15,12,11,0,0.7538092086607101,1.4138228045017678,2,0.18181818181818182,9.88125059519636e-06,0
0,3,22,6,5,0.3266684143134917,0.4668148574405761,0,0.0,8.439388908289573e-06,0
1,14,19,2,1,0.22221188766666866,0.2656224429880191,1,0.5,2.0791340471133733e-06,0
3,6,16,6,5,0.25826357484227036,0.39153639468002377,2,0.3333333333333333,2.3692660163554738e-06,1
1,10,7,4,2,0.28747383272829335,0.3116616875827239,2,0.5,2.272215146263089e-05,1
0,9,3,6,1,0.5266561661669557,0.3611286206969137,1,0.16666666666666666,9.723234218742862e-06,0
0,11,5,8,4,0.21940565098493867,0.4206707335218993,3,0.375,5.634500898936723e-06,1
0,8,18,2,5,0.2036484371566979,0.5276977945190605,1,0.5,2.3150264550455406e-07,0
1,10,9,6,3,0.09447911607955482,0.2709179945162298,0,0.0,8.597475927860655e-06,0
1,19,21,8,2,0.33950012685618497,0.29121351529496037,2,0.25,1.2403989612634575e-06,0
0,18,9,11,3,0.495726113525747,0.3762991682470798,0,0.0,3.014165786778538e-06,0
3,5,8,10,5,0.30100918131964466,0.937417901775574,0,0.0,1.4294918785824248e-05,1
1,13,5,9,0,0.397261364996782,0.6497907372055665,0,0.0,1.0784968124878022e-05,0
0,2,13,11,1,0.24322996927237192,0.07458182691314563,2,0.18181818181818182,8.162474839117102e-06,0
0,12,19,2,2,0.1611030297608755,0.32963204518050687,4,2.0,1.3292570954282224e-05,1
0,9,2,7,0,0.41861195606572527,0.2166144843669078,2,0.2857142857142857,1.3789668697947389e-06,0
0,17,16,6,2,0.5571958972920447,0.4769288664443471,3,0.5,3.515381583165225e-07,0
0,5,22,4,3,0.32601509319289923,0.5328586329959347,2,0.5,1.0481043609412966e-05,0
1,18,19,6,2,0.7488339829352832,0.647628769312812,1,0.16666666666666666,1.7847641453796526e-05,0
0,18,14,9,4,0.2820151653551953,0.3112757400245492,0,0.0,1.5760160419849217e-05,0
0,9,22,5,3,0.4428927073035116,0.45081592037946966,0,0.0,4.924246970038011e-07,0
0,19,13,10,1,0.3297616529512147,0.2333583490687637,0,0.0,8.412100205635717e-06,0
1,7,18,9,5,0.2858382105155165,0.12336902146330149,1,0.1111111111111111,1.035710785813922e-05,1
2,8,10,3,2,0.28352446041898083,0.3553421303740047,1,0.3333333333333333,8.024599375563779e-06,1
0,14,12,6,5,0.7419465100960998,0.4835352104934173,3,0.5,5.88836572044934e-06,1
0,14,17,6,3,0.3579407750607558,0.225628773204549,3,0.5,1.2376601619473103e-05,1
2,1,11,7,4,0.20491466638342729,0.027009713098315416,0,0.0,1.3504856549157707e-05,1
1,13,8,10,2,0.15494353987361828,0.3329891554419837,1,0.1,8.687290766900334e-06,0
0,11,5,6,1,0.5058317720176788,0.340049087129709,2,0.3333333333333333,1.2862346921194593e-05,0
0,4,23,5,5,0.2765289038905082,0.37470648506040855,2,0.4,6.98839900437994e-06,1
2,5,22,10,5,0.17109448229988275,0.6204051772519538,1,0.1,1.9919772432168677e-05,1
2,13,4,3,5,0.39600224919835525,0.35287871917617536,2,0.6666666666666666,9.992027957893362e-06,1
1,4,5,11,2,0.17275352517020337,0.3351819374534018,0,0.0,7.517101719863601e-06,0
3,3,21,7,4,0.5684069776414076,1.1134939564326083,1,0.14285714285714285,2.6984991486383102e-05,1
0,2,14,6,3,0.4978369955112949,0.38657707194348556,0,0.0,4.9941160193359154e-06,0
2,6,17,9,2,0.20144234147810866,0.27278993591149614,0,0.0,4.07470395136203e-06,0
0,7,13,2,5,0.3083008224494804,0.1548790664280403,3,1.5,9.209553467442778e-06,1
2,8,16,7,5,0.49370939709716144,0.45420909889238287,3,0.42857142857142855,1.2157017692156896e-06,1
0,14,23,5,0,0.2617027652207451,0.13427385545188916,3,0.6,2.6582480405979477e-05,0
2,9,22,4,3,0.3583224830276057,0.32486300596560425,0,0.0,9.788433165441355e-06,1
0,7,9,8,1,0.4050809439566072,0.2023620520982288,1,0.125,5.471676892918292e-06,0
2,13,24,7,1,0.34120014583714675,0.3039838034564615,1,0.14285714285714285,6.552871242355403e-06,0
0,1,14,6,4,0.13154619985598834,0.18338260385612157,2,0.3333333333333333,8.052077586106297e-06,1
2,1,15,3,4,0.35346631113676935,0.5815556137604913,3,1.0,1.555853882329249e-05,1
0,3,6,5,4,0.1163250293764126,0.2890487652408425,2,0.4,6.571638103256921e-06,1
0,2,4,3,5,0.209981406031271,0.021314832646735747,3,1.0,9.185406547371459e-06,1
1,8,5,4,0,0.4368137675190507,0.19760361597122877,1,0.25,9.082401936709849e-06,0
0,18,9,11,3,0.28533866505221045,0.3811004124781869,1,0.09090909090909091,6.618156199119273e-06,0
0,12,5,3,3,0.24731876889541385,0.4344482144070414,1,0.3333333333333333,1.4295761083420714e-05,0
2,16,12,11,0,0.20973252773161002,0.17222283422978962,2,0.18181818181818182,1.0617595371108488e-05,1
1,6,16,3,1,0.15837555743490583,0.18183188116905516,2,0.6666666666666666,5.5843242585740535e-06,0
2,6,16,5,1,0.18421729978993898,0.23089530704968406,2,0.4,1.215836965401794e-05,1
2,18,6,9,0,0.4717916139899107,0.48129010243609827,0,0.0,6.093509224632168e-06,0
3,18,10,9,2,0.26180416814754126,0.2726010034026096,1,0.1111111111111111,6.429865543136339e-06,1
2,7,2,2,3,0.4757627035684077,0.28728918051049535,0,0.0,1.4087314265389081e-05,1
1,18,9,8,1,0.3554982286175353,0.26732883351026376,2,0.25,8.670222429452383e-06,0
1,19,11,8,0,1.0469088952168975,0.7137835820228426,2,0.25,8.722740828140851e-06,0
2,7,18,7,4,0.4582481873591908,0.13832054349905099,1,0.14285714285714285,1.0857709546502053e-05,1
0,2,18,7,2,0.022539094045591773,0.15994528807142402,1,0.14285714285714285,7.109888845021157e-06,0
1,8,18,5,0,0.42934587912158384,0.40666032409599473,0,0.0,9.958677435318769e-06,0
2,16,13,2,3,0.5237713434863827,0.09948751293730312,0,0.0,1.2128414938633164e-05,1
0,17,13,2,4,0.8180268494404693,0.3897425727824111,1,0.5,1.4715282998449292e-05,0
0,12,10,5,3,0.37537811404143634,0.3825407485706444,1,0.2,8.608571757826093e-07,0
1,8,6,4,3,0.028787648183221402,0.30279399813427277,0,0.0,6.607224001909386e-06,0
3,14,23,7,1,0.4511139366408216,0.39775210001831707,2,0.2857142857142857,1.599152609823244e-05,1
3,1,20,3,5,0.6258919504389641,0.2218068383280015,3,1.0,7.951649954252288e-06,1
1,14,14,10,5,0.16757634329742838,0.2628019338817628,3,0.3,1.0280999469262295e-05,1
1,4,16,6,4,0.19676645046525534,0.16865165929701417,0,0.0,1.2996369636397515e-05,1
1,3,16,4,2,0.47799202915194433,0.19783715467890023,0,0.0,5.094820469286575e-06,0
1,8,21,4,0,0.5892268159375688,0.11806010851541943,0,0.0,6.325039292052257e-06,0
2,19,13,11,4,0.2021699956097059,0.38102982785992295,1,0.09090909090909091,5.997105297917837e-06,1
0,4,23,9,5,0.1482232760834009,0.4950736982897573,0,0.0,3.4547138994973776e-06,0
1,15,15,5,5,0.3582564020456777,0.2666279464132404,0,0.0,7.36872323152759e-06,1
2,3,15,2,3,0.19213587566644355,0.37517004871344395,2,1.0,1.722015995236207e-05,1
0,16,24,5,2,0.2424699132082363,0.27652084055349047,0,0.0,2.7676229860155017e-06,0
2,5,19,10,1,0.23314808163934586,0.28455793709464405,1,0.1,6.000963437343241e-06,0
1,4,15,6,1,0.5002128861489235,0.37301631920169215,0,0.0,1.8602353307207803e-05,0
0,8,11,7,1,0.6986722569797641,0.8991428473393881,1,0.14285714285714285,3.000459171886496e-05,0
1,13,18,7,1,0.41714644660703154,0.6252705154934661,1,0.14285714285714285,3.084930711060837e-06,0
0,4,16,8,5,0.2899024630378399,0.15121232083053282,1,0.125,5.56695064635482e-06,0
0,19,7,7,1,0.22365259775305574,0.24540464259782815,0,0.0,5.2154168214606055e-06,0
2,4,12,9,5,0.8781103206426719,0.6237184336419732,0,0.0,1.6972250352032758e-05,1
0,7,21,5,5,0.03675929299444016,0.13777838999225395,2,0.4,5.079168341049807e-06,1
0,5,2,8,4,0.3478306544953073,0.4782037036133665,0,0.0,6.773271814345172e-06,0
0,9,2,6,3,0.25972355699339356,0.2700055097373939,0,0.0,1.4215076265438696e-05,0
1,7,18,7,0,0.5195323082672623,0.5696192223994736,1,0.14285714285714285,1.132747579800778e-05,0
1,2,7,6,4,0.4169130799961485,0.4692022467815961,3,0.5,3.207786156956579e-05,1
3,10,17,10,1,1.0419970002602263,0.8104627492212811,0,0.0,1.2518978060760094e-05,0
0,15,9,3,4,0.5096358562838876,0.3423094917626857,2,0.6666666666666666,1.766213257489771e-05,1
0,1,24,3,3,0.8962997406236662,0.9530554949930979,2,0.6666666666666666,1.726552525030751e-05,0
2,2,3,5,2,0.3873364370566612,0.8032700602239763,1,0.2,3.053837701116057e-05,1
2,12,13,3,0,0.29258362512448094,0.2749078143417903,0,0.0,9.303591638139375e-06,0
0,7,2,6,4,0.5441879909924545,0.7313721243341206,0,0.0,4.061901172816018e-06,0
2,11,22,3,1,0.24098120661648104,0.3569943599809377,1,0.3333333333333333,4.014991107126577e-06,0
0,7,7,5,4,0.17891873902806,0.33045657767411113,1,0.2,7.63701644044746e-06,0
1,1,20,10,5,0.30361302747381336,0.13988027030937175,2,0.2,7.917218726683904e-07,1
1,5,10,8,1,0.15514358378874182,0.2855536261808135,1,0.125,5.951810848173646e-06,0
0,11,7,6,4,0.2983683428883143,0.4743879270023613,2,0.3333333333333333,4.4719097771018435e-06,0
0,10,12,8,3,0.41444727611469123,0.39121907480989365,1,0.125,5.419235966326268e-06,0
1,6,13,2,5,0.43193886444648194,0.42890712569769196,3,1.5,7.442718663039788e-06,1
0,8,20,2,5,0.6450264735408758,0.6300286856835713,3,1.5,1.831206520502799e-05,1
0,18,7,7,2,0.1896922138466794,0.5001696265698842,1,0.14285714285714285,9.687500196510285e-06,0
0,15,15,3,4,0.2034774470851345,0.14487303516067535,1,0.3333333333333333,4.8986201869281196e-06,0
0,5,2,6,3,0.4412445265682621,0.5017946882059923,0,0.0,7.069971756129009e-07,0
1,5,11,6,5,0.5447087069269694,0.33877349342968965,1,0.16666666666666666,1.44480757121776e-05,1
0,9,8,7,0,0.29976850219139867,0.23539719399371034,0,0.0,5.686434969523833e-06,0
2,4,21,11,3,0.3221416612974932,0.8421282167469115,0,0.0,1.7153722755916327e-05,1
1,3,6,8,5,0.2763277532533688,0.38577492313655415,2,0.25,4.719292374330376e-06,1
1,9,18,3,2,0.10831894493042231,0.13129025732742844,1,0.3333333333333333,5.672225022987148e-06,0
0,11,4,6,1,0.05143777163781817,0.42597649997066894,3,0.5,1.685282804278342e-05,1
0,9,15,11,2,0.19023280049137795,0.26917995301623127,1,0.09090909090909091,6.618278128224538e-06,0
0,14,22,9,0,1.3993184198333009,1.1161429132597056,2,0.2222222222222222,2.5838888560505413e-05,0
2,4,12,2,4,0.0936512858449923,0.28039306768539113,0,0.0,6.911491033968389e-06,1
1,17,9,7,5,0.37543150938115516,0.3003107640669955,1,0.14285714285714285,5.149890047878704e-06,1
1,11,21,4,3,0.3888147105621961,0.47303767090151094,0,0.0,6.085688871852388e-06,0
1,17,10,6,2,0.5678274872722906,0.48426215183322124,1,0.16666666666666666,9.497277776199043e-06,0
0,15,13,11,5,0.6376631375996596,0.36566714498569913,1,0.09090909090909091,8.97383582625294e-06,0
1,11,16,6,1,0.3117705810204215,0.19968266488396674,1,0.16666666666666666,4.930835294308778e-06,0
0,11,14,5,0,0.13130555014483347,0.13567703542645176,2,0.4,5.8963347825315995e-06,0
1,11,2,4,3,0.7729902724127583,0.6261602602386268,0,0.0,9.348645221280094e-06,0
0,5,9,9,0,0.34590092217659124,0.5033981314847058,1,0.1111111111111111,1.437816227157262e-05,0
0,6,7,2,1,0.369795273851721,0.3038562460344106,1,0.5,7.844004656762179e-06,0
0,5,17,2,1,0.6298087758392052,0.6370465061611783,0,0.0,7.251801744012222e-06,0
1,14,20,7,2,0.05363922281000898,0.2517260015638387,0,0.0,4.975642666488709e-06,0
0,4,10,4,2,0.24947388936751444,1.1328923447373744,3,0.75,5.378483044514258e-06,0
0,15,5,8,5,1.0468437332136222,0.7151797355623477,0,0.0,1.2140432410836122e-05,0
0,8,9,11,5,0.15836661310793385,0.02284823785787044,1,0.09090909090909091,5.736432562432309e-06,0
1,19,14,8,2,0.30476323817725104,0.5505548997918625,1,0.125,1.4207391967761298e-05,1
2,5,21,9,1,0.17570303492652853,0.12574398826690958,2,0.2222222222222222,4.55024666262602e-06,1
0,9,8,3,2,0.11140141118838601,0.024199404668454987,3,1.0,3.4565073558978125e-06,0
2,6,19,6,4,1.0272425728942656,1.1332446114811328,2,0.3333333333333333,2.0365183283822068e-05,1
0,5,23,5,4,0.350772698694361,0.2998043090788664,0,0.0,1.1574686420577528e-05,0
3,6,15,7,4,0.5397752740165729,0.19966576350403414,0,0.0,1.1457449800999865e-05,1
1,9,12,9,0,0.2963008800028908,0.3344286016337649,3,0.3333333333333333,8.580484730511212e-06,1
1,16,16,4,3,0.3032646653355373,0.37816586360833043,1,0.25,8.13746516826778e-06,0
2,8,20,8,5,0.2696164947903552,0.4616030814491278,2,0.25,3.3747436262860842e-06,1
0,12,19,11,0,0.46027080906761153,0.6111488350986619,1,0.09090909090909091,1.590455750491539e-05,0
0,12,5,7,1,0.38289307979127346,0.5320499084338773,1,0.14285714285714285,4.771410536854411e-06,0
1,13,22,6,2,0.39223372708933046,0.3732305703698276,2,0.3333333333333333,1.3469452117016578e-05,1
2,2,17,10,2,0.47758092445136135,0.10107065751236845,1,0.1,3.657317784557885e-06,0
0,17,2,5,0,0.46831022811201933,0.29560024498784215,2,0.4,3.18640165878012e-07,0
0,19,23,7,2,0.5437392838545858,0.21944921862061104,0,0.0,1.286339863006502e-05,0
0,4,23,10,3,0.21870367077531022,0.27646967804240297,1,0.1,7.833526291413638e-07,0
0,5,18,8,4,0.03452893034480459,0.157350611577796,3,0.375,4.981892714551945e-06,1
1,13,13,10,3,0.04877195721536393,0.25201237870022436,0,0.0,2.2741431796825857e-06,0
1,14,8,7,3,0.6797573577374804,0.6046376561565825,1,0.14285714285714285,8.194986977920033e-06,0
1,3,5,6,3,0.13939099045095296,0.40059172337734616,1,0.16666666666666666,8.128760260921633e-06,0
0,18,12,6,4,0.15480335750396704,0.5328775682113007,1,0.16666666666666666,1.2147803064179928e-05,0
0,1,15,10,2,0.5029567385973179,0.17119453029524143,2,0.2,1.027140090378267e-05,0
2,4,19,9,3,0.256410999022107,0.024445487830327756,0,0.0,3.901966466763081e-06,0
3,9,4,10,5,0.42196976209361703,0.6657094121636565,1,0.1,1.1751731006068706e-05,1
0,12,23,6,3,0.3339599906899465,1.3722017811481835,0,0.0,1.0302453333845293e-05,0
0,6,10,7,1,0.30042939863772083,0.24422993860992043,0,0.0,3.374473275996129e-06,0
2,1,17,6,2,0.2958803587337134,0.2932701650018243,0,0.0,1.71702388741591e-05,0
0,3,18,10,2,0.5251675217595497,0.08836747987956159,2,0.2,5.337118729438936e-06,0
1,8,6,10,1,0.1108426762326286,0.20221940145140688,0,0.0,1.3998420412390218e-05,0
2,1,13,2,4,0.45077380826309005,0.41055496115408274,0,0.0,2.8969852347689276e-06,0
0,17,17,7,3,0.22871189310143855,0.3967676874903797,2,0.2857142857142857,6.5368254971621554e-06,0
1,18,8,5,4,0.5175209757731879,1.8677653866859412,1,0.2,3.9339372265166756e-05,1
1,12,20,6,3,0.2230398596708133,0.20421147879229953,1,0.16666666666666666,5.683173414304194e-06,0
0,13,13,11,0,0.17326497989614356,0.17757302380130488,2,0.18181818181818182,3.731879139088366e-06,0
2,2,7,9,4,0.28373316452164604,0.41961328519355984,1,0.1111111111111111,1.8041782107949248e-05,1
2,6,6,4,3,0.23519615883226452,0.3458390418496081,1,0.25,1.1065817084915468e-05,1
1,17,14,5,5,0.569247370167506,0.16393363479703027,1,0.2,8.54423591475309e-06,1
1,10,21,3,0,0.25799048220188125,0.2923024642036214,0,0.0,2.594459911732032e-06,0
0,10,15,5,1,0.1532257179589433,0.29314142220262435,2,0.4,4.618001622043495e-06,0
1,6,18,3,0,0.44989220589708534,0.8006554139656814,1,0.3333333333333333,8.569444043410323e-06,0
1,11,13,9,0,0.15325744775984693,0.21259640355832213,2,0.2222222222222222,1.0356335916312384e-05,0
0,12,16,5,4,0.23027136286071873,0.144880094776486,3,0.6,8.934470459820684e-06,1
4,2,2,2,3,0.24455977300054033,0.6103535927665997,0,0.0,3.391805640081848e-06,1
0,14,9,8,0,0.4522866525689626,0.4273506199797827,0,0.0,4.72413561454952e-06,0
2,18,2,4,0,0.9141528236472283,1.4235397517497494,3,0.75,2.9641764022738467e-05,1
2,8,7,8,0,0.11113615350970242,0.3759829834352426,1,0.125,1.5927688600985618e-05,1
0,9,24,6,2,0.08164622887980219,0.3874781611971172,0,0.0,7.790091967009701e-06,0
0,14,16,6,4,0.2613975719758323,0.14036433686427782,2,0.3333333333333333,1.0978884943679144e-05,1
0,7,8,2,1,0.5182413055088423,0.6611041381029544,1,0.5,1.2400240087563554e-05,0
1,18,22,7,0,0.12259342974200656,0.3612790024891552,3,0.42857142857142855,5.269082431092132e-06,1
2,6,17,6,4,0.24190424875474198,0.3455031326322662,1,0.16666666666666666,1.3354593182284814e-05,1
2,18,18,9,0,0.2832674676398147,0.25267212442319154,1,0.1111111111111111,8.778551708229552e-06,0
1,6,13,10,3,0.37427813924740133,0.5852792314933927,0,0.0,2.6290680795685472e-05,0
1,17,2,3,3,0.3057805958620149,0.2972568083875039,1,0.3333333333333333,1.0498280095254911e-06,0
2,4,21,3,1,0.7033652323130049,0.297329643820422,2,0.6666666666666666,1.0707164512878473e-05,0
2,11,12,11,5,0.284225130710468,0.14178115292125898,1,0.09090909090909091,4.8321611481686715e-06,1
2,16,2,3,5,0.8043850880496144,1.2338285015083146,1,0.3333333333333333,1.7831986927589223e-05,1
1,3,3,8,3,0.2912099643149932,0.49773045559767254,0,0.0,1.4428803733567827e-05,0
0,9,2,9,0,0.15316572267156617,0.1678234201871387,0,0.0,1.1226178690064416e-05,0
1,8,23,7,3,0.4256294381521015,0.8076882046463245,2,0.2857142857142857,1.9937447999779834e-05,1
0,1,13,11,5,0.24274853168335409,0.47008186958868026,0,0.0,4.221482549710563e-06,0
0,7,17,11,0,0.5405892247361449,0.20629814354554232,1,0.09090909090909091,5.807069865648195e-06,0
0,17,3,9,3,0.1213221166290465,0.3507110341890148,1,0.1111111111111111,2.898048141490596e-06,0
2,15,3,11,3,0.21914721330197773,0.3167472426716864,1,0.09090909090909091,4.2496401751174315e-06,1
1,10,20,9,5,0.5614696081086076,0.3833536387671393,1,0.1111111111111111,4.028619844625628e-06,1
2,17,2,6,0,0.49236052200422,0.6250062951496831,1,0.16666666666666666,2.0184284247292718e-05,1
1,12,22,11,3,0.5773990798895925,0.2757265092642139,1,0.09090909090909091,3.586482836957865e-06,0
0,16,16,11,0,0.259521625205206,0.25576377288723107,0,0.0,2.143538297910221e-06,0
0,16,11,2,2,0.3136473472807257,0.378373274304758,0,0.0,4.301287962614534e-06,0
1,4,10,2,1,0.5589924892664976,0.32722130561351576,1,0.5,1.224774539880829e-05,0
0,6,21,10,1,0.14310668316173136,0.29798891331888705,1,0.1,1.683394185676829e-05,0
1,8,11,11,5,0.6857565188851469,0.31646437572284025,2,0.18181818181818182,1.1484855506973465e-05,1
1,14,23,8,4,0.19387858873715522,0.38034074965537046,2,0.25,1.1641596275812611e-05,1
2,9,19,10,5,0.13707540182573152,0.22258248354965962,2,0.2,4.379274364217263e-06,1
0,18,7,11,0,0.7670934803849372,1.0710669203928296,2,0.18181818181818182,1.5565804768278545e-05,0
2,11,12,5,1,0.4075414165716881,0.25597356150361505,0,0.0,4.893451958111891e-06,0
1,5,7,11,2,0.36374848530995135,0.18036175343539845,1,0.09090909090909091,1.2209541207403038e-05,1
0,1,11,6,3,0.23968393304053962,0.4039809369266183,0,0.0,2.1209814734077076e-06,0
1,4,15,6,3,0.186333978099502,0.6364055578155738,3,0.5,2.3280633814413738e-05,1
1,2,23,9,3,0.24947557254093788,0.6334343730871571,2,0.2222222222222222,9.944182293713217e-06,1
1,18,4,4,4,0.3501802754344565,0.5463794507220139,3,0.75,1.1754689880952235e-05,1
1,13,12,6,4,0.0959411717574823,0.39652202344528636,0,0.0,1.0109973311030535e-05,0
0,16,3,5,3,0.1863536312842573,0.31104282781409376,4,0.8,6.774056464829705e-06,1
1,9,20,9,4,0.2636534611898693,0.1617708742578364,0,0.0,1.0694030388298875e-05,0
1,8,23,8,1,0.3502329268654356,0.550892873204382,1,0.125,4.054137402669232e-06,0
0,4,17,8,3,0.47570894359920796,0.4839571848775885,2,0.25,1.0942053976920298e-06,0
2,7,3,3,4,0.5729655495184746,0.5265787813639853,1,0.3333333333333333,1.890799191696378e-05,1
0,2,13,2,2,0.2821272492145708,0.36917160714370656,0,0.0,2.158208295661512e-06,0
0,10,19,5,5,0.2254107859462286,0.49738600274722594,2,0.4,1.807378022525596e-05,1
1,3,12,9,1,0.407561144099018,0.19497589310067734,5,0.5555555555555556,9.688140755831167e-06,1
3,5,10,5,4,0.4431491307479005,0.1978829484719473,1,0.2,3.1965142463674565e-06,1
1,6,16,4,1,0.21959788220643492,0.22229140370008849,0,0.0,4.21436791525498e-06,0
2,5,10,10,1,0.3279931281224248,0.2913334263694214,3,0.3,1.0092308251392669e-05,1
1,13,18,7,1,1.3250416310292816,1.6611374802429986,1,0.14285714285714285,3.368790321825211e-05,0
1,7,10,9,1,0.3661038480804293,0.41617802693030537,2,0.2222222222222222,3.652941059515349e-06,0
0,16,9,11,5,0.6598963817913452,0.3488520860268081,4,0.36363636363636365,7.779058938899947e-06,1
1,16,4,3,2,0.14384941858512026,0.3863973597932992,1,0.3333333333333333,1.5854500106730056e-06,0
2,12,12,8,0,0.2845488078368431,0.11996898392240553,0,0.0,9.21661708304424e-06,0
0,13,6,3,5,0.11037076921403584,0.30911825200610843,0,0.0,2.3859090140296655e-05,0
0,2,24,3,1,0.39350804947984125,0.34454514112335327,1,0.3333333333333333,2.2258894670999975e-06,0
0,1,21,2,3,1.0849490328830522,0.4815887687459477,0,0.0,2.495532989627456e-05,0
0,5,3,7,0,0.341602048466218,0.19059696191024472,0,0.0,3.7865149929767423e-06,0
0,2,6,4,0,0.14103915460477065,0.393322986458495,1,0.25,1.6993377143467295e-06,0
2,10,18,5,5,0.342030347765355,0.494087070558068,1,0.2,7.002447832053706e-06,1
3,6,11,3,1,0.4347165611226391,0.4935035021743787,1,0.3333333333333333,5.282598053655776e-06,1
1,14,9,11,0,0.36256835128704784,0.26937348701959035,1,0.09090909090909091,1.3292941631866753e-05,0
0,19,21,9,5,0.2385794665196979,0.31614936413714934,3,0.3333333333333333,9.67099355128924e-06,1
0,18,8,2,4,0.4517016544313337,0.26073596797931775,1,0.5,7.930790848337742e-06,0
1,13,10,2,2,0.36979809801479435,0.620768279702612,1,0.5,1.3548205107055206e-05,0
0,17,18,2,1,0.6242878831047524,0.28003953269571397,0,0.0,8.751564811276533e-07,0
0,2,4,9,2,0.0897320541538213,0.02432809754963394,1,0.1111111111111111,7.273417226883968e-06,0
1,4,19,4,2,0.4110427062252888,0.32035684441846085,3,0.75,1.1546155786342369e-05,1
4,18,8,11,1,0.6281138116397537,0.8191240716319634,2,0.18181818181818182,1.9271997242583107e-05,1
3,15,21,11,3,0.31173888472288536,0.24293732897588852,2,0.18181818181818182,3.727665758544854e-06,1
0,16,4,6,0,0.3550416585911028,0.37211319357713696,1,0.16666666666666666,1.622798625332644e-05,0
1,17,15,10,1,0.1686022825485388,0.2832664887514958,0,0.0,1.2908485368016018e-05,0
1,10,11,3,1,0.2848036711419545,0.3865543296294952,1,0.3333333333333333,3.0472360700495235e-06,0
0,4,17,10,2,0.14348291998931526,0.34393683776726436,2,0.2,1.3778896753456152e-06,0
1,18,23,7,3,0.4589801179899853,0.18803373872391252,1,0.14285714285714285,7.152647770798543e-06,0
1,7,11,5,3,0.25461717207587087,0.16885928271301076,3,0.6,4.344813964328438e-06,1
0,4,10,7,0,0.6765633669567881,0.7204082269162478,1,0.14285714285714285,2.1879828467374606e-05,0
1,1,17,9,3,0.2494565681391004,0.2493403006488267,0,0.0,5.594260998320489e-06,0
1,1,13,6,2,0.537778054913193,0.11458722206375435,0,0.0,4.22440708518278e-06,0
0,10,8,4,1,0.1720139715846429,0.1343280639165224,0,0.0,3.5905081873697755e-06,0
0,12,21,2,5,0.49399151261398755,0.42621079909824594,0,0.0,5.74497638303575e-06,0
1,5,4,2,3,0.8378771120173587,0.6468909369036527,0,0.0,1.904240592361399e-05,0
0,12,7,5,1,0.480191134898111,0.40234528987039475,0,0.0,5.338484916960828e-06,0
1,7,11,5,2,0.25135619094468414,0.19935440152830758,2,0.4,2.1612701459211555e-06,0
0,19,10,10,1,0.2869617341731648,0.12264226379725941,4,0.4,3.688469589347575e-06,1
2,13,18,9,1,0.26989936060308917,0.14011365658367447,0,0.0,8.14409513869858e-06,0
0,1,22,3,3,0.22165430613048717,0.2959648401556759,1,0.3333333333333333,1.011111909486876e-05,0
0,1,18,2,2,0.5283056554199924,0.3966143431680776,0,0.0,6.004358989866761e-06,0
0,10,9,2,0,0.21346221567322426,0.23494241901243326,6,3.0,1.761941134509814e-05,1
0,9,23,8,1,0.19772604629276083,0.1696000677881061,2,0.25,2.5849140078656204e-06,0
0,13,5,5,4,0.4870113373186917,0.5582941138932902,1,0.2,8.273870535756728e-06,0
2,10,7,7,5,0.4481796433312574,0.21745726560611447,0,0.0,4.793546301779612e-06,1
3,8,2,11,0,0.17883369532393503,0.4890119408114666,0,0.0,1.8869468813880873e-05,1
4,3,18,2,3,0.3409919948384436,0.03412791682127104,1,0.5,1.635985555383646e-05,1
1,10,16,2,3,0.54450562648042,0.06523735346251243,0,0.0,4.95014533924214e-06,0
2,3,24,5,4,0.4193292959985955,0.31582852871805744,0,0.0,5.100646282690459e-06,0
1,8,19,10,5,0.861013998768233,0.6490273787168819,1,0.1,1.4031328519843461e-05,1
0,5,15,7,1,0.32256879516315373,0.23955114054311336,4,0.5714285714285714,7.364760305342225e-06,1
0,4,19,10,3,0.31064875103959766,0.2721490892728688,0,0.0,7.163187187105558e-06,0
0,13,11,11,1,0.3082106753809513,0.29309496280339853,1,0.09090909090909091,1.576823142923532e-05,0
0,18,5,11,0,0.4989977463881204,0.03291865668480365,2,0.18181818181818182,9.36267376224821e-06,0
0,12,13,10,3,0.37279314603911456,0.30210640372743597,2,0.2,1.617080456868603e-05,1
0,5,8,6,4,0.34677790840640865,0.5921298806810406,0,0.0,4.9374290029236914e-06,0
1,5,19,4,4,0.28113625548827703,0.28953941447026366,4,1.0,5.993265976540451e-06,1
3,2,16,11,1,0.11597323446574634,0.05861083427408096,0,0.0,5.6747360476634e-07,0
0,5,15,3,4,0.3904510021965221,0.13409369551901926,0,0.0,6.538335163561846e-06,0
1,9,21,3,4,0.09898302643613023,0.29661646840277006,1,0.3333333333333333,3.447608969405494e-06,0
1,18,2,7,0,0.30574256274260375,0.10070725557162685,1,0.14285714285714285,2.028119902065953e-06,0
1,13,12,7,1,1.4192679179486303,0.7902337920946402,0,0.0,4.466544828083093e-05,0
1,6,13,8,0,0.26413644861033847,0.25286390191918845,2,0.25,1.0823211033535729e-05,1
1,2,23,8,0,0.46962577330592775,0.6701226252833443,2,0.25,1.3846481494826992e-05,0
0,8,11,10,2,0.3565614954253909,0.24524847428620902,2,0.2,8.517502541277716e-06,0
0,8,13,7,0,0.5911416207647957,0.4474897526314065,0,0.0,6.647742015994341e-07,0
0,17,5,2,3,0.7204622623885764,0.055412784608422506,2,1.0,5.659349945029298e-06,0
1,10,19,10,2,0.2881785248764748,0.6291208622330654,0,0.0,8.86810214132876e-06,0
0,5,8,10,4,0.18423132504154655,0.02897576755970416,0,0.0,7.702313177164733e-06,0
1,15,20,5,1,0.3960619031300758,0.28850779966238704,1,0.2,9.990706323373361e-06,0
1,12,18,4,0,0.39526873740741664,0.6142739336080665,1,0.25,8.430762667821741e-06,0
1,12,4,2,5,0.2707030430130856,0.33369454857600195,1,0.5,3.4402981193401904e-06,1
3,15,6,10,3,0.2726786024695549,0.49877795256694085,0,0.0,5.983189700152099e-06,1
1,1,19,5,1,0.2053294250011507,0.25816016893350463,1,0.2,2.1724692842139605e-07,0
1,14,6,10,5,0.22017524400561736,0.09943327852820986,2,0.2,1.0750327735611755e-05,1
0,8,23,5,0,0.5182606440958597,0.33379690059192024,1,0.2,1.4784466284101517e-05,0
2,9,4,7,2,0.6118532646417318,0.49158802940385127,1,0.14285714285714285,1.1407213491013685e-05,0
1,18,10,7,2,0.5205691028961955,0.3543441040397485,0,0.0,1.2604648549568384e-05,0
0,3,22,4,2,0.031315022977852644,0.3042191382758679,1,0.25,8.625634569770402e-07,0
0,6,10,11,5,0.5700971961296141,0.29990588349857394,1,0.09090909090909091,8.467432937452407e-06,0
1,6,18,2,5,0.28389955722590887,0.3196623234700338,2,1.0,5.433498577684225e-06,1
1,19,4,10,3,0.3247472060576199,0.3936297327521807,2,0.2,8.33320867899191e-06,1
0,16,4,11,4,0.22376846897808023,0.05427186313409396,1,0.09090909090909091,7.082245712994517e-06,0
0,16,2,11,1,0.20645636486611973,0.15710963478608694,0,0.0,7.37391678599482e-06,0
0,15,11,6,1,1.126622541707338,1.3564440324314357,0,0.0,3.5252856615991953e-05,0
0,5,4,6,5,0.1719435553951795,0.1382259966311049,0,0.0,1.1930978275147145e-05,0
1,11,4,9,1,0.4567620556538739,0.2227684302875153,1,0.1111111111111111,3.0881337274785484e-06,0
0,15,16,8,1,0.564967143751397,0.425841387038303,1,0.125,7.1646941048458005e-06,0
0,9,22,11,2,0.910332112468418,0.6058960588867192,1,0.09090909090909091,1.8034441669972555e-05,0
3,3,9,8,3,0.37428536628565656,0.32709955824132614,0,0.0,8.225449290545003e-06,1
1,17,4,9,0,0.18192071066704962,0.13503102131640302,2,0.2222222222222222,1.6948518081567582e-06,0
0,7,24,2,4,0.3615095063721551,0.24681389047003938,2,1.0,1.3095507720387907e-05,1
2,9,14,8,3,0.31266823698709706,0.43494701711698947,0,0.0,5.958564442233765e-06,0
0,18,11,7,3,0.9872139713049743,0.5075240293869625,2,0.2857142857142857,8.130707641713757e-06,0
2,3,7,11,5,0.48432591333642055,0.6148030493280476,3,0.2727272727272727,2.842304384685549e-06,1
0,2,4,3,3,0.29574034011006345,0.8310551594376917,0,0.0,1.5675746767871954e-05,0
2,3,14,11,3,0.7069419001274952,0.4958953965354979,0,0.0,3.859911131074359e-06,0
1,18,16,7,4,0.2727679129418147,0.21854670837104845,1,0.14285714285714285,5.080489937939939e-06,0
0,18,13,4,2,0.47815011145120684,0.36983827911378725,1,0.25,7.497982775883689e-06,0
0,15,21,11,5,0.18053727175539552,0.2824034695479338,0,0.0,1.0584454340892654e-06,0
1,10,23,8,3,0.2879215239966886,0.46476624797341254,0,0.0,1.4422016610634843e-05,0
1,3,22,7,2,0.2853587174803267,0.10856956883513347,0,0.0,1.3302795884793441e-05,0
1,15,24,10,0,0.35945397665214995,0.46209902479366693,1,0.1,5.843466299073401e-06,0
0,9,8,7,4,0.32855200751344027,0.23545989242213106,0,0.0,4.174015662870405e-06,0
2,6,15,4,0,0.12005342394460114,0.5177815262962637,1,0.25,1.1138471273388946e-05,1
1,15,6,5,0,0.4756348336883873,0.35946505497436426,4,0.8,8.160787169165464e-06,1
1,14,23,8,0,0.3922268747068947,0.5684386482154395,2,0.25,1.1163714966041804e-05,0
2,3,16,9,1,0.06634862860900605,0.29051610827427693,2,0.2222222222222222,2.3297873862755545e-06,0
0,6,4,11,4,0.08184357252717707,0.3520337979972328,1,0.09090909090909091,1.8211474483616797e-06,0
1,5,17,8,3,0.5355250755376878,0.20008641500173166,3,0.375,1.6719873079176972e-05,1
0,11,19,3,2,0.15267705476034438,0.3877567834375258,0,0.0,8.911106334862395e-07,0
0,12,11,10,1,0.32675721216376696,0.41004909815348944,3,0.3,6.367952519480989e-06,0
1,18,4,9,1,0.22438391037033625,0.1428593728952139,4,0.4444444444444444,9.166129007146932e-06,1
0,17,8,7,0,0.39796214905401395,0.4303857645426668,2,0.2857142857142857,2.0438817887979728e-05,0
0,18,20,2,3,0.18976506452998568,0.6157389280275264,2,1.0,1.1218510133533596e-05,0
1,10,8,8,1,0.5369183745903381,0.12915355648005464,1,0.125,1.5972457862559555e-05,0
1,12,22,7,0,0.7099486692327711,0.5807787486651923,2,0.2857142857142857,1.5506337625650934e-05,0
1,13,15,11,5,0.5745065077754812,0.30025943124287696,2,0.18181818181818182,1.444395256498407e-05,1
0,16,7,10,5,0.4200240108873443,0.4434879708138097,1,0.1,1.0334487449588754e-05,0
3,6,11,9,5,0.5611375411341392,0.45303475019458106,1,0.1111111111111111,9.668910471699683e-06,1
2,8,23,9,3,0.40150790829257843,0.9432714342477273,1,0.1111111111111111,3.5856981330796157e-06,0
1,12,10,6,3,0.15606264729973163,0.29349178760453604,1,0.16666666666666666,1.6494286351559055e-07,0
1,3,20,8,2,0.24343315925559741,0.26126412877982585,0,0.0,1.1019032323720148e-05,0
1,7,23,2,3,0.3247796257927507,0.16213394823913185,0,0.0,4.920194797243082e-06,0
0,14,2,5,5,0.39370856574426555,0.5118472008695977,2,0.4,3.5572460854419625e-06,1
1,18,6,3,5,0.06314381072759022,0.45867959159293803,0,0.0,7.522173203993572e-06,0
2,2,16,11,0,0.3984091977165138,0.3977681417154872,2,0.18181818181818182,4.322813708400002e-07,0
1,11,6,7,1,0.0848335937167467,0.27617334781074737,0,0.0,2.1654608737136642e-05,0
0,6,14,6,0,0.31489595595464825,0.3598159097951764,0,0.0,6.095290456467402e-06,0
0,13,7,3,0,0.08257899690793896,0.30731552966004994,2,0.6666666666666666,8.328544259488735e-06,0
4,18,6,4,2,0.7172104991578618,0.7097828081136555,3,0.75,3.5835813835481855e-06,1
1,4,19,3,3,0.2541709805484403,0.16549469892415447,1,0.3333333333333333,2.9813603320315657e-07,0
3,6,10,5,0,0.4313558970202583,0.24068692637753603,0,0.0,4.484495559044725e-06,0
1,5,3,8,5,0.5715986075967026,0.5335262492596246,1,0.125,2.019814353393461e-06,0
1,8,14,7,5,0.10481147846655381,0.16180209801492373,0,0.0,4.327297251244622e-06,0
1,13,6,4,4,0.3257361907714565,0.5481419854512272,1,0.25,1.3239643670395904e-05,1
0,12,22,8,0,0.08026170476558274,0.5208450484095171,1,0.125,8.104983739727325e-06,0
1,16,15,11,0,0.44079491013250105,0.5868542045837231,0,0.0,2.2462103419338146e-05,0
3,16,13,9,4,0.10330721713723925,0.36552239533596426,0,0.0,8.640922968931665e-06,1
1,12,19,10,4,1.103407235292004,1.4035640845493946,0,0.0,3.525303120651487e-05,1
0,19,19,8,2,0.4663823531801615,0.4178013352540928,1,0.125,5.41307335847945e-06,0
2,1,7,9,5,0.30132632975832685,0.2319246662198607,2,0.2222222222222222,7.347427373819102e-06,1
0,16,17,4,2,0.03470527440795412,0.24625525311129468,1,0.25,4.847665575602725e-06,0
0,17,17,6,0,0.3857311360486271,0.5725572796476616,1,0.16666666666666666,9.365243588893088e-06,0
0,19,20,10,4,0.5391614966401111,0.3770272128140015,1,0.1,7.670832316142163e-06,0
0,15,10,9,5,0.19978368505779887,0.21164272855254485,0,0.0,1.8993910219468125e-06,0
1,2,21,11,1,0.35573760357660017,0.21152647646037065,0,0.0,1.3103203345947258e-05,0
1,18,7,4,0,0.3740318233503271,0.24946948486721046,0,0.0,2.053934326542734e-06,0
1,2,21,4,0,0.18283228887691375,0.11059333086687997,2,0.5,5.527467851614007e-06,0
0,17,10,2,5,0.1421383605308154,0.2617368875692212,2,1.0,3.3704254081106896e-06,1
0,17,16,8,3,1.1278700676988656,1.3393619769661236,2,0.25,4.6650987195975e-05,1
0,14,14,11,5,0.3985801609307719,0.31802908749831416,1,0.09090909090909091,1.1816034816351174e-06,0
1,6,7,8,5,0.8857735103803457,0.8423031009422896,1,0.125,1.1256997050049337e-06,0
0,7,14,8,5,0.838517857803494,0.8212642731100608,1,0.125,1.5609359269530256e-05,0
3,6,18,9,1,0.3719733066713335,0.3665740542822221,0,0.0,8.894596413845013e-06,0
0,14,7,7,3,0.25817743559199746,0.23550703806784817,2,0.2857142857142857,1.2176118907184095e-05,1
0,14,21,6,4,0.6646979438473302,0.19736684047392883,2,0.3333333333333333,7.781614439173619e-06,0
1,13,2,3,5,0.1026581706969281,0.442320407199582,2,0.6666666666666666,6.943913096220516e-06,1
0,5,18,7,0,0.5527308310050658,0.9218014970578674,0,0.0,1.9462469939945547e-05,0
1,12,3,8,2,0.24038554637729495,0.3169550775781201,3,0.375,7.38437415053864e-06,1
1,6,9,5,1,0.35495777895895597,0.2777760803612777,1,0.2,7.6113649159437925e-06,0
0,7,10,7,0,0.5332447611841118,0.03138917348521801,0,0.0,1.0928329680490545e-05,0
0,4,20,4,0,0.15626650807193446,0.10638903980413986,2,0.5,8.525458267907555e-07,0
0,17,2,2,0,0.40078686439165645,0.4443237149126528,0,0.0,2.9226725433070533e-06,0
1,14,3,4,1,0.2986507027078836,0.39478935074006216,1,0.25,9.924772144130349e-06,0
1,6,15,6,0,0.09361949045216149,0.43005467604001074,0,0.0,8.759164154522514e-06,0
0,14,17,9,2,0.47028579308113233,0.38741367727389797,1,0.1111111111111111,9.44813693807038e-06,0
2,16,19,7,1,0.3439780659522289,0.3061683394561679,0,0.0,1.0332571003841642e-05,0
0,9,9,10,4,0.2276181433241799,0.06579160489497485,0,0.0,2.6405941503597217e-06,0
0,9,6,4,0,0.33935463110876196,0.19312044330093933,1,0.25,7.927906925866077e-06,0
0,15,9,10,1,0.1441750543114418,0.40397026378382855,1,0.1,3.7394111121560343e-06,0
2,1,14,7,0,0.213467672826794,0.37466663469446154,0,0.0,1.0421479028435675e-05,0
2,3,2,7,3,0.087605550975178,0.39523475764946203,1,0.14285714285714285,3.7642091593467793e-06,1
1,12,11,4,1,0.24436697364663523,0.7306726731307696,3,0.75,2.398848326560991e-05,1
2,9,13,10,1,0.5736683279299855,0.031554485977469064,2,0.2,1.5777242988734533e-05,1
0,8,6,3,0,0.26407269876104056,0.2438399638831378,0,0.0,4.280032090993153e-06,0
1,9,10,5,3,0.4259155235669802,0.2957233664283592,0,0.0,1.7356754681676158e-05,0
1,18,22,11,1,0.299655183173537,0.3904538351794276,3,0.2727272727272727,1.8418354815633782e-05,1
0,13,16,10,4,0.12552839823006914,0.35849029012057726,1,0.1,1.8365913351286325e-06,0
1,19,3,3,4,0.5276480050530528,0.17309564160085925,1,0.3333333333333333,5.541931662997218e-06,1
1,19,16,7,5,0.30385681015359517,0.7821885091849441,4,0.5714285714285714,4.213920938404132e-06,1
0,18,13,2,5,0.47078644508981826,0.22259981923328548,0,0.0,1.1419449210574734e-05,0
0,18,3,6,4,0.3423969776987161,0.17077115695535322,2,0.3333333333333333,9.224853217907249e-06,1
1,9,21,5,0,0.4986324377891095,0.5873215170527888,2,0.4,2.3795858586273985e-05,1
2,6,24,9,4,0.23119777041685985,0.39595188468745335,1,0.1111111111111111,1.3953074958478032e-05,1
1,8,8,2,2,0.38855881209508214,0.3707281300994575,0,0.0,4.04336673665513e-06,0
2,13,17,9,5,0.2553077323268909,0.31756144074886805,2,0.2222222222222222,2.521658624097707e-06,1
0,4,13,2,4,0.2350951026364246,0.2344230278295442,0,0.0,5.639345934155977e-06,0
0,11,24,7,4,0.22951981206293798,0.22701183777375747,3,0.42857142857142855,6.006577672167277e-06,1
3,7,6,6,2,0.5291037553609163,0.28262801221280276,1,0.16666666666666666,2.281966735160778e-05,1
3,4,2,4,4,0.1984395593201426,0.3989034439341256,1,0.25,2.1495613136658377e-06,1
1,17,21,4,2,0.6004558482281664,0.4648620442357953,0,0.0,1.0639485034995426e-05,0
1,17,12,8,1,0.24030859486177433,0.20381080365148044,1,0.125,3.851109692682773e-06,0
0,1,20,7,3,0.3173961120443091,0.36908193387714366,2,0.2857142857142857,4.525727187283884e-06,0
1,11,11,6,2,0.3790194112650722,0.40187872066976466,1,0.16666666666666666,1.2269642779786563e-05,1
1,7,6,7,1,0.15766516731468108,0.0899478514517069,0,0.0,6.942540570821779e-06,0
0,18,17,5,4,1.009914018467261,1.6085381576755085,0,0.0,1.2192681510306475e-05,0
0,16,11,9,2,0.3490677653324067,0.34003072024277287,0,0.0,5.761219875150087e-06,0
3,14,18,3,0,0.4492647209526634,0.5708579702293393,2,0.6666666666666666,6.1453688065203884e-06,1
2,10,7,2,1,0.5684422768752707,0.7949559993894901,0,0.0,1.3100566892257871e-05,0
0,12,8,4,1,0.272478736808141,0.11069860685831452,1,0.25,6.772186715922413e-06,0
2,18,23,2,1,0.4275550638715249,0.4846124567258842,1,0.5,1.1246951860827624e-05,0
1,12,2,9,4,0.36112769226198665,0.8309678497524523,1,0.1111111111111111,1.0635196653145175e-05,1
1,19,5,6,5,0.5173544101430804,0.36452523764920935,3,0.5,8.20478549540359e-06,1
0,4,20,7,4,0.8721059596802242,0.8448265422843619,1,0.14285714285714285,1.8442538663616893e-05,0
1,17,20,3,4,0.3945484989312076,0.5063254275580578,1,0.3333333333333333,1.3680037845835572e-05,1
1,5,3,5,4,0.345229915943191,0.2505182612386262,1,0.2,8.250686029051149e-06,1
0,1,4,2,0,0.21783571423189535,0.288839105789007,3,1.5,1.237274721795278e-05,0
1,19,9,10,5,0.14514162979592563,0.381481563854638,2,0.2,4.251251680968995e-06,1
1,6,24,11,2,0.38242533462981754,0.10508062837683935,1,0.09090909090909091,1.7654803336259135e-05,1
2,17,8,6,3,0.43722477438823537,0.4809905404297517,1,0.16666666666666666,4.014609603465545e-06,1
2,18,18,7,0,0.6095857417952196,1.2561008243286802,1,0.14285714285714285,1.5980480982679513e-05,0
2,12,23,10,5,0.13648726033177647,0.08288200648445095,0,0.0,8.075146915299307e-07,0
1,4,21,9,3,1.1956198282543173,0.6887025801220596,0,0.0,2.6749947943174573e-05,0
1,11,16,10,2,0.18937695523351328,0.17764768573989403,2,0.2,4.05812654427615e-06,0
0,8,15,7,3,0.4010934740870317,0.5944998300850366,4,0.5714285714285714,1.0128648480199313e-05,1
0,15,17,7,5,0.43225832897222416,0.3683639704637793,0,0.0,6.496765350219836e-06,0
0,11,3,5,5,0.03675929299444016,0.266544483104056,2,0.4,1.044827772657626e-05,1
0,17,20,11,4,0.34402067862919905,0.664294845733698,0,0.0,2.1868028785800723e-06,0
1,19,16,9,5,0.30550627255817364,0.11481849797050978,3,0.3333333333333333,2.669431029326557e-06,1
1,4,8,5,2,0.32504192690277517,0.18302918089410744,0,0.0,1.0919573732747243e-05,0
0,10,4,6,4,0.09179454154408755,0.41773674930331567,3,0.5,1.4815952346152095e-05,1
0,14,10,7,1,0.18848451664040822,0.2693254166996374,0,0.0,1.316795303906401e-05,0
0,9,10,4,2,0.4497313520217772,0.5821488847571402,3,0.75,1.2560481994149766e-05,1
2,9,21,11,0,0.2639601860957985,0.38747239512140297,0,0.0,9.891683737603305e-06,0
0,19,9,9,5,0.32979589344679183,0.248850279607572,4,0.4444444444444444,1.6192359927329027e-05,1
0,15,14,11,3,0.839581346911782,0.43110802588340313,1,0.09090909090909091,1.2081834596310415e-05,0
1,17,13,11,4,0.25832412775520036,0.30586562795910976,1,0.09090909090909091,5.96051448486986e-06,1
1,14,9,10,1,0.42025712274359056,0.1658818277316792,0,0.0,4.554455390838241e-06,0
2,18,10,5,0,0.5470608889437892,0.4854604008151283,1,0.2,5.180132384344016e-06,0
1,13,8,3,0,0.31087401483394617,0.2307540532085564,2,0.6666666666666666,8.121946826688182e-06,0
2,11,10,11,2,0.4151333050748166,0.2616266256997179,2,0.18181818181818182,1.1250502145025541e-05,1
0,19,12,5,4,0.15530738152037668,0.3025138061215872,1,0.2,8.179365804721328e-06,0
1,14,21,3,3,0.4621130749646752,0.2162050469913286,1,0.3333333333333333,1.8575923338692195e-06,0
0,2,15,9,0,0.21701094117889,0.17142103911554937,2,0.2222222222222222,3.827554627909359e-06,0
1,2,22,4,0,0.5502923068694399,0.5999592675200959,1,0.25,1.2262830081522528e-05,0
3,4,24,9,0,0.9621544292478326,0.09320229494664696,1,0.1111111111111111,2.7049095531099353e-05,1
0,16,7,7,2,0.4023734830602915,0.10366248223574165,2,0.2857142857142857,2.0779842806067975e-06,0
4,8,17,2,4,0.36184325881572105,0.9245987645380055,1,0.5,1.5873897641069004e-05,1
0,1,10,9,5,0.34988626292246616,0.13223231427368637,0,0.0,1.3258652019284293e-05,0
2,3,11,6,3,0.10614921079277102,0.37720393556660253,2,0.3333333333333333,1.3507147046939967e-05,1
1,15,10,6,1,0.2458065656783381,0.39640568830202194,2,0.3333333333333333,8.582819748501188e-06,0
0,3,14,6,1,0.8874069791752285,0.5622145700855873,0,0.0,2.3581644882375958e-05,0
1,2,10,2,0,0.44308681824658736,0.431520648390966,1,0.5,5.6919526625606785e-06,0
2,13,22,5,4,0.2829901236207675,0.3251061450886228,1,0.2,1.7772847106825436e-05,1
1,7,20,2,0,0.28415601322272205,0.02783402302122066,0,0.0,7.48005495277795e-06,0
1,19,13,8,2,0.09309591760379136,0.2624224625260605,0,0.0,4.315209355308908e-06,0
1,3,15,8,4,0.17579639954878062,0.2895330688720263,1,0.125,7.139310838089453e-06,1
2,6,23,8,0,0.4819489019816191,0.5084928029251149,0,0.0,6.380501299131477e-06,0
1,1,13,9,1,0.3465693232360342,0.7306429882851001,2,0.2222222222222222,5.458671582128432e-06,0
2,10,24,4,3,0.24702946819314722,0.37799295062680993,0,0.0,4.40743566776775e-06,0
0,7,24,9,5,0.5131735260514249,0.7792785355591522,2,0.2222222222222222,3.2587899235297165e-05,1
0,12,5,5,5,0.300365103442528,0.22230814009878422,0,0.0,1.3180819554006064e-05,0
0,18,14,2,5,0.22454455705626303,0.44389148261443273,0,0.0,7.28672150043077e-06,0
0,18,2,9,2,0.3543514605118918,0.2785158041172342,2,0.2222222222222222,8.10832226028799e-06,0
0,17,7,11,1,0.28606982210521004,0.33141577981721154,1,0.09090909090909091,2.31389826667312e-06,0
1,8,8,7,5,0.44993775132485575,0.15598705214210173,1,0.14285714285714285,4.04083754454025e-06,1
0,4,9,10,5,0.49174834771834147,0.4275444260047637,2,0.2,6.990471445200595e-06,1
0,17,11,5,1,0.28197871541609426,0.1701405377207526,1,0.2,5.4642952392199335e-06,0
2,17,12,9,0,0.23056198086402624,0.3038662458735368,1,0.1111111111111111,1.0022546721319927e-05,0
2,14,14,6,3,0.1329996718650774,0.07156789049915789,4,0.6666666666666666,1.0481326491746189e-05,1
1,15,10,10,4,1.0901245189682816,2.319937233492751,2,0.2,4.310760322322013e-05,1
0,4,21,7,1,0.5371415565424756,0.536361613181299,5,0.7142857142857143,9.48489218715747e-06,1
0,6,7,3,4,1.1163007006101617,0.06209190724681666,4,1.3333333333333333,9.580678003911667e-06,1
0,5,5,4,4,0.20620220315429577,0.10447733013869273,2,0.5,1.0734356019819295e-05,1
1,14,7,6,3,0.41704051496388633,0.6790227989079849,2,0.3333333333333333,2.201444224338907e-05,1
1,16,14,11,1,0.5555551878893283,0.641585157316247,3,0.2727272727272727,5.0725942211262465e-06,1
1,12,17,5,0,0.3331395086510356,0.29581709836994474,3,0.6,7.136901749005657e-06,1
1,13,10,4,4,0.2181213710347597,0.23693545232403532,0,0.0,7.785644251247061e-06,0
1,1,20,8,2,0.5320860067708278,0.6284248586774216,0,0.0,1.4422623870618555e-05,0
1,9,21,6,3,0.5803925780717425,0.4704873291572101,0,0.0,1.4338790421977854e-05,0
0,1,10,9,4,0.7103195396365128,0.44299332084035664,0,0.0,9.977646851453978e-07,0
0,5,21,2,5,0.24698418789559498,0.4228619750896949,1,0.5,1.4102542669066778e-06,0
1,12,8,11,0,0.31537141929284235,0.49335253360128456,0,0.0,5.282464080756617e-06,0
1,15,18,6,5,0.7421288792853903,1.100271526097147,2,0.3333333333333333,2.7194593166493107e-05,1
1,5,22,5,3,0.09091278132521781,0.3293038695947164,3,0.6,3.694773275812986e-06,1
2,3,18,11,4,0.03675138640367745,0.2754557493267218,0,0.0,1.531307766819894e-05,1
1,18,4,6,1,1.3186115356866357,0.530394238861148,1,0.16666666666666666,3.649337647311503e-05,0
1,10,4,9,4,0.28191074177536846,0.1872292091698211,1,0.1111111111111111,6.940000415782731e-06,1
1,17,23,7,1,0.25578944067850834,0.26560014143042493,0,0.0,4.591796567235971e-06,0
0,18,18,7,0,0.20823607258819796,0.51243552614899,0,0.0,6.071708140485525e-06,0
0,10,6,4,3,0.039878915593340586,0.5336416444929166,3,0.75,8.615924926409613e-06,1
1,9,8,2,0,0.6787054907078467,0.5108857310681989,0,0.0,8.268941004723363e-06,0
0,8,11,7,4,0.3131751823032913,0.5380015086844372,1,0.14285714285714285,1.3064732978180872e-05,0
0,1,20,4,3,0.9626344734065817,0.2488162356323987,1,0.25,9.661632454618663e-06,0
1,12,2,10,1,0.2131150776459895,0.23311053382114597,1,0.1,5.429703620194215e-07,0
2,7,19,8,2,0.45714512510842,0.0782007265074155,0,0.0,1.3653881072947812e-05,1
1,7,10,9,2,0.5779166050617035,0.32116372140305893,2,0.2222222222222222,1.012397170852258e-05,1
0,1,19,6,1,0.21860493521524882,0.17333902185875802,1,0.16666666666666666,2.875561892865597e-06,0
2,4,21,7,2,0.3765828631139651,0.3616286419828567,1,0.14285714285714285,6.68206465463186e-06,0
0,17,9,9,0,0.3123874072171771,0.3719320508696602,1,0.1111111111111111,2.3001752395265e-06,0
0,17,3,2,2,0.5813886393883657,0.7703443771019842,0,0.0,2.7103059853268424e-05,0
0,14,20,7,5,0.21383356201313938,0.2070212104529732,1,0.14285714285714285,5.014468389487579e-06,0
1,1,13,3,4,0.3029177219732151,0.13427757886377364,1,0.3333333333333333,1.638236561384663e-05,1
0,10,10,3,5,0.23417454107026112,0.28664127370464104,1,0.3333333333333333,1.0734360681700196e-06,0
0,5,4,5,1,0.2284197950546435,0.44886360727954183,0,0.0,5.184436148003178e-06,0
1,19,20,4,3,0.2656978841934944,0.3680666045300147,1,0.25,1.3694853041847183e-05,1
0,2,3,8,4,0.44142491292530955,0.31124068942488725,1,0.125,2.650998700887126e-06,0
0,9,3,3,2,0.5071332297178939,0.531175453706471,0,0.0,5.136294152319979e-06,0
1,3,14,5,5,0.1725297378764347,0.4964990164705166,0,0.0,7.960744440197175e-06,0
0,6,24,3,1,0.501390307736631,0.30342195283873513,0,0.0,1.0915350217950295e-05,0
0,5,20,2,4,0.27048305201721845,0.22934921626699487,0,0.0,1.2248619722179525e-05,0
1,10,18,6,2,0.3710115470784943,0.23417675682762987,2,0.3333333333333333,1.5181374246999014e-06,0
0,16,19,10,4,0.3292885777655565,0.6531434893522681,0,0.0,9.73997567765891e-06,0
1,19,10,11,0,0.4483183301577543,0.03262538569778361,2,0.18181818181818182,1.5584228512722493e-05,1
0,11,3,9,5,0.4748976974569582,0.40502410717110277,1,0.1111111111111111,1.7452139846793435e-05,1
1,1,19,4,1,0.3852645099799249,0.6104327685866766,1,0.25,1.4054115893922048e-05,0
0,6,13,6,3,0.6848073019130841,0.454530150207863,3,0.5,7.435359313765505e-07,0
1,15,10,3,3,0.5437584055490643,0.02369973085341794,0,0.0,4.746192765619127e-06,0
0,19,24,5,5,0.25182889382384704,0.4070400724943279,2,0.4,1.035957831589144e-05,1
2,12,19,4,4,0.07288855334751912,0.2617646179135917,1,0.25,2.4059991981106896e-06,1
1,1,2,7,4,0.4411769964460868,0.29822765222413944,1,0.14285714285714285,1.0224629028922651e-05,1
0,1,14,6,2,0.35086362429552315,0.30349229270732603,3,0.5,1.7249170637793378e-06,0
3,18,15,10,1,0.49532701875412233,0.5745365751205616,1,0.1,8.496915887219759e-06,1
1,5,16,4,1,0.15119093771400374,0.23742109213424378,0,0.0,5.298776460537859e-06,0
3,7,21,11,5,0.3801531386816057,0.6307857234028806,1,0.09090909090909091,1.9198073965930655e-05,1
1,9,19,9,0,0.4404212418222916,0.6005654900153552,1,0.1111111111111111,1.8866695740700734e-05,0
2,4,11,6,1,0.27260540047444615,0.16136839925066684,0,0.0,5.548419833330849e-06,0
1,17,2,6,1,0.1970997713583396,0.3832155157213589,1,0.16666666666666666,8.441721662861747e-06,0
0,15,15,3,3,1.019099107894129,0.542091773871367,0,0.0,1.1277111399854236e-05,0
2,18,16,5,5,0.3657552377280731,0.21293870026670053,1,0.2,1.6379690148035807e-06,1
0,9,24,9,0,0.37958470498789626,0.4219836121867169,0,0.0,5.077162695842426e-06,0
1,19,24,5,3,0.18918429779890647,0.30767589645523646,1,0.2,1.4530241359418716e-05,1
2,2,12,8,3,0.38074331250673416,0.25044221222537216,0,0.0,1.481091229984846e-05,1
1,11,21,3,2,0.36908984910069365,0.35827711819935615,3,1.0,2.728381433909624e-07,1
3,19,20,3,4,2.111228558491453,1.0454553644368036,0,0.0,1.901771013043621e-05,1
0,11,4,11,3,0.08694024877337798,0.845407187024067,2,0.18181818181818182,1.0384810957026359e-05,0
1,6,3,8,3,0.2790319885861926,0.619372652894387,1,0.125,1.1865134281473118e-05,0
4,14,18,6,2,0.18226412267561123,0.345588681251106,4,0.6666666666666666,1.1141679528262118e-05,1
0,14,12,10,3,0.11376486417404477,0.2225402027516566,2,0.2,5.502612941231593e-06,1
0,7,21,2,1,0.12954538175033325,0.3149204950934002,1,0.5,1.1958060348888692e-05,0
1,1,19,8,2,0.36686342917610654,0.40761931431488085,2,0.25,6.623070310399496e-06,0
1,11,7,10,4,0.058813179984154376,0.6911776126007846,1,0.1,1.1639039931188035e-05,1
1,12,8,11,4,0.5146349061363169,0.5305442194219319,0,0.0,2.5095083501110963e-05,1
3,19,11,11,4,0.4231446786832704,1.1104892390211178,1,0.09090909090909091,1.0678067819724461e-05,1
3,15,16,7,4,0.43531756577912073,0.30959554671202877,1,0.14285714285714285,5.665024107720148e-06,1
1,12,2,8,5,0.2939193363268531,0.03792455325270771,2,0.25,1.1620407851896682e-05,1
0,18,9,7,5,0.15313188040510278,0.2674619521942246,2,0.2857142857142857,5.303002125077792e-06,1
1,5,5,6,5,0.6247408617440873,1.509558192489355,0,0.0,2.5490752813269555e-05,0
0,3,16,8,5,0.03986764261273117,0.11042506497646586,0,0.0,1.3477190144179617e-05,0
0,19,3,11,5,0.11534691301724721,0.13965703551476227,0,0.0,4.116671231855861e-06,0
2,15,5,10,4,0.38396512472511907,0.44920348820250716,0,0.0,4.996076473867026e-06,0
0,4,6,7,2,0.20554146670677037,0.31155605050685037,1,0.14285714285714285,8.225044000797385e-06,0
0,18,2,4,2,0.3663291772932771,0.4799691179279764,0,0.0,1.772070721937639e-05,0
1,5,9,10,5,0.06482623354158837,0.5222636306688314,3,0.3,3.7510488674108526e-06,1
1,18,9,2,4,0.5042572477696423,0.5386806011600045,1,0.5,2.185100774890146e-06,0
0,14,5,6,5,0.5114729583377252,0.15796984434469555,2,0.3333333333333333,8.16201117081806e-06,1
1,1,13,11,1,0.3529363099832044,0.3022429304580002,3,0.2727272727272727,1.0259750568455716e-05,1
0,7,24,3,3,0.3346929815725543,0.13683086004500383,0,0.0,1.9810225486321704e-05,0
1,3,8,5,1,0.2015263541196346,0.17976996893049585,2,0.4,8.03960762294266e-06,1
0,2,21,2,0,0.2883901732664249,0.30636102572794527,1,0.5,2.438924374363275e-06,0
2,14,4,8,2,0.3485431897654321,0.2546950667636882,3,0.375,4.161947409166205e-07,1
0,18,20,3,3,0.15432974365838348,0.378064248644475,0,0.0,7.859189642878724e-06,0
0,3,2,11,4,0.5390590710982418,0.3594777395464371,1,0.09090909090909091,5.781174870356056e-06,0
1,9,2,9,3,0.2960863304108766,0.19134819545098147,1,0.1111111111111111,5.870746391169063e-07,0
2,11,20,3,0,1.0644091027957945,0.7875943977320554,2,0.6666666666666666,2.0088539935933337e-05,0
0,14,24,8,1,0.14280991584041355,0.23404217431272478,1,0.125,7.147506783864668e-06,0
1,11,23,6,5,0.20134938547702735,0.3801768998169326,0,0.0,5.290849598378768e-06,0
0,12,11,11,0,0.6659169066322158,0.04008646400079109,0,0.0,9.642090758292327e-06,0
1,12,11,7,5,0.7433433899364446,0.5188160455928833,0,0.0,1.092952366387463e-05,0
1,4,17,10,1,0.22571009651973728,0.1021181683167701,1,0.1,1.13178964697988e-05,0
0,1,14,10,1,0.43072995037826933,0.4590569666839323,1,0.1,3.691581972631188e-06,0
0,12,21,8,5,0.4435212311815113,0.3870310701225076,0,0.0,7.619432517779683e-06,0
1,3,21,5,5,0.4701531084021633,0.38014229268529265,0,0.0,6.655226940890498e-06,0
0,14,9,8,3,0.5035565938000517,0.3634578225157376,2,0.25,1.811620243750131e-05,1
0,18,21,7,1,0.216973731059106,0.024113432304278606,1,0.14285714285714285,8.92407425443175e-06,0
0,2,14,10,4,0.42641648060169557,0.2070283617500827,2,0.2,5.8179700766958404e-06,1
2,1,11,9,1,0.4909843599359922,0.488265474065965,2,0.2222222222222222,1.3624064860091953e-05,1
1,11,4,9,3,0.5550433874000426,0.3271889495829133,0,0.0,7.007852555957943e-06,0
1,8,23,9,1,0.19865172080263643,0.28675448645911394,2,0.2222222222222222,9.810268982240914e-06,1
1,13,22,3,3,0.2673169348498007,0.2734093529789394,2,0.6666666666666666,4.660967522460846e-06,1
1,17,20,3,3,0.32895982223931636,0.3668102912933455,3,1.0,8.939063156757022e-06,1
0,15,8,11,2,0.6327861369946213,0.5349102815625655,1,0.09090909090909091,3.3746522700870686e-06,0
1,12,7,11,0,0.04012829485853686,0.5466282522768173,0,0.0,1.0135983165255162e-05,0
1,16,23,5,2,0.34582786671937626,0.14108617954381641,0,0.0,8.442542017841862e-06,0
0,4,9,2,0,0.029724420411887775,0.2515695683837139,2,1.0,4.686397177734224e-06,0
0,1,19,8,5,0.04563565732947713,0.166104261540949,2,0.25,1.2857899078758238e-05,1
2,11,9,4,2,0.2008720542093607,0.7115633532320997,1,0.25,1.5316372081016734e-05,1
2,16,16,4,2,0.3174180331392615,0.02248989380493257,1,0.25,6.1892501696801956e-06,1
0,15,10,3,5,0.2425497733329452,0.1961574414381196,0,0.0,1.7689004109896894e-05,0
2,5,8,9,2,0.19992915870316055,0.4527882125631356,2,0.2222222222222222,1.6646598651059083e-05,1
3,14,21,8,5,0.5472892181314606,0.7697030684201589,0,0.0,2.0737359743949322e-05,1
0,12,6,3,3,0.3884278054934409,0.3096991559196479,2,0.6666666666666666,5.188816107570295e-06,0
2,4,2,2,3,0.36712086035307684,0.24533860234916338,0,0.0,1.1561194915662251e-06,0
0,7,9,10,2,0.5178501491488974,0.569209605685241,4,0.4,8.98457552945564e-06,1
0,12,8,6,2,0.509709968523634,0.2754184245773573,1,0.16666666666666666,4.3254950823785485e-07,0
2,10,3,8,1,0.5278349846667474,0.13046029497119632,1,0.125,1.307761437949381e-05,1
1,5,15,10,4,0.8808401865022427,1.3550493656036364,1,0.1,3.836489901584857e-05,1
1,18,15,6,2,0.6886302671520794,0.6953711929942011,0,0.0,2.555593911027425e-05,0
1,1,17,11,4,1.0986308237153537,0.42007233744480055,0,0.0,7.847859205553417e-06,0
0,15,23,7,1,0.6033748148366652,0.1974815742773803,3,0.42857142857142855,5.916370481293541e-06,0
0,16,14,5,0,0.7526237478782295,0.5417735840576676,2,0.4,2.4241437687401344e-05,0
0,16,19,8,5,0.30815462437850205,0.5151624268641082,0,0.0,1.0642850373284248e-05,0
0,7,9,9,2,0.34063479076751185,0.3557707554269742,2,0.2222222222222222,4.149969932997992e-06,0
0,19,3,5,5,0.2518993930579905,0.19804111674455982,2,0.4,3.0700786830511336e-06,1
1,8,7,2,4,0.04302060226214968,0.4751647633038756,1,0.5,7.136433670071854e-06,0
0,6,24,3,0,0.09661095515032914,0.3091582097105581,3,1.0,5.684338458351514e-06,0
0,2,15,4,0,0.7624343394438866,0.23247124107016043,1,0.25,1.9185064143404787e-05,0
0,6,15,10,0,0.3603570173557517,0.15452798725227965,0,0.0,3.5964732101600602e-06,0
0,4,3,5,0,0.20317730510176812,0.3064975800503402,0,0.0,4.0258263987564846e-07,0
0,9,2,7,0,0.3841272425232948,0.6170927647181538,2,0.2857142857142857,2.230861763887047e-06,0
0,16,19,10,0,0.2854731856803498,0.27206459080970524,2,0.2,7.868401070370533e-06,0
2,9,15,10,1,0.5156816446509258,0.232604281759903,0,0.0,1.2226761699702643e-05,0
0,7,21,5,0,0.04324351663281851,0.30788771044900376,2,0.4,7.647825079554032e-07,0
1,19,4,5,1,0.32855200751344027,0.3770916192250462,0,0.0,1.5316372081016734e-05,0
0,8,7,2,2,0.5715126181996086,0.4953036478798897,0,0.0,7.049423386973861e-06,0
0,18,20,3,2,0.2949501653137977,0.27382893367105204,0,0.0,8.088223658823972e-06,0
1,10,24,5,2,0.09156245343380957,0.170300629431063,1,0.2,1.4256661679450107e-06,0
2,9,8,10,5,0.20799533640310647,0.29950336475315914,2,0.2,3.843835353276636e-06,1
2,5,3,4,2,0.13945176570316356,0.19700999443670034,1,0.25,4.59948943836437e-06,0
0,10,17,5,3,0.2986796610129725,0.1616081663222065,1,0.2,1.2574164118307672e-05,0
0,18,9,4,4,0.1213982366537672,0.18724758174671732,3,0.75,4.801440868799921e-06,1
0,7,5,7,4,0.07358037814707574,0.3784310462564293,0,0.0,5.367011688852826e-06,0
1,13,20,2,3,0.4929837183841508,0.31708112911943404,2,1.0,8.83897624103248e-06,1
1,18,10,7,2,0.9911050079223817,1.506799249797219,1,0.14285714285714285,3.807642560766055e-05,1
1,10,24,6,4,0.5235414239473846,0.1630278832526273,1,0.16666666666666666,1.0506639863633723e-05,1
2,5,6,2,2,0.4716323161410938,0.043972922850901784,0,0.0,6.026676355486305e-06,0
2,18,20,9,1,0.0786894894748061,0.10561929503801658,1,0.1111111111111111,5.062269072438644e-06,0
0,5,20,3,2,0.3394777640520172,0.40869596462003877,2,0.6666666666666666,1.4223284836779133e-05,1
0,10,12,6,4,1.4267745529060698,0.7886930500203405,1,0.16666666666666666,8.921070448148686e-06,0
1,1,3,4,0,0.32000003992621084,0.20552532557648998,2,0.5,4.1778296345163815e-06,0
0,19,13,10,1,1.0139925929868134,0.3518956482134087,1,0.1,8.490323417867589e-06,0
1,6,10,9,4,0.6706157839670127,0.49816937954562884,0,0.0,1.4453102128781415e-05,0
2,13,8,7,2,0.3540901218896305,0.46628993269870683,0,0.0,5.701767967696193e-06,0
2,10,16,3,4,0.27027188686174675,0.3814839634137034,1,0.3333333333333333,5.108953155670012e-06,1
0,1,4,6,5,0.34956354000951184,0.42265085591174334,3,0.5,9.356621177579736e-06,1
0,9,13,5,4,0.4047241481263371,0.8483028104204074,5,1.0,2.0652580323282675e-05,1
0,10,12,7,0,0.23831480866454152,0.5202608942491476,1,0.14285714285714285,7.743078813800696e-06,0
0,7,24,4,3,0.6938704994648549,0.4587935304499259,0,0.0,1.6878849806124013e-05,0
2,19,12,6,2,0.14030144832932134,0.44693895042523735,1,0.16666666666666666,6.1256759179009215e-06,0
1,18,5,7,0,0.3202866024819514,0.3749786905391539,1,0.14285714285714285,5.086459984966348e-07,0
0,9,20,4,1,0.05216557169838865,0.43335162853209197,0,0.0,9.706679618339361e-06,0
1,11,6,4,2,0.6258102092006526,0.3705881607496053,2,0.5,1.411447152357645e-05,1
2,6,4,10,2,0.5780286451880213,0.5589499124067233,0,0.0,9.169523550343585e-06,0
2,2,8,4,2,0.25866994589047043,0.4600584525137153,0,0.0,2.4831426622651797e-06,0
0,7,10,6,4,0.037215929786732695,0.6101493993180637,1,0.16666666666666666,1.550663741113862e-05,1
0,14,18,5,2,0.7322896350603167,0.5493586477033874,1,0.2,9.991363307770336e-06,0
1,6,19,9,3,0.27186982909256885,0.4585058377498092,1,0.1111111111111111,1.0495669561466537e-05,0
0,5,20,4,2,0.7989989319115344,0.4322168291100386,1,0.25,6.276808687717693e-06,0
1,11,5,5,0,0.3359972742782839,0.22050274271227496,2,0.4,1.8346466979791856e-06,0
1,17,2,2,0,0.5231221165614621,0.3283761408960321,2,1.0,9.239018618292896e-06,0
1,10,2,3,2,0.21647332933732913,0.2097957140769226,2,0.6666666666666666,7.849344515831694e-06,1
0,13,23,3,0,0.4286770932691627,0.23869789162178273,2,0.6666666666666666,2.7209497900577995e-07,0
0,4,4,10,1,0.2764428003857624,0.24323389031472956,0,0.0,1.1916748830472544e-05,0
3,16,21,11,2,0.6152855040429355,0.2177752390188788,2,0.18181818181818182,6.275657524385875e-06,1
0,12,20,6,2,0.14295101045159261,0.5381746513639206,2,0.3333333333333333,1.3642812380573342e-05,1
0,8,21,4,4,0.36441127698409886,0.16739996786412775,0,0.0,2.1482178176641507e-06,0
0,12,6,9,1,0.9675571329282533,0.7333062483395828,2,0.2222222222222222,2.601708660265494e-05,0
1,11,20,9,3,0.24741546158544156,0.2771449655425843,2,0.2222222222222222,6.541048413794795e-06,1
0,3,12,4,5,0.21077122480934865,0.29786647983169695,0,0.0,1.5252360257029543e-05,0
1,14,13,7,3,0.7071407080568097,0.3429935549636266,0,0.0,7.27708133202466e-07,0
0,19,3,9,1,0.7371150286325148,0.8349889792438001,0,0.0,6.273445621377305e-06,0
2,4,13,7,3,0.29701533033231686,0.43090895783569455,0,0.0,6.509278376207135e-06,0
1,12,14,6,2,0.4120705949073985,0.26051991259200596,1,0.16666666666666666,4.123367626165765e-06,0
1,3,23,3,4,0.3526207738293486,0.4234960420636243,1,0.3333333333333333,6.165097130086334e-06,0
1,14,8,8,3,0.27668236213892494,0.4537520527372585,1,0.125,1.0724241755108482e-05,0
0,9,6,3,3,0.29883342381969497,0.5948666218771355,2,0.6666666666666666,1.0113311363930652e-05,0
0,12,10,7,4,1.2800786894954646,0.7812325291088844,0,0.0,4.376440421779308e-06,0
2,7,15,6,1,0.2451050755358476,0.36488242978779784,0,0.0,1.1282457905340462e-05,0
0,11,16,7,4,0.2783543972568801,0.24300328733315443,2,0.2857142857142857,1.2976269878975293e-05,1
1,5,16,7,5,0.5185417833296737,0.5444016948058414,1,0.14285714285714285,7.902463404287375e-06,1
0,7,13,7,0,0.16127473791844363,0.5317807263571223,2,0.2857142857142857,4.492267898981482e-06,0
1,1,10,10,4,0.3182749842802821,0.30595073847070653,1,0.1,5.271002183022696e-06,0
2,11,15,6,5,0.695237924156359,0.6380835366310041,1,0.16666666666666666,1.2359812300982962e-05,1
1,17,2,9,5,0.15352358541451966,0.25466306029494024,0,0.0,1.9825602217120058e-07,0
3,6,15,9,4,0.27396745471569334,0.036796106957837756,1,0.1111111111111111,1.0358738212994678e-05,1
0,5,19,2,5,0.2317614453071955,0.29398677924567523,2,1.0,1.470626548071495e-05,1
1,4,9,6,0,0.4604013417311077,0.500173660742943,1,0.16666666666666666,1.790595737044189e-05,0
0,16,8,2,3,0.34828216535500855,0.4121584588582373,1,0.5,5.619328954306853e-06,0
0,7,12,8,1,0.21430484968943378,0.1304915578809101,1,0.125,5.29368294116497e-06,0
0,13,16,6,5,0.2960131252747698,0.4117180861197991,2,0.3333333333333333,7.122065051926022e-06,1
0,13,9,7,3,0.20213799238596838,0.3502518488810166,1,0.14285714285714285,7.344275035903435e-06,0
3,4,3,8,3,0.6170769423459393,1.0425892759630313,2,0.25,2.3141707396482085e-06,1
0,7,20,7,3,0.29621147435939776,0.37761901599729064,1,0.14285714285714285,7.657166149560967e-06,0
0,17,5,8,4,0.3983228169109047,0.3919226917994287,0,0.0,1.5316372081016734e-05,0
0,3,15,5,0,0.13897478170762287,0.25549723859149476,1,0.2,5.573956505427443e-06,0
1,17,14,3,2,0.8340313699153593,0.38716434304937003,2,0.6666666666666666,7.804339107788836e-06,0
0,3,16,7,0,0.36103355616435134,0.038120175582050775,1,0.14285714285714285,1.906008779102539e-05,0
0,5,5,3,2,0.25939034811408723,0.254067656477875,1,0.3333333333333333,3.771232886602984e-06,0
0,9,17,2,3,0.3258879729657489,0.422118905441626,2,1.0,1.2384813129478567e-05,0
1,13,4,6,2,0.43531757774141905,0.5211163615166667,1,0.16666666666666666,2.1265592369063473e-05,1
0,10,18,4,1,0.35582571544885305,0.30257513901133654,2,0.5,8.184112176952853e-06,0
1,8,17,6,1,0.43706250704313065,0.3718249728485309,3,0.5,1.2749755330967372e-05,1
0,9,23,2,0,0.28256953359084236,0.4114682028757552,4,2.0,1.2401338449166288e-05,1
0,7,6,10,0,0.2700349615073777,0.2913392768965866,1,0.1,1.5069660093544252e-05,0
0,6,9,5,0,0.2880437036297225,0.37048192847145295,0,0.0,1.0017631367002625e-05,0
0,18,3,3,1,0.5798463115544598,0.5263923522236156,2,0.6666666666666666,1.4960077142296029e-05,0
1,19,21,3,1,0.5942301675482322,0.7051095192178239,0,0.0,8.377898152238922e-06,0
2,17,23,11,4,0.5651229111868044,0.44315182075094317,2,0.18181818181818182,9.966565800676126e-06,1
2,2,14,6,1,0.3211376952369675,0.40867686917194473,0,0.0,1.2964969694870133e-05,0
1,18,2,8,1,0.3754187857503125,0.46627807878163413,2,0.25,9.551061657732296e-06,0
1,6,17,5,5,0.05350260633492362,0.4166838164941452,3,0.6,1.065131975733319e-05,1
1,15,24,2,2,0.14771204589786371,0.3662041355949651,0,0.0,8.241088904896868e-06,0
1,10,7,4,3,0.5156422450986851,0.3496810069239232,1,0.25,7.296672392803216e-06,0
1,15,24,9,2,0.18098648633083333,0.29230248368358946,4,0.4444444444444444,6.167496497632228e-06,1
3,18,20,9,4,0.3516763271888847,0.2739680932413529,3,0.3333333333333333,9.801873281700539e-06,1
2,10,9,6,3,0.8816896261171623,1.1254958265500161,0,0.0,5.790749510163946e-06,0
0,18,22,3,0,0.7103720526591876,0.5813453084343213,1,0.3333333333333333,7.736771079467158e-06,0
0,15,16,3,1,0.6384123248062523,1.0151818002034945,2,0.6666666666666666,1.6813085791136462e-06,0
0,10,3,10,3,0.3725214773922501,0.7029387848320491,2,0.2,1.8604421166416402e-05,1
0,2,8,4,4,0.2930560109065186,0.6895371126280334,0,0.0,1.531734599432274e-05,0
2,16,10,5,0,0.4570825971865565,0.4356679083504253,1,0.2,8.057676293486616e-06,0
0,4,7,6,2,0.28641414237485385,0.4898105829603094,1,0.16666666666666666,7.603224733747377e-06,0
2,18,3,6,0,0.4011804142377279,0.5488006861158755,0,0.0,1.4665669474992436e-05,0
0,4,19,7,2,0.2867220249424208,0.5785084971701654,2,0.2857142857142857,7.879514227977626e-07,0
0,1,7,2,3,0.3153245141463408,1.2214694159339408,4,2.0,1.3907890874463756e-05,1
1,9,16,6,1,0.4691771567079133,0.11629124453073567,0,0.0,8.798466084615216e-06,0
0,6,21,10,1,0.2659254648791523,0.08548400867291135,1,0.1,7.84126960575418e-06,0
0,12,14,7,5,0.2795095954692453,0.25018276837889175,0,0.0,1.3030122679272632e-05,0
0,4,21,7,2,0.371370925927831,0.08441741106261362,0,0.0,1.2856496992373083e-06,0
2,3,6,9,1,0.4342923134378983,0.17317214117608737,1,0.1111111111111111,1.1298329438698932e-05,0
0,5,15,8,4,0.2553688039959929,0.4970148128295096,2,0.25,1.3862039814839606e-05,1
0,2,21,7,5,0.2338483767220616,0.33717308011768415,0,0.0,1.0972453057269582e-05,0
1,18,9,11,4,0.6420707177993143,0.22195037089775327,2,0.18181818181818182,1.7094241599018965e-05,1
1,16,14,3,3,0.36388147052466,0.25031742021990844,0,0.0,1.6963353954594916e-05,0
0,15,15,5,1,0.17340784552864177,0.4901878730115884,2,0.4,5.325324639768712e-06,0
0,8,24,5,1,0.09579298514826069,0.2844299568785307,0,0.0,4.603240698373391e-06,0
0,16,6,6,1,0.3429903978193925,0.08731848504688434,1,0.16666666666666666,3.3966800106494813e-06,0
1,18,4,10,0,0.11043989729718849,0.5667414680757917,0,0.0,1.7835871755104293e-05,0
0,1,12,2,5,0.3785079707745915,0.6528537824176598,1,0.5,1.9135065661238734e-05,0
0,10,16,9,4,0.2664621693463064,0.32311028295913974,0,0.0,2.625861038631242e-06,0
1,9,5,4,1,0.5140955544377263,0.1244160899091143,0,0.0,6.440001362755457e-06,0
2,5,11,4,4,0.5753995316302268,0.528925937649124,1,0.25,1.0144291887357043e-05,1
0,5,9,10,1,0.08046789074086932,0.24102525705629244,1,0.1,6.741628973956996e-06,0
0,18,5,3,4,0.19679563558700439,0.23381040706123657,2,0.6666666666666666,4.876622099271842e-06,1
1,13,10,7,1,0.32149442664844524,0.18468143216408314,3,0.42857142857142855,1.7348243629276141e-06,0
1,3,24,10,1,0.13767437902341884,0.43176010221297856,1,0.1,9.101868510800387e-06,0
0,5,21,11,2,1.0433905506608705,0.36868684531460527,1,0.09090909090909091,1.1666202897505478e-05,0
0,3,6,7,0,0.4367930167830361,0.3320827979952144,0,0.0,1.8062056703981206e-05,0
0,4,16,9,1,0.22833442964205464,0.4844205341963693,2,0.2222222222222222,1.2244896224565755e-05,0
0,17,9,7,2,0.13876538798146487,0.23144194554252523,0,0.0,3.4201449414915704e-06,0
0,5,6,3,2,0.21227393584399606,0.3263401250560253,1,0.3333333333333333,6.2619977870702005e-06,0
0,12,8,7,3,0.2127496634465923,0.37781991700087714,0,0.0,1.1797403825505898e-05,0
1,6,23,4,5,0.4191503549644548,0.5077336905780709,1,0.25,1.3580334732107135e-05,1
0,10,16,10,2,0.32918836429368126,0.33238597356399685,1,0.1,8.603638763222297e-06,0
1,4,18,2,0,0.3938926080288479,0.2512804678764227,0,0.0,6.390725651222563e-06,0
1,8,13,9,4,0.2076811847843525,0.4552588442337432,2,0.2222222222222222,4.4129185268651995e-06,1
0,3,12,8,2,0.5155490949395493,0.7650457028285427,0,0.0,1.5967391744682623e-05,0
0,2,21,10,1,0.7586977151416867,0.7427444796232016,4,0.4,1.6817070424070386e-05,1
1,14,11,8,3,0.39315441500198073,0.4410356441189678,1,0.125,9.738861105597256e-06,0
0,3,21,6,3,0.4503799212619205,0.3697585163286654,1,0.16666666666666666,7.0505317089350176e-06,0
2,1,23,2,4,0.35050768043064384,0.4474050823466737,1,0.5,7.169572942723017e-06,1
1,7,14,4,4,0.2650574482175208,0.28400010576557094,1,0.25,5.487081001195059e-06,0
0,12,24,11,1,0.4598161007842871,0.7852344476335772,0,0.0,8.841914527629202e-06,0
1,19,6,2,4,0.3729960042522711,0.22027350278541855,0,0.0,2.236626404542667e-06,0
2,11,14,8,2,0.3503986618918016,0.7029651457913375,1,0.125,2.729490996864138e-06,0
3,5,12,5,5,0.8754933867928129,0.26322655769718006,0,0.0,1.0197881995334434e-05,1
0,8,18,10,0,0.5959521501450499,0.5349416838155258,1,0.1,3.196309711154889e-05,0
1,17,18,11,4,0.3236514925577313,0.4183762483606437,0,0.0,1.5430747747458515e-05,0
0,12,22,7,5,0.5600974007409399,0.08457187259480303,0,0.0,1.5329890632197575e-05,0
0,9,12,2,3,0.2714742256971987,0.33892287234936724,1,0.5,8.874016062147316e-06,0
0,10,6,3,1,0.2677103254302611,0.3371768697880938,0,0.0,5.9648302692246e-06,0
2,4,16,2,2,0.22586738198260128,0.026887014065354778,1,0.5,1.1513156194375269e-05,1
1,14,9,9,5,0.41066950722855433,0.4154050623668012,0,0.0,1.2352255353413742e-05,1
0,7,22,9,4,0.24939266589112213,0.3686023503597352,0,0.0,9.072288214640217e-06,0
0,19,9,5,3,0.3411072675727263,0.5012097550262994,1,0.2,1.0139643369042888e-05,0
0,19,13,11,3,0.25233052430108643,0.19246206116218034,0,0.0,4.970244992900973e-06,0
0,17,11,8,1,0.3144790180943695,0.25430264702628985,1,0.125,2.93512523008584e-06,0
3,10,11,10,5,0.30584554751548226,0.2981376278056031,1,0.1,8.529103339151707e-06,1
1,5,20,9,5,0.26666371456435134,0.43751122831938555,0,0.0,9.938555605793282e-06,0
2,17,8,9,4,0.09414984658922149,0.38984731130750666,2,0.2222222222222222,3.899179466645899e-07,1
0,10,21,6,4,0.22853575295482098,0.0350136125169488,1,0.16666666666666666,8.663934700738766e-06,0
1,17,20,8,3,0.2852027081789696,0.3390340046468433,0,0.0,3.634260417932024e-06,0
1,13,23,6,0,0.4857317452731187,0.6434213067910817,3,0.5,1.2322771663543123e-05,1
0,17,13,10,3,0.04501894101911529,0.18999299929578303,0,0.0,8.157394462034624e-06,0
0,5,11,3,0,0.4596163454256618,0.35180512172591855,3,1.0,3.10641311718461e-07,0
3,6,23,2,4,0.5205494621633171,0.8409102596263255,2,1.0,1.2648477815302242e-05,1
0,17,13,2,4,0.40136191387012954,0.15454272636159347,0,0.0,6.025557136996833e-06,0
2,7,15,9,3,0.20563226847803492,0.1483776691959765,1,0.1111111111111111,1.2103177006057934e-05,1
0,7,16,2,0,0.2444058072937909,0.16216876499701405,0,0.0,1.7814402613595914e-05,0
1,8,23,8,5,0.45175586701800236,0.34507890239502353,2,0.25,6.812669231426302e-06,1
1,8,4,6,1,0.07589502406660989,0.07200336570118736,0,0.0,4.797314495199443e-06,0
0,8,16,6,5,0.1854122285992449,0.15069978506079168,0,0.0,7.3931048410017335e-06,0
1,9,22,11,0,0.20270969409476297,0.29052643626697816,0,0.0,1.7413593628210844e-06,0
0,13,19,4,4,0.16786889246166553,0.21234391943347736,0,0.0,2.079135176873016e-05,0
2,14,6,11,1,0.23164104874061778,0.04539816754293135,2,0.18181818181818182,1.219827616584039e-05,1
2,18,7,3,0,0.2925309182883706,0.44731625408520725,1,0.3333333333333333,4.578566788328411e-06,0
2,5,15,7,2,0.34621726629273714,0.030115232268532355,1,0.14285714285714285,3.772595210196971e-06,0
1,11,16,9,0,0.13557590434648398,0.28214030540633295,0,0.0,5.48178698468847e-06,0
1,13,19,5,5,0.4744922970493104,0.31082370476072324,3,0.6,4.848073593855151e-06,1
2,9,23,9,3,0.4822377377952195,0.2586921669893525,3,0.3333333333333333,2.76997523987528e-07,1
1,5,4,4,0,1.4666758573469632,0.6129162859138889,1,0.25,2.9806568625246527e-05,0
0,18,21,10,3,0.2552448476484955,0.272719269308201,2,0.2,1.18209209870242e-05,1
1,9,2,9,3,0.49507125927740225,0.762015271057391,1,0.1111111111111111,6.532672681112818e-06,0
2,8,4,8,3,0.5017751813361129,0.232928026622154,0,0.0,1.1751283892112736e-05,1
1,16,10,10,3,0.3071517401265535,0.3136273233824371,1,0.1,9.82705447228468e-06,1
3,5,20,4,3,0.5161121673810243,0.4252596609729545,1,0.25,4.789698617985913e-06,1
0,2,5,3,3,0.14781460507206018,0.16997193875432248,3,1.0,6.462866673983414e-06,1
1,3,15,5,5,0.10235294085307588,0.286453943804195,1,0.2,7.520042684221195e-06,1
0,4,4,9,4,0.277338958261681,0.20900717805168575,0,0.0,6.890233756753415e-06,0
1,18,6,6,5,0.47761576145172374,0.4680264004797071,1,0.16666666666666666,5.456926025086073e-06,1
2,11,13,10,1,0.30259784516470406,0.212908739296382,3,0.3,1.483091370706779e-06,1
0,9,20,2,4,0.2888778519063369,0.024152354033579078,3,1.5,1.2076177016789538e-05,1
1,12,20,7,4,0.27542001545313477,0.9517456362568897,2,0.2857142857142857,2.6551661838208086e-05,1
0,11,11,11,1,0.42005022757945676,0.22764532922812045,0,0.0,8.794805211693576e-06,0
0,5,15,6,2,0.22878863345962494,0.3999156392904279,0,0.0,1.278970084510429e-05,0
0,3,9,3,2,0.430527182531173,0.07235654216537134,1,0.3333333333333333,4.998880271450379e-06,0
0,3,7,8,4,0.3477257008950539,0.28781729591230537,1,0.125,1.1899012571464109e-05,0
0,7,24,8,3,0.04338548808567472,0.18546615460866006,1,0.125,9.909078903477703e-06,0
1,16,19,6,5,0.2690078111617502,0.48828614049337565,0,0.0,2.0106638828709482e-05,1
1,4,18,8,2,0.3918486025499619,0.17568382618614697,1,0.125,9.49609752717104e-06,0
1,19,2,7,1,0.37002585126571585,0.9459989538446975,1,0.14285714285714285,7.990221263834769e-06,0
0,10,5,11,1,0.3895669642434966,0.4657290133103956,0,0.0,1.2288702990871143e-05,0
3,18,22,9,2,0.09341391951762196,0.25893578093295405,0,0.0,7.044107174742984e-06,1
1,15,21,4,1,0.2928069842834733,0.3983159855941869,2,0.5,5.0242203016383155e-06,0
0,11,11,5,4,0.5641400328700529,0.3748164085981987,1,0.2,1.8384453754414653e-05,1
0,17,23,10,1,0.26412389813460635,0.14718610921108077,0,0.0,5.192372159377536e-06,0
0,11,8,4,3,0.21596985502134355,0.1735202109515297,2,0.5,9.202668824961672e-06,1
3,7,21,3,3,0.11311647188774927,0.3900962968501583,1,0.3333333333333333,8.005271128888418e-06,1
0,3,15,4,5,0.05680972680999315,0.9157747090791117,1,0.25,1.9913965987357193e-05,1
3,11,16,8,3,0.38945027666748144,0.2552531316811455,1,0.125,5.0575518358778204e-06,1
1,7,24,7,2,0.2847610512291285,0.3823989246237831,0,0.0,1.3228588472533015e-05,0
0,8,23,6,1,0.2881955986673172,0.31055587843907606,1,0.16666666666666666,5.951875171426942e-06,0
0,7,4,3,5,0.36241867212022205,0.1347814871922434,3,1.0,6.3026768667864315e-06,1
0,9,14,6,0,0.1732781842381032,0.3973013190383022,1,0.16666666666666666,2.672308604078087e-07,0
2,2,2,9,3,0.07264292656260353,0.4288957024645228,1,0.1111111111111111,1.3103888037601355e-05,1
1,13,11,10,0,0.23073820150814062,0.036482551248817836,2,0.2,1.2505728076528676e-05,0
0,4,6,7,4,0.9605402648803273,0.735950823249292,5,0.7142857142857143,1.863930868969491e-06,1
2,11,12,10,0,0.23170148984019304,0.1745117833647117,0,0.0,1.1390674884881987e-05,0
1,15,19,2,5,0.3250753502465915,0.18820913181205384,1,0.5,7.22619303667969e-06,1
1,18,2,7,1,0.5667189366541185,0.33417875766483174,0,0.0,5.3700902597371185e-06,0
1,3,2,7,1,0.4040975868861474,0.4478070545569875,1,0.14285714285714285,5.158853328157951e-06,0
1,8,24,6,2,0.4712407274573449,0.14653917068030184,0,0.0,8.21861316884085e-06,0
1,16,11,9,3,0.15253145870827123,0.09481267852665476,1,0.1111111111111111,1.5307240544861188e-06,0
0,5,6,3,1,0.6981648025877796,0.28215839657051045,2,0.6666666666666666,1.9392046677065404e-05,0
0,14,7,11,3,0.36788750488417205,0.29674455647621284,1,0.09090909090909091,6.685750103593148e-06,0
2,14,14,8,3,0.4304934694734711,0.3233292843071892,2,0.25,1.7955322927016423e-05,1
0,17,18,11,0,0.34462768640279096,0.5576993924921896,1,0.09090909090909091,6.697423879971944e-07,0
1,15,7,8,2,0.9313113471410382,0.7790383661266542,1,0.125,7.672892820647651e-06,0
2,15,8,9,1,0.6652732979528058,0.5224786595825273,1,0.1111111111111111,9.775342868686246e-06,0
3,17,16,8,2,0.3035789218950225,0.3771306196672841,3,0.375,3.4132081707719896e-06,1
1,11,23,10,5,0.4614915702624394,0.2133709888605107,2,0.2,1.5248621730492682e-05,1
1,7,15,3,4,0.3507095691955707,0.3659592912397292,1,0.3333333333333333,1.4840058398729393e-05,1
1,13,22,6,2,0.16332842348718146,0.2488255191361563,3,0.5,1.4125192143954252e-05,1
2,13,5,11,0,0.35491337597507455,0.02031458191806108,2,0.18181818181818182,9.24272360881451e-06,1
2,16,13,4,3,0.21603122801346972,0.23521901115717592,3,0.75,3.972203281717021e-06,1
0,15,6,11,1,0.46911165684128103,0.1783749521881045,1,0.09090909090909091,2.7414847097761374e-06,0
1,16,10,8,3,0.36177357215244366,0.3687540645084711,0,0.0,1.2217251482629732e-05,0
0,18,23,4,0,0.19522937894799353,0.19421501599036217,0,0.0,8.35687001795184e-06,0
1,15,20,5,3,0.32323791961412285,0.04170779441142151,3,0.6,1.5180945731646996e-05,1
1,2,17,2,1,0.20741867929700533,0.26881411225013063,2,1.0,5.648773824925543e-06,0
0,8,23,5,4,0.2431834577528743,0.21838000459422502,2,0.4,7.2177029510221785e-06,1
1,17,8,7,5,0.18909330230999472,0.1520371084883696,4,0.5714285714285714,4.183342881965026e-06,1
0,7,15,11,2,0.24009706839293282,0.24811083566135916,1,0.09090909090909091,1.0792520162119135e-05,0
1,8,15,2,1,0.5427227838408758,0.18521683487515436,2,1.0,6.942088326611302e-06,0
0,9,15,4,3,0.1730174750231034,0.1770386913946031,1,0.25,3.089403868626619e-06,0
1,18,4,9,2,0.5841299654144124,0.2703129811765409,1,0.1111111111111111,5.382597773083014e-06,0
1,12,17,5,2,0.7731871037999242,0.1918667499330022,0,0.0,1.5150060144294744e-05,0
1,4,4,2,2,0.43703446668555823,0.4972358048999528,2,1.0,1.2319289033545077e-05,1
0,16,7,7,5,0.5397499607962186,0.32886853886808853,2,0.2857142857142857,8.022622337611112e-06,1
0,12,2,6,5,0.5769710139352666,0.5285198380246334,0,0.0,1.6356377185507788e-06,0
1,2,22,9,0,0.4367467074533733,0.47658782147638873,0,0.0,1.5716519483864217e-05,0
0,3,6,7,0,0.32940073535061404,0.6463842412224773,3,0.42857142857142855,3.971520424984254e-06,0
1,11,17,10,1,0.5780755325906415,0.1791883728585393,2,0.2,9.93020387096898e-06,0
2,6,3,6,4,0.5595056312749453,0.32587917729707017,2,0.3333333333333333,7.2874206581973875e-06,1
1,7,17,10,1,0.3000698315990045,0.23152943367548148,3,0.3,6.634394978684246e-06,1
0,3,16,11,4,0.24638570059334255,0.17087240647951701,2,0.18181818181818182,1.1219544350917048e-05,1
0,17,18,5,0,0.43198535567065927,0.37540482238778,0,0.0,1.5316372081016734e-05,0
0,12,2,3,5,0.6217636994345487,0.5502587514131937,1,0.3333333333333333,6.974052600401802e-06,0
1,17,14,7,1,0.046359674037508555,0.2358639106514591,2,0.2857142857142857,7.4660289727333304e-06,1
0,14,15,10,4,0.32651699586027794,0.42010586850467646,2,0.2,1.5845142077156648e-05,1
0,11,18,6,5,0.6410134931264223,0.09349008758033504,1,0.16666666666666666,9.836639424699042e-06,0
2,13,18,4,0,0.13770532200048805,0.5361822182629237,3,0.75,7.966656085765971e-06,1
2,9,17,6,4,0.17638025867865914,0.2678258759084005,3,0.5,3.884153279340354e-06,1
3,7,6,10,3,0.340834560302851,0.3358127776614031,1,0.1,3.3066407611660042e-06,1
1,13,9,10,0,0.24587496363219707,0.2078532111770101,1,0.1,1.0003369969122604e-05,0
0,17,11,11,3,0.5734970811202759,0.39665120226106243,0,0.0,1.1975433938901332e-05,0
0,16,2,10,1,0.7745517714382173,0.6725934419009744,3,0.3,1.9609325557797766e-05,1
0,13,17,3,0,0.24602635798581676,0.5054766186342744,1,0.3333333333333333,6.5584346720944604e-06,0
1,19,6,11,5,0.14468319799704835,0.33532610883474756,0,0.0,5.135539274560443e-06,0
1,2,7,6,3,0.6132587772371428,0.40263863485551066,1,0.16666666666666666,1.3532507363889378e-05,0
0,18,15,11,4,0.2400030245238141,0.31398281007237283,3,0.2727272727272727,5.28588758831302e-06,1
1,16,19,5,4,0.37186320080505475,0.03817787185235598,2,0.4,6.687875165334987e-06,1
1,5,12,6,3,0.2768156920845985,0.14516325680854836,1,0.16666666666666666,7.045352677578677e-06,0
0,4,9,11,2,0.32289278057317417,0.3016861228578991,0,0.0,9.614711452667736e-06,0
0,8,6,4,1,0.46232406472385834,0.16631963934171326,1,0.25,5.0640140926398995e-06,0
0,14,3,7,4,0.4416080606019331,0.2343088505091216,1,0.14285714285714285,9.997354810175194e-06,0
0,8,23,3,4,0.22981904549120993,0.458043483405227,0,0.0,3.5185378897556245e-06,0
2,14,10,8,3,0.5898348437109583,0.7769878251883451,0,0.0,1.4244044666389702e-05,0
1,18,6,7,4,0.05462131310877732,0.5101640147448535,1,0.14285714285714285,2.187901750758976e-05,1
0,18,24,6,5,0.5594299083928765,0.3691363239554894,1,0.16666666666666666,9.348250525306544e-06,0
2,17,21,2,3,0.06069875965044495,0.3557642412430409,3,1.5,1.343555693658497e-05,1
2,9,18,2,5,0.2770815019733177,0.1992737333247121,1,0.5,6.0137573169891385e-06,1
1,12,22,9,2,0.3401854332464663,0.5835110093596833,0,0.0,3.846370670500192e-06,0
3,3,18,10,2,0.21379084386621508,0.16610727961992755,2,0.2,4.442824155752127e-06,1
2,19,19,6,4,0.031412940601983595,0.27003654902852525,1,0.16666666666666666,5.689205101875622e-06,1
1,5,20,8,4,0.31637695037682095,0.21926645473033296,2,0.25,2.546656391843901e-06,1
1,19,6,5,5,0.7837142924152787,0.8942318031388783,2,0.4,1.4744663904607318e-05,1
0,11,20,4,5,0.19161632319099167,0.2074643764834875,0,0.0,1.0759301270069906e-05,0
0,19,3,9,0,0.47061396120353793,0.6567327869238118,1,0.1111111111111111,1.0492833115431649e-05,0
0,13,3,6,1,0.364502710227465,0.4245111997695015,1,0.16666666666666666,9.192491983161016e-06,0
0,10,22,7,0,0.2797253744933489,0.13645267899655725,1,0.14285714285714285,8.807908607073719e-06,0
1,19,20,4,5,0.22130584206707885,0.4850265880416616,2,0.5,9.57294759346377e-06,1
0,17,7,10,4,0.3868009766683505,0.6413108408658369,1,0.1,1.3365330977301235e-05,0
0,11,10,2,0,0.3721231674832305,0.22035982497100404,0,0.0,4.9993171551111885e-06,0
0,16,9,4,2,0.21239127160098706,0.3608676240684263,1,0.25,3.380134494416837e-06,0
0,18,13,11,1,0.4069703637111766,0.13395653214387143,0,0.0,3.981989328082265e-06,0
0,10,7,9,3,0.2493495971047967,0.22827325721962022,1,0.1111111111111111,1.3650269087519117e-05,0
0,3,6,3,4,1.5366528794608163,1.5430879413531127,2,0.6666666666666666,1.237135633496129e-05,0
2,11,5,3,3,0.3457181170722971,0.22727103585548003,0,0.0,9.094784379891452e-06,0
0,12,9,5,4,0.30971888567638994,0.709152160363765,0,0.0,6.514174077263354e-06,0
3,14,24,5,5,0.4234287542312705,0.5436617206147902,5,1.0,8.456716020241091e-06,1
1,10,14,10,3,0.799487531233905,0.4638811863840184,1,0.1,5.071157532336993e-06,0
0,18,24,11,4,0.3022732583728498,0.200001038945636,0,0.0,4.116634985998753e-07,0
1,5,21,5,1,0.16567433259267825,0.28194109386227256,1,0.2,9.691836231826053e-06,0
0,12,22,9,1,0.29503659594550036,0.38038396830334137,1,0.1111111111111111,7.423635835093038e-06,0
2,3,19,3,2,0.48662073566386327,0.28949670136970496,1,0.3333333333333333,5.617454137174921e-06,0
0,14,4,10,3,0.22032599195756217,0.4579596583879681,1,0.1,1.6920185633624267e-05,0
0,16,22,10,1,0.4074784008158095,0.3217852590515598,1,0.1,1.030581879445099e-05,0
1,16,18,10,5,0.23134963467789996,0.09789419395804677,2,0.2,1.2799809460850991e-05,1
1,1,7,8,2,0.029298285033163864,0.1639272772505317,2,0.25,2.0430405248111423e-06,0
1,4,6,5,4,0.22085968430940983,0.4020572518974009,1,0.2,6.618114529840065e-06,0
1,18,6,9,2,0.25082597177401456,0.2532723420119521,2,0.2222222222222222,4.620417917524433e-06,0
0,8,10,3,3,0.2756604939186486,0.43425849861729054,4,1.3333333333333333,1.1363213600349095e-05,1
1,16,3,5,3,0.3169647786825026,0.2159699078488497,1,0.2,2.227247586435428e-05,1
1,16,14,10,3,0.35769577655462853,0.2556986064218967,1,0.1,8.434703380949506e-06,0
1,18,17,4,5,0.6471592891397989,0.9729694118435885,3,0.75,2.0479761900860065e-05,1
2,5,20,4,0,0.31271109517810936,0.3896426137553737,2,0.5,1.4112092612754518e-05,1
2,18,5,7,3,0.2553492619615144,0.16423282393115207,0,0.0,7.686760281142024e-06,0
0,16,19,9,4,0.25805428057446,0.6615439720022092,2,0.2222222222222222,1.1206765279055528e-05,1
0,15,16,4,0,0.5882711932001933,0.3960496953001574,0,0.0,6.591137049329759e-06,0
1,9,5,11,3,0.11408514721831516,0.3304044738002957,2,0.18181818181818182,6.106228075098441e-06,1
2,5,14,6,4,0.23391324724954782,0.3626592426071006,0,0.0,5.935010207561298e-06,0
0,1,4,10,0,0.09840310418642732,0.4546122665613672,1,0.1,4.3333834077715816e-05,0
0,10,6,7,2,0.45235770112730656,0.4233269903482388,2,0.2857142857142857,2.8395343964279354e-06,0
1,15,16,9,0,0.2981521457314757,0.29267132370295107,1,0.1111111111111111,4.7368771744288036e-06,0
0,17,7,6,3,0.5182048662774958,0.5086713979682873,1,0.16666666666666666,1.5100326437900404e-05,0
0,18,22,9,5,0.4177634338668857,0.12058642071192816,0,0.0,6.3008608697252545e-06,0
1,7,2,3,2,0.367515887374083,0.3712262891247019,2,0.6666666666666666,1.118898774739762e-05,1
1,3,20,9,4,0.29911970489970086,0.4228310398542564,0,0.0,4.041244599428927e-06,0
1,1,2,9,2,0.23771900935865548,0.30926704474262856,4,0.4444444444444444,1.0931549421640639e-05,1
0,13,9,4,1,0.5311301800749613,0.20403883145547014,1,0.25,1.4714065798742218e-05,0
1,12,23,3,3,0.3919771093616428,0.3502488349217188,1,0.3333333333333333,6.5534452700506355e-06,0
1,5,13,7,0,0.747665229487641,0.2933436697713232,0,0.0,1.0129562051715132e-05,0
1,5,13,5,3,0.37961430359670667,0.3243795487333148,1,0.2,2.0698131803875584e-05,1
0,19,8,9,3,0.27819537012678147,0.06426597377606896,2,0.2222222222222222,1.0102065277015016e-05,1
0,8,20,4,2,0.23496388493479747,0.28162379354363487,2,0.5,1.13414803204193e-05,1
0,9,4,8,3,0.2542366215108446,0.451673020103398,2,0.25,5.993372319398627e-06,0
1,13,8,5,5,0.33359263905807407,0.32896863817635386,0,0.0,1.0997417647506695e-05,1
0,10,3,9,3,0.376645765943666,0.11099068616457042,1,0.1111111111111111,7.164399807952207e-06,0
3,5,18,2,1,0.15280085336184862,0.22955446858281686,1,0.5,1.7172169139626962e-06,0
0,10,18,10,2,0.8079995372750566,0.2608025802455146,2,0.2,2.6319570982726154e-05,1
0,1,5,9,1,0.24396718265647718,0.1644471591538734,0,0.0,1.6099743251590563e-05,0
0,18,19,4,3,0.7833495439464258,0.07935148238395695,3,0.75,1.075817792113238e-05,1
3,18,3,7,5,0.3770976981238426,0.4685115550515072,1,0.14285714285714285,9.392648721049532e-06,1
0,17,10,9,2,0.6789849052191997,0.7821786009582834,1,0.1111111111111111,1.5552398126143214e-05,0
2,3,18,8,3,0.44749579137181683,0.17532751555360415,0,0.0,1.5066762444947287e-05,1
2,6,5,7,5,0.21152290576912494,0.3111390009120194,3,0.42857142857142855,1.4960395693002688e-06,1
0,5,21,2,0,0.47478446866523255,0.5236054691127235,1,0.5,5.6946487805550065e-06,0
1,4,8,10,3,0.5208724753732107,0.5347626533952048,0,0.0,2.237294919692909e-06,0
1,3,10,6,3,0.23678422683786687,0.3187290608099631,1,0.16666666666666666,6.705555457046194e-06,0
4,7,23,10,4,0.6603757366648171,0.33306693471195675,1,0.1,6.997743200690159e-06,1
0,14,5,8,0,0.40718114278835,0.37363238882644145,0,0.0,5.5002592779987874e-06,0
1,2,2,3,3,0.5293999546886953,0.3576935276129016,1,0.3333333333333333,7.710148758672575e-06,0
0,1,16,3,4,0.44139820025946075,0.24392265047613804,1,0.3333333333333333,1.4332097377695418e-05,0
0,12,21,4,4,0.4954048348901852,0.2422778506922821,1,0.25,1.4996243904949946e-05,1
1,12,23,9,1,0.1551635235582628,0.49238269410492524,2,0.2222222222222222,1.134090078438379e-05,1
0,4,12,11,1,0.4409887124706361,0.43305282759850466,1,0.09090909090909091,1.2424481089808493e-05,0
1,1,13,8,2,0.10168234307131234,0.3947615341346865,1,0.125,1.283503381113556e-05,1
2,15,6,4,5,0.31682973597432645,0.4511548865859705,2,0.5,2.9933917787223184e-06,1
0,18,17,7,2,0.33759871642186556,0.033349422678079194,0,0.0,1.0928302251421929e-05,0
2,1,20,6,0,0.4107418487054423,0.5928356513809805,1,0.16666666666666666,1.8726565782393033e-05,0
1,14,2,4,3,0.17055878267073393,0.5332951648890485,3,0.75,7.438090608020411e-06,1
1,1,10,7,0,0.199766789192341,0.2058591714703855,1,0.14285714285714285,1.501682847799508e-05,0
0,10,13,5,1,0.11101697214780604,0.20492307725261924,2,0.4,5.4582118784760475e-06,0
1,4,16,8,3,0.23131018700006045,0.033770387142461895,2,0.25,4.418722093551881e-06,1
2,4,6,10,0,0.6494693949430697,0.2086061258998527,0,0.0,1.1415673765759181e-05,0
1,3,17,7,2,0.16749327787489052,0.1731764511653976,1,0.14285714285714285,6.80133639624636e-06,0
1,17,17,5,4,0.34701855256622516,0.16755225402211096,3,0.6,3.852101776312932e-06,1
1,7,7,8,4,0.12561758064662695,0.10165791252060209,0,0.0,5.948201958969968e-06,0
0,15,13,7,2,0.4583465254794764,0.38150903824356475,1,0.14285714285714285,2.0874655620588265e-07,0
0,12,17,8,2,0.3399903503607551,0.345569058033661,0,0.0,3.6931218066918095e-06,0
0,10,2,11,4,0.15540059059093655,0.36183089153902875,1,0.09090909090909091,5.4068496790590195e-06,0
0,16,12,6,0,0.12398133705001986,1.219674209381234,1,0.16666666666666666,3.2683834682584394e-05,0
0,15,15,9,1,0.21623425487636644,0.33622575848437153,2,0.2222222222222222,7.683812831838183e-06,0
0,4,2,5,0,0.35510442090259586,0.42546062435761045,1,0.2,3.5916643534865347e-07,0
0,14,5,7,1,0.32855200751344027,0.12163348535820043,0,0.0,1.5059048948516972e-05,0
0,8,16,9,0,0.33716224487926244,0.3885322937915212,1,0.1111111111111111,1.5316372081016734e-05,0
1,10,24,9,5,0.5603050630784208,0.5548354435608658,1,0.1111111111111111,1.4801170836146146e-05,1
0,7,8,10,1,0.22241865913839684,0.09198810245821158,2,0.2,1.7052321240318292e-06,0
2,1,12,4,3,0.5354011551282517,0.4607401758846422,0,0.0,7.787303130244367e-06,0
1,12,10,4,5,0.2087096169609374,0.468768479993334,2,0.5,8.360668328393278e-06,1
0,5,21,10,4,0.4797772034144894,0.4115729929188549,0,0.0,6.5530485322641625e-06,0
2,18,12,3,5,0.40607938927584136,0.554431754451698,0,0.0,6.670158829024255e-06,1
1,14,2,7,4,0.5571827241846399,0.05951326726816848,2,0.2857142857142857,1.932459578419446e-05,1
0,4,4,7,5,0.2710260603963584,0.3437043833100855,3,0.42857142857142855,1.032526921134693e-05,1
1,9,11,9,5,0.706364918866344,0.6142515086889827,4,0.4444444444444444,1.167116695634529e-05,1
0,13,3,3,1,0.19680854305066608,0.2966883488174837,0,0.0,1.0316264670001738e-05,0
1,7,23,4,2,0.7237060838364572,0.4821869668386787,1,0.25,1.5914487127183565e-05,0
0,12,23,4,3,0.07586520839628788,0.3005324126602371,0,0.0,3.63745406896261e-06,0
0,10,3,6,3,0.07652918922368968,0.09522426485350714,0,0.0,1.0320971770584787e-05,0
3,13,7,4,5,0.5863820341023342,0.5486988200474747,1,0.25,1.5316372081016734e-05,1
0,14,2,3,0,0.297641632059931,0.6881147244269468,0,0.0,6.420303534193134e-06,0
2,4,6,5,3,0.4886433398460705,0.6798726211233418,2,0.4,1.691613743527576e-05,1
1,4,14,10,4,0.13967174164908633,0.21490422143407786,1,0.1,3.3866836603900495e-06,0
1,5,6,4,4,0.25187886926839603,0.3988111383912924,1,0.25,1.1716330247143428e-05,1
0,5,10,10,2,0.31211973973525126,0.1357445433094388,4,0.4,4.700461043302863e-06,1
1,11,24,8,5,0.1541033412929294,0.3686482042985653,1,0.125,2.0513118175476743e-06,1
0,16,15,2,3,0.34122435480889024,0.1956022498856927,1,0.5,2.3962791994171975e-06,0
1,18,11,7,5,0.4012214576623613,0.3917034779531588,3,0.42857142857142855,4.355858836760139e-06,1
4,8,3,10,0,0.18315994411633962,0.19071618892398884,1,0.1,8.695687518151526e-06,1
1,5,22,8,5,0.3764977410716189,0.20735464932068368,1,0.125,5.93072527444075e-06,1
0,17,22,4,0,0.26791378667236254,0.1304798048165861,2,0.5,1.1057317453510684e-05,0
0,10,24,10,5,0.3290648539739989,0.2411486727616303,0,0.0,2.4384311958601315e-06,0
2,1,15,11,0,0.5370609643523007,0.3791083232308718,0,0.0,2.996635393272645e-06,0
0,1,10,3,5,0.328431292501356,0.25808131808621954,2,0.6666666666666666,4.051039192976192e-06,1
2,12,13,3,5,0.29017675949266325,0.5764493934019149,0,0.0,2.5010226289805514e-07,0
1,17,13,10,0,0.6459353337845171,0.2726548577298863,0,0.0,1.8555586491423501e-06,0
0,8,16,9,2,0.6992244408318611,0.5541040664532956,1,0.1111111111111111,9.980350777045844e-06,0
1,14,22,2,3,0.28707001557451084,0.1752041872799487,1,0.5,4.769799552082819e-06,0
0,14,13,2,3,0.40432925223495925,0.44340878648061266,0,0.0,5.659582229485098e-06,0
0,2,21,9,4,0.24527284640910182,0.544943140282737,0,0.0,8.033056676468554e-06,0
1,16,7,10,3,0.76269636364311,0.5093043219796174,1,0.1,8.682712184664113e-06,0
0,7,19,11,1,0.19836176465852567,0.3037397874974397,0,0.0,8.119309562818699e-06,0
1,4,7,6,1,0.22858207817770188,0.33267474270424374,2,0.3333333333333333,1.4867739212253572e-05,1
0,4,19,5,3,0.4359908567453108,0.6359249078904591,1,0.2,1.5316372081016734e-05,0
1,18,16,4,3,0.18940401545193866,0.24972332781728768,0,0.0,8.2831214826976e-06,0
0,1,23,8,0,0.15165311562560443,0.11509569199385676,0,0.0,2.714273686316874e-06,0
1,14,3,10,4,1.4740771928309355,0.9253606436961543,2,0.2,1.5580787815180063e-05,1
1,10,7,5,4,0.351322046778592,0.16304956695333697,2,0.4,1.502935884074787e-05,1
0,16,19,6,1,0.29614338438592575,0.3846008036592634,3,0.5,5.319826727274995e-06,0
0,17,2,6,2,0.9644523340852554,0.8082197260519632,1,0.16666666666666666,2.916032867139961e-05,0
0,18,16,2,3,0.08231003339583425,0.34678536207765864,0,0.0,1.0147737312131601e-05,0
0,2,8,3,5,0.6231453835211568,0.45011612934187245,2,0.6666666666666666,1.4455931127332122e-05,1
2,19,16,2,2,0.5034549576476215,0.29334999506309656,1,0.5,2.0303040153921866e-05,1
1,3,16,8,5,0.14050822998882828,0.33542735097130993,0,0.0,5.170951428677031e-06,0
0,6,9,4,1,0.4067078625780013,0.2728308554161559,1,0.25,4.868139836738761e-06,0
0,5,14,3,3,1.3465894663553084,0.6799135328416007,2,0.6666666666666666,1.4549523537521494e-05,0
0,19,21,5,1,0.09786655366877196,0.2831388172127397,1,0.2,3.0453100182291504e-06,0
1,5,22,7,5,0.34323004135762014,0.4213473806501103,0,0.0,5.153965432945718e-06,0
0,15,18,5,1,0.03567955749975299,0.2803158800128835,3,0.6,1.4866482291563746e-05,1
2,10,19,10,1,0.07111850486924595,0.24608482400187873,0,0.0,1.1844506614923498e-05,0
1,15,5,9,4,0.3242059701886775,0.02529442627998099,0,0.0,1.7652938745759926e-06,0
0,16,10,10,5,0.09269465586676227,0.41318820410563273,0,0.0,4.5749421107578655e-06,0
0,6,19,2,0,0.33408377552804425,0.4392147885664608,1,0.5,6.156139289271981e-06,0
0,19,6,9,1,0.3130556535680342,0.4180255583989956,0,0.0,1.2025249272116917e-05,0
1,6,23,11,0,0.2958278209113934,0.4099149734760538,1,0.09090909090909091,5.403471694109877e-06,0
1,4,2,8,5,0.5689938252476197,0.46782947970575833,0,0.0,1.3123689715569084e-05,1
0,7,16,3,3,0.3039020312606009,0.20943487626198426,2,0.6666666666666666,4.520807627814371e-06,0
0,17,7,11,2,0.30989862937797125,0.4127126579469321,1,0.09090909090909091,1.1052754677447103e-05,0
2,3,22,11,0,0.23378551594604075,0.06402666872769505,0,0.0,9.634348960806655e-06,0
1,13,21,10,4,0.05224966366562096,0.1306808215687827,0,0.0,6.923914430918694e-06,0
0,11,4,8,5,0.09842351791784211,0.3798492518212294,2,0.25,8.900039810822963e-06,1
1,6,16,10,0,0.20350697031421475,0.4150091488058246,2,0.2,7.204518940458977e-06,0
2,2,20,7,1,0.34497613850588404,0.21562922034430965,0,0.0,9.288443247519851e-06,0
1,8,19,9,3,0.21036834332458496,0.644169785577791,0,0.0,1.2765959409533377e-05,0
0,18,7,3,1,0.2829350032879976,0.1933953358669075,2,0.6666666666666666,5.548878745674551e-06,0
2,19,21,4,1,0.516604156756922,0.3042874962567288,1,0.25,1.2029066501031523e-05,0
2,11,2,6,5,1.1380699957341576,0.2618718028581712,1,0.16666666666666666,9.824581844748036e-06,1
0,3,6,7,1,0.22502370816666606,0.20536614043312257,2,0.2857142857142857,3.652917059880818e-06,0
0,13,11,7,4,0.38405568107644794,0.6457567347548694,1,0.14285714285714285,9.384778671184857e-06,0
2,10,4,11,0,0.28057312318067923,0.35156438857944666,0,0.0,6.904639481877233e-06,0
0,9,5,2,0,0.15160116398654566,0.34660617037315067,0,0.0,1.2911471326384362e-05,0
0,6,9,9,1,0.6930135437441878,0.1456209606473496,3,0.3333333333333333,1.6951830062213924e-05,1
1,1,12,5,0,0.13646209191205058,0.2063313007029922,1,0.2,5.347900404047646e-06,0
1,4,10,7,3,0.321967743271342,0.17277272037208943,0,0.0,9.606830277439207e-06,0
0,10,14,8,0,0.6188757964912885,0.6974217590257777,1,0.125,9.955093449903085e-06,0
0,18,5,8,0,0.48781912362644025,0.1725118553894151,0,0.0,3.62332674051143e-06,0
0,9,12,7,0,0.4960955083424196,0.4920920325885622,0,0.0,5.571894884889767e-06,0
0,7,2,3,3,0.1824658819151359,0.22614666305073206,1,0.3333333333333333,1.0233743184625374e-05,0
5,18,24,11,3,0.9471463850463844,1.1468282547142115,3,0.2727272727272727,1.6574825130068493e-05,1
0,5,22,6,3,0.614657440268689,0.3022713377706744,1,0.16666666666666666,5.455519493483137e-07,0
0,18,20,10,3,0.5338935812275318,1.242777183150922,3,0.3,4.1361404170289444e-06,0
2,8,9,10,3,0.36304958133735127,0.27132190431513786,4,0.4,7.413392654773549e-06,1
0,15,22,2,0,0.12983278985584074,0.24509294310877314,0,0.0,4.178748391137004e-06,0
0,2,7,11,5,0.4530264070038517,0.46480301520539014,1,0.09090909090909091,1.8570045477148326e-05,1
1,16,15,6,0,0.5823199876422869,0.5302866812389138,1,0.16666666666666666,7.171485978540252e-06,0
0,15,14,2,1,0.18781239992635487,0.30259671304736635,0,0.0,4.403500264011622e-06,0
1,10,10,10,4,0.5820125586061905,0.6478825580515031,1,0.1,4.459245550136034e-05,1
0,9,2,5,4,0.27537983466749183,0.19856262135992842,1,0.2,1.0463603719474159e-05,1
0,2,24,3,3,0.20211666831183212,0.21263883646047516,0,0.0,3.428565224234054e-06,0
2,1,11,3,1,0.23839574171998357,0.29580848236126733,1,0.3333333333333333,9.515389174544983e-06,0
0,4,13,2,2,0.5501735110317911,0.3209871029529505,2,1.0,1.3666232511350211e-05,1
0,12,13,2,1,0.11657418272071957,0.41255293429285395,3,1.5,1.0880265240406786e-05,1
0,8,19,10,4,0.4525798676727056,0.44435586521381065,1,0.1,1.1275709356109572e-05,1
0,18,9,10,3,1.1253014013324618,0.8296508559000703,0,0.0,3.137989723518489e-05,0
0,18,6,9,2,0.17056772196628725,0.33618275751275417,0,0.0,6.715567708964639e-06,0
1,4,12,10,4,0.5972337232138468,0.797670335660764,1,0.1,1.0997482309741089e-05,0
0,9,14,11,0,0.27592438023850024,0.46692056894230155,3,0.2727272727272727,1.499305396999249e-05,0
0,10,4,4,3,0.278948899689561,0.2646110746051482,0,0.0,4.512903117175941e-06,0
2,13,8,8,5,0.3151111301624241,0.47454460702392726,0,0.0,1.2299797606528823e-05,1
1,17,13,5,3,0.4508491562657943,0.3398335279998397,1,0.2,8.563438582707345e-06,0
0,19,8,3,0,0.3782119023842567,0.22384610269964153,3,1.0,7.062816226565175e-06,0
2,14,16,6,3,0.2773073890483807,0.401889161000073,1,0.16666666666666666,1.433258201821146e-05,1
0,10,22,6,4,0.02893770191212569,0.4542967815729372,3,0.5,1.2057375796719037e-05,1
0,3,7,11,1,0.5599036459268432,0.41739329568596556,1,0.09090909090909091,7.023845804174859e-06,0
0,15,22,10,1,0.5842822156221905,0.5559455025111911,1,0.1,6.559011059890763e-06,0
0,12,7,8,5,0.4379096393046724,0.4755132680891439,2,0.25,8.060142616637532e-06,0
2,8,17,11,5,0.30637724979344927,0.4076122746376392,2,0.18181818181818182,6.46709606057076e-06,1
0,6,17,6,2,0.12788643869080868,0.07289091581204095,1,0.16666666666666666,8.1977573410919e-06,0
1,4,6,8,5,0.09572108037335937,0.33225727300166613,1,0.125,2.5473342092463325e-06,0
0,15,21,3,0,0.750194932201993,0.8557386087223742,1,0.3333333333333333,8.181400702951568e-06,0
2,12,20,7,3,0.044891760169511,0.519823444965312,2,0.2857142857142857,7.578382123870348e-06,1
1,15,7,2,4,0.03495136802550889,0.43565386596690436,0,0.0,8.727172206290705e-07,0
0,13,13,10,5,0.39382724459505486,0.3904870665354876,0,0.0,1.0738458500101643e-05,0
1,8,23,8,0,0.4280354670670502,0.5532955725356956,2,0.25,8.357114502774155e-06,0
1,3,15,10,3,0.6541842238225419,0.5741377888010172,0,0.0,4.893209977973576e-06,0
1,9,12,5,5,0.3188844331664891,0.09311380278733655,2,0.4,5.608892430788862e-06,1
3,3,5,6,5,0.11921420107441115,0.20973907917530424,0,0.0,1.0175563407298429e-05,1
0,18,21,11,1,0.1343359568138913,0.2760161958565671,3,0.2727272727272727,2.7486988583225255e-06,0
1,11,7,2,4,0.29071534646655356,0.24788311213487046,1,0.5,2.113315071839232e-06,0
0,16,6,8,4,0.24754175060569605,0.4831198053078914,0,0.0,8.619929255499614e-06,0
3,3,7,9,1,0.1793997420893375,0.15184436295711695,1,0.1111111111111111,1.504520497095288e-05,1
0,10,22,5,1,0.3748945614273706,0.24908067200946726,0,0.0,4.939398400152622e-06,0
0,14,18,3,0,0.27673065807285113,0.6413916953886492,3,1.0,2.188007868758217e-06,0
1,6,10,6,2,0.2884202583728612,0.21179739075611076,2,0.3333333333333333,2.033541271464085e-06,0
2,17,20,10,4,0.4984278860374641,0.660565635203559,2,0.2,7.824450483329018e-06,1
1,5,15,7,2,0.23082285253347645,0.23859346975875115,0,0.0,5.981249515277498e-06,0
3,16,6,3,1,0.37206149708542585,0.35389939470044285,3,1.0,3.2559913056760174e-06,1
1,8,24,3,0,0.6074702697365422,0.6847797652634833,0,0.0,2.5494614076559127e-05,0
0,11,9,8,3,0.5574731021854453,0.09729576422633664,6,0.75,1.7281393192336145e-05,1
1,7,14,11,2,0.422791636286155,0.5679441969257785,0,0.0,6.014806430743665e-06,0
0,15,6,9,0,0.42175176801546527,0.18952690017965088,2,0.2222222222222222,6.184542628980651e-06,0
1,6,5,8,3,0.20746570483775634,0.3763289330686254,1,0.125,7.886175940422835e-06,1
0,1,17,5,3,0.31043257091859516,0.41699807270136835,0,0.0,6.619958141996797e-06,0
1,3,20,7,1,0.15530167522771224,0.2369069520831547,1,0.14285714285714285,8.171561408368317e-06,0
1,16,8,6,2,0.43640497707847536,0.42534769885373563,0,0.0,1.0728801080728778e-05,0
0,15,7,9,5,0.34806506583017066,0.2550232038010129,0,0.0,3.6220501863310103e-06,0
1,11,5,7,0,0.27004497488719675,0.2207602006648816,0,0.0,8.39909435163904e-06,0
0,13,9,7,1,0.7720088065680195,0.44945476444861837,6,0.8571428571428571,2.1709556292511752e-05,1
2,18,10,7,4,0.41486510808010396,0.3661813037086984,2,0.2857142857142857,6.438682887686341e-06,1
2,11,5,6,4,0.476580318349155,0.2768310839929711,1,0.16666666666666666,1.3244692688501865e-05,1
0,5,20,11,3,0.27463271703142716,0.23998626885621527,2,0.18181818181818182,9.54185801284399e-06,1
0,19,19,7,4,0.510724007317009,0.10835410265425605,2,0.2857142857142857,1.3741095389509144e-05,1
0,11,9,3,5,0.5068643040564093,0.25600086905053143,0,0.0,1.000533677341939e-05,0
0,12,3,7,3,0.2617412615381914,0.33282575827022326,1,0.14285714285714285,1.3200346470089783e-05,0
2,16,17,6,2,1.0280655612529583,0.457924611508901,2,0.3333333333333333,1.4415307370812049e-05,1
2,9,6,2,4,0.5056582809265212,0.39020161854548313,0,0.0,6.305302086279191e-06,0
0,4,24,11,4,0.38781234050052676,0.10831708701480758,3,0.2727272727272727,1.0362224666193928e-05,1
3,9,12,11,2,0.7496234353668965,0.33204733518447666,2,0.18181818181818182,1.4240567150957077e-05,1
0,11,12,8,3,0.51518855165087,0.2968922619948568,0,0.0,5.8195618771905035e-06,0
0,18,17,6,4,0.4497106481845075,0.47176113400817243,1,0.16666666666666666,7.607180482003242e-06,0
1,6,7,8,1,0.20018636391244102,0.2510425003238856,1,0.125,6.043763113515216e-06,0
0,12,10,10,4,0.3387526811132868,0.34447232041605835,4,0.4,5.937573345198209e-06,1
2,3,16,8,2,0.5421550706288627,0.45423636368889736,1,0.125,1.3415447710875978e-05,1
0,2,17,5,0,0.28913752007014704,0.17596044689882512,1,0.2,5.92280524895567e-06,0
1,14,7,9,1,0.41563974143873406,0.3290812271197443,2,0.2222222222222222,7.480586805947343e-06,0
1,19,11,8,1,0.3119325535219698,0.10914838133317223,2,0.25,6.952228409787149e-06,0
0,11,12,4,3,0.4800765927807654,0.3433111135345038,2,0.5,2.2574196638996435e-05,1
1,13,14,6,3,0.27900567771190865,0.6452052130092125,1,0.16666666666666666,2.1489291578554263e-06,0
1,8,21,9,1,0.49181554289988266,0.5966878378481136,1,0.1111111111111111,1.4587238020269287e-05,0
1,4,17,8,3,0.40773633870371506,0.5205429427281464,1,0.125,9.022476397882488e-06,0
0,12,6,2,5,0.32287344672085216,0.13237761390442626,1,0.5,1.5272291005243454e-05,1
0,14,14,2,2,0.5540067158224119,0.48117007801026046,0,0.0,1.6628206726851512e-05,0
2,10,17,7,3,0.31452313775618,0.5429027566941815,2,0.2857142857142857,6.07696189088741e-06,1
0,5,17,4,1,0.33733330797148703,0.36840501837762296,3,0.75,5.5476685821892805e-06,0
2,7,8,4,3,0.3022691204297656,0.13713338998341282,3,0.75,4.723941657979577e-06,1
0,6,4,10,4,0.3765654751651462,0.6671735391702848,1,0.1,1.5429482671879248e-06,0
0,12,19,2,1,0.32645685668526786,0.3170809394543403,0,0.0,2.0667170421709514e-06,0
0,19,16,4,1,0.20566341780504635,0.046716242406795165,1,0.25,2.5718265100739654e-06,0
0,12,17,10,1,0.31493318562227723,0.40169155731243744,0,0.0,6.097823145515267e-06,0
2,3,10,7,0,0.09955131368693888,0.2569967049671424,1,0.14285714285714285,7.308713142589521e-06,0
0,8,23,5,1,0.28213237965509885,0.27473937656777775,0,0.0,3.29474258406125e-06,0
1,16,19,7,5,0.351594262424744,0.10382851169946064,0,0.0,6.181872217764312e-06,0
1,16,14,6,4,0.18584691572151277,0.15305623970067747,0,0.0,4.517254425935741e-06,0
1,14,9,10,2,0.8335084155648009,0.6837071627254816,1,0.1,4.903882713405326e-06,0
2,19,15,3,1,0.181441155238507,0.08306825075736124,1,0.3333333333333333,4.6348395053452e-06,0
2,10,14,9,0,0.150648421035487,0.4371322206131657,0,0.0,5.083883145472714e-06,0
1,19,17,8,2,0.49999210373491587,0.3304731607521571,0,0.0,1.59541396497095e-05,0
0,3,20,6,1,0.2881195740207322,0.4652281253638649,0,0.0,1.033928477218887e-06,0
0,19,16,5,4,0.5252019486177082,0.23329381941028574,4,0.8,3.979662553557773e-06,1
1,3,5,3,0,0.6944140562089695,0.5559011298131419,0,0.0,1.4354990327793824e-05,0
1,9,3,8,3,0.041076456123191794,0.395570266268698,0,0.0,3.2530035652247027e-06,0
1,7,16,2,4,0.31980342816673507,0.23393868464490966,1,0.5,3.034392910769406e-06,0
0,3,23,10,4,0.3626949890444325,0.20488604695912332,2,0.2,7.575094222743421e-06,1
2,14,15,4,4,0.5857063377427193,0.4112527098123781,1,0.25,1.0324696595559274e-05,1
1,15,16,6,2,0.4062853023332202,0.049344449923748264,1,0.16666666666666666,1.1158536096740136e-05,1
1,14,17,4,3,0.07294502555619914,0.16468711924807736,2,0.5,9.39486010495024e-06,1
2,13,8,3,3,0.09066561403970555,0.2766888814653861,1,0.3333333333333333,4.247398242343744e-06,1
1,3,10,7,2,0.529885943161299,0.05459605216937328,2,0.2857142857142857,1.3464571667337944e-05,1
3,7,19,2,3,0.3438587763532466,0.35319207212724696,3,1.5,1.4136840797191371e-05,1
2,3,24,8,5,0.21447202716536176,0.22524433080670897,0,0.0,7.814857614330575e-06,1
1,18,22,8,2,0.3218259553788773,0.3055201593558452,1,0.125,1.0152856512222823e-05,0
0,18,4,2,3,0.3128843163528154,0.2680244999850937,1,0.5,5.1893547700285415e-06,0
0,11,8,8,1,0.43439636506695833,0.1637218083299014,0,0.0,1.1675395184832035e-05,0
1,17,19,2,1,0.1532224465047484,0.3184500513015932,3,1.5,1.0384006695193464e-05,1
0,2,4,11,0,0.397259645169337,0.19840191463313694,1,0.09090909090909091,9.573991101019798e-06,0
0,18,14,5,3,0.1563598068894894,0.23124686145922632,0,0.0,3.0852808700801863e-06,0
0,17,12,8,0,0.16010742556405344,0.5955743297165949,0,0.0,9.987223576158339e-06,0
1,19,23,4,2,0.14665616518313365,0.17127289644809426,1,0.25,4.786784554538843e-06,0
2,6,5,6,3,0.4575825405419445,0.6067521426512021,1,0.16666666666666666,2.2287028595321832e-05,1
2,2,21,10,0,0.4833021934193319,0.4053983879765712,1,0.1,1.3573444456269106e-05,0
1,14,24,10,4,0.15210149231998782,0.11712841701003127,1,0.1,4.4976281088516245e-07,0
0,13,21,5,4,0.1937117756339477,0.15335579552360493,0,0.0,6.920516971787637e-06,0
2,17,17,5,1,0.40794579431122446,0.5783311144189953,0,0.0,7.533597984285296e-06,0
1,17,15,4,0,0.07120828230710397,0.7991756835432282,2,0.5,1.383422087864972e-05,0
0,4,2,6,2,0.5815827640057891,0.7281726836586752,1,0.16666666666666666,4.994353995464115e-06,0
0,4,16,6,3,0.24164322407148825,0.3812098439110424,2,0.3333333333333333,2.6506200335219555e-06,0
2,10,7,11,1,0.18530577864543687,0.23530819225706093,1,0.09090909090909091,3.0854939002057645e-06,0
1,14,24,4,5,0.4612668724703699,0.33047001864735853,1,0.25,8.924235304178772e-06,1
1,2,18,4,4,0.3284517712032511,0.3510807365967139,1,0.25,1.258995194013788e-05,1
0,7,18,3,0,0.14267493649432386,0.2543893651355399,2,0.6666666666666666,9.788450860355538e-06,0
1,6,2,5,5,0.14502989216402276,0.5471295748616984,0,0.0,1.4876867486649339e-05,1
0,4,7,10,3,0.43982558359626867,0.15303863186202626,1,0.1,7.263771047364944e-06,0
0,4,22,7,3,0.5357256503116641,0.7116328418056239,2,0.2857142857142857,2.10791032649424e-05,1
0,9,17,10,4,0.24411946165755227,0.3670911481437261,2,0.2,2.8827074105833947e-06,0
0,14,18,3,0,0.3520730667052151,0.42975699236460985,0,0.0,5.414521424979079e-06,0
0,13,4,2,3,0.43738437991680795,0.365235351596824,2,1.0,1.6236976038116144e-06,0
0,18,11,5,5,0.40775689645219043,0.5204731769407039,1,0.2,2.9310135579784094e-06,0
0,2,19,5,2,0.4817876398537483,0.36684988314561856,3,0.6,1.0340171559184405e-05,1
2,18,11,4,1,0.6073697324424117,0.4521278791714111,2,0.5,6.762832433348186e-06,1
1,15,20,8,0,0.6246489279897203,0.9710403908311125,1,0.125,1.3286194644628297e-05,0
0,2,20,6,0,0.320159413244066,0.11577352043386589,1,0.16666666666666666,3.159535041894908e-06,0
0,7,18,5,4,0.35091584257272457,0.4761298656904251,1,0.2,1.581621757864494e-05,0
1,14,16,2,4,0.17572597559599207,0.2170336358935071,0,0.0,1.2643802582310604e-05,1
2,18,15,8,2,0.2657593594166629,0.02477823382449888,1,0.125,1.238911691224944e-05,1
0,1,18,2,0,0.3211545645507701,0.4563751513500862,3,1.5,1.5325748513984528e-05,0
3,15,18,9,4,0.23262439467210674,0.29785221228129666,1,0.1111111111111111,9.048911847050176e-07,1
1,18,21,2,0,0.056000364814814005,0.3555230490461861,1,0.5,1.3997281933373276e-05,0
1,19,8,10,1,0.38470871082802544,0.0835375150470393,2,0.2,2.6389753212321237e-06,0
0,1,10,2,4,0.03475001464659123,0.028958345538826022,1,0.5,2.9464570587399137e-06,0
0,3,14,3,3,0.25790953245642284,0.23513544862942645,1,0.3333333333333333,1.160840780189952e-05,0
1,7,11,8,5,0.22536389229666548,0.2511054161167654,1,0.125,3.907192067948586e-06,1
0,17,12,4,0,0.08597091867618716,0.16714256812351433,0,0.0,6.693873360345126e-06,0
0,1,21,4,5,1.6259429268618786,1.583073506204648,1,0.25,9.615969979540175e-06,0
2,15,20,11,4,1.0555688095031548,0.4447893928033286,2,0.18181818181818182,2.1270059366364578e-05,1
0,4,20,9,5,0.3968713636565024,0.2015415603673759,0,0.0,1.281285684885456e-05,0
0,3,6,6,4,0.4288410450152261,0.07230327817887391,2,0.3333333333333333,7.612573298977623e-06,0
1,7,21,2,4,0.7487385242098538,0.9449287555504362,1,0.5,1.3205406085042954e-05,0
0,19,12,11,2,0.12252775536045751,0.2588866064234959,1,0.09090909090909091,2.055421304649882e-06,0
0,14,8,7,4,0.6292511922723794,0.44959552070028874,2,0.2857142857142857,1.5373792536736145e-05,1
0,19,11,7,2,0.3281920502013441,0.2035666084799904,2,0.2857142857142857,1.549967105054486e-05,1
1,11,20,7,5,0.28070724923811935,0.24719741749040983,1,0.14285714285714285,5.713711228353659e-06,1
0,17,8,5,5,0.31104434520727725,0.35129804698642425,1,0.2,1.1277787622300753e-05,1
1,10,9,6,2,0.37662273888082165,0.2189741189061921,2,0.3333333333333333,1.4757683995424545e-05,1
0,1,12,6,5,0.09881529813207075,0.26677314590173673,2,0.3333333333333333,7.250631367986663e-06,1
0,2,20,11,0,0.1638797145222526,0.4018045328325987,1,0.09090909090909091,1.7601588311124908e-06,0
4,11,4,9,3,0.47498022264324696,0.1375219230919768,0,0.0,1.4848571079794836e-05,1
0,3,7,2,5,0.207472147058188,0.6894632720285521,2,1.0,1.389006906222671e-05,1
3,17,18,2,3,0.5225702804077235,0.16767560138170728,2,1.0,1.0795745601808317e-05,1
0,15,15,11,2,0.4928300564078305,0.31831445503165645,1,0.09090909090909091,4.171647748467662e-06,0
0,6,3,9,4,0.3458003056786154,0.4636183213856787,1,0.1111111111111111,4.642328071015314e-06,0
0,15,11,3,0,0.5272982185316671,0.4988429213588154,1,0.3333333333333333,1.1653990105544637e-05,0
0,10,12,2,5,0.24250643131280566,0.12393990536322415,2,1.0,6.286794128102544e-06,1
2,5,4,5,1,0.5379530636589952,0.5181367759484266,1,0.2,4.8271710345077445e-06,0
2,19,15,8,2,0.030492778606876457,0.433829176063654,3,0.375,3.5632702810007457e-06,1
2,17,5,9,5,0.4340200027458394,0.5330908535779922,1,0.1111111111111111,9.65517743890278e-06,1
1,13,24,4,2,0.37994662278843194,0.6349268845414326,1,0.25,1.1912361460462102e-05,0
0,14,10,2,1,0.2867035489056267,0.030632744162033466,1,0.5,4.228379058493682e-06,0
0,17,6,4,1,0.47777287034847193,0.6790162797028252,3,0.75,6.253790070713244e-06,0
0,10,16,11,3,0.368559830544241,0.42942836140789464,0,0.0,8.241581319054066e-06,0
1,8,20,11,4,0.3888281355261063,0.18847882681609368,0,0.0,2.1364630906267385e-05,1
0,15,2,10,3,0.5410612675517551,0.07347823891278955,0,0.0,6.950074867417915e-06,0
0,14,12,8,5,0.2478758262226195,0.09538601992497867,0,0.0,7.4164148628320385e-06,0
0,15,11,2,4,1.0558601863365795,0.3440362573063325,0,0.0,3.967272413352562e-07,0
0,6,12,11,0,0.20882009373737448,0.27803383651241537,0,0.0,9.404587355705922e-06,0
0,10,24,10,1,0.18254832907060156,0.10593838944271465,1,0.1,2.2565345576460145e-06,0
0,9,5,2,2,0.14280804895631846,0.23888098680713787,1,0.5,1.8071329823531493e-05,0
0,16,3,6,3,0.2805326284534412,0.442453159422108,1,0.16666666666666666,1.2703820171891767e-05,0
0,11,13,4,1,0.11637308638562242,0.326585954063327,1,0.25,9.580260411872978e-06,0
0,12,19,7,2,0.24204392742736663,0.5318148499606286,2,0.2857142857142857,8.885848297341423e-06,0
0,15,23,8,1,0.2287647057959795,0.3217834480835128,1,0.125,7.406127771151983e-06,0
0,7,21,10,4,0.4041278306116884,0.3422044688106729,1,0.1,7.096879476187979e-06,0
0,11,10,3,2,0.32459200924840986,0.36728827980488366,2,0.6666666666666666,1.3132250158041685e-05,0
1,1,15,9,4,0.35258323286332777,0.37608817301114356,1,0.1111111111111111,1.0324097030156502e-05,1
0,15,11,10,1,0.029080647002901278,0.15076445127107455,1,0.1,4.198178157173062e-06,0
2,4,3,6,2,0.26142771249026875,0.053803430156114475,0,0.0,8.003058010819221e-06,0
0,2,22,6,4,0.2249954163213108,0.28863548306116493,0,0.0,3.4948664638535786e-06,0
2,12,3,2,1,0.5309193721078771,0.1252444216768137,3,1.5,5.852169311509884e-06,1
1,2,11,8,0,0.2715187105219003,0.1869476926429259,0,0.0,1.0355564032694477e-05,0
1,7,20,7,2,0.21801777014801804,0.03526439973964573,1,0.14285714285714285,1.6884240586761454e-05,1
0,16,6,8,3,0.9037709611904632,0.5842105344203801,3,0.375,1.374819027116999e-05,1
1,1,17,2,4,0.23482137146039944,0.2675724827661372,2,1.0,6.9475817031042736e-06,1
1,13,23,4,3,0.5377747202647022,0.6603320263644623,1,0.25,1.7970751388591215e-05,1
3,2,10,2,2,0.5027754863157597,0.44590710470939365,0,0.0,3.447807128050301e-06,0
3,2,18,8,1,0.2154945907818583,0.2477874103477865,0,0.0,4.754636530762049e-06,0
0,13,15,11,2,0.29585772450362763,0.29439643753641287,2,0.18181818181818182,9.191156576847115e-06,0
2,2,16,9,1,0.3816095101242153,0.42521912034106973,0,0.0,1.4297573784660675e-05,0
1,2,22,7,1,0.3748482368551865,0.2430964021030197,2,0.2857142857142857,3.4372445059003315e-06,0
3,8,5,8,1,0.5425128579633715,0.28566750354127635,1,0.125,4.004957069825546e-06,1
1,13,3,4,2,0.25321077802642045,0.26752420066910354,1,0.25,6.66529938370395e-06,0
3,13,3,10,3,0.7883746976432044,0.8998084438932074,1,0.1,2.441827122040891e-05,1
2,18,21,3,2,0.10945324463021436,0.37027070512586996,0,0.0,1.2062614676010409e-05,1
0,8,2,7,0,0.38602799580064634,0.3287244127484724,0,0.0,5.077108564336131e-06,0
0,17,9,6,3,0.14934660732361157,0.27308123406640733,1,0.16666666666666666,5.910274632563011e-06,0
1,4,12,5,1,0.5153421173412088,0.9925649939511164,0,0.0,1.161819620426052e-05,0
1,6,10,11,2,0.5921791763961721,0.3534828175957262,0,0.0,1.3918850998644148e-05,0
1,1,15,11,1,0.1847131940044623,0.450586441927042,0,0.0,9.387914320420564e-06,0
0,8,3,2,3,0.43233606808434216,0.13333539547587553,0,0.0,2.622501285877768e-06,0
0,15,14,10,3,0.20567750697473028,0.089493499762987,1,0.1,1.077391844738036e-05,0
0,19,15,8,5,0.18413835340000956,0.5863317694539424,3,0.375,1.8796248803117134e-05,1
0,7,13,5,3,0.6057711815205653,0.9692673550215105,1,0.2,1.861036898928887e-05,0
0,9,3,5,5,0.40997495615737717,0.48773534713337774,2,0.4,1.0498379186439736e-05,1
0,2,4,3,3,0.3725982048455608,0.4001254663561043,1,0.3333333333333333,6.8397708088933615e-06,0
1,16,3,10,1,0.17346454864146296,0.6081113015494999,1,0.1,6.72069898831068e-06,0
0,4,13,10,1,0.2844776376408979,0.2777826455780634,3,0.3,5.778772097110666e-06,0
1,17,10,6,1,0.5336744890952263,0.30206786989629486,3,0.5,6.1131727918949854e-06,1
0,16,14,2,1,0.23638556710793918,0.3579040803927322,1,0.5,1.0113270468015436e-05,0
2,3,8,8,0,0.3015921644940843,0.1140195146986542,0,0.0,2.8907042957476782e-06,0
2,13,14,9,4,0.22221360843652654,0.4840648474950753,0,0.0,5.6724936410322e-06,0
2,11,7,6,1,0.4697943307376553,0.3928935828218151,2,0.3333333333333333,7.104340670359097e-06,1
3,19,24,5,0,0.0581675304963998,0.3415830082021865,1,0.2,2.423647104016658e-05,1
1,17,7,4,4,0.26669287008263143,0.07142478036202904,1,0.25,9.745107603381711e-06,1
0,4,3,5,5,0.4031014881815201,0.48540508558078765,1,0.2,5.52824769122631e-06,0
0,9,22,7,0,0.40008868337899484,0.0598899356337797,0,0.0,3.6640814637232626e-07,0
0,14,8,4,3,0.040176377426401,0.24632802842938015,0,0.0,1.3303998408248237e-05,0
1,4,9,5,4,0.20287916008272314,0.21919867109229246,2,0.4,4.864345553891875e-06,1
0,7,24,8,1,0.33440209003623295,0.6290783499317182,3,0.375,3.1455734709544975e-07,0
1,17,13,10,5,0.2321336588142251,0.5163686758613117,0,0.0,1.7699125409604686e-05,1
2,14,9,5,1,0.32047641055697995,0.23090424406708385,1,0.2,6.619804441505471e-06,0
2,16,12,7,4,0.22377874049599222,0.20428643032326316,0,0.0,6.6122418209484995e-06,0
0,18,23,5,2,0.15745479006422114,0.19542898175672907,3,0.6,5.580758837564516e-06,1
0,1,14,9,5,0.34778650084729745,0.14747803562137635,1,0.1111111111111111,9.273261170122457e-06,1
0,12,21,5,3,0.22804355610468816,0.3395508147221894,3,0.6,1.2871207182599552e-07,0
1,3,21,8,1,0.44980829040561077,0.029155418678553053,1,0.125,1.1711257012792818e-05,0
3,9,12,8,5,0.6997409718068021,0.8030385518418118,1,0.125,5.7578149255584005e-06,1
0,1,16,8,0,0.42227006652399257,0.40009892526948415,3,0.375,9.788853548709924e-06,0
0,4,17,4,3,0.08961905130827069,0.23177723415320375,2,0.5,2.6222747821913846e-06,0
0,10,10,10,3,0.34236631049843025,0.27966461916899926,2,0.2,1.8687584868950404e-06,0
2,11,18,3,0,0.4477570396923444,0.35789908767804063,2,0.6666666666666666,1.4969487308324432e-05,1
1,10,15,10,2,0.37940086541606094,0.16410651030940204,1,0.1,1.0616539233649521e-05,0
0,5,3,10,4,0.26387305992490856,0.3720857771774553,4,0.4,1.0770277925831787e-05,1
0,9,8,8,0,0.29455623394303765,0.24962024060052487,1,0.125,4.175228654024269e-06,0
0,6,14,8,3,0.28927787475708744,0.3379534568527597,1,0.125,1.2445066104583078e-05,0
0,7,23,3,5,0.8349008199891043,0.24870109075065366,2,0.6666666666666666,2.1293642426318417e-06,0
1,17,6,5,0,1.1767138631430434,0.8198749031815608,2,0.4,1.4786942540356179e-05,0
1,19,24,4,0,0.42530629461710306,0.6775020927711242,1,0.25,1.2001671942024976e-05,0
1,1,14,3,4,0.5662833342842868,0.1602572924592782,2,0.6666666666666666,1.523528143648031e-05,1
0,19,24,8,3,0.7888436122953865,0.38294230592776224,3,0.375,9.664995269561882e-06,1
0,14,14,8,0,0.4535137990218802,0.5267670070783215,2,0.25,9.075142327445116e-06,0
0,14,4,10,1,0.5814283507819816,0.2011976013146367,1,0.1,3.430987715337752e-06,0
1,13,5,6,0,0.43187251523752623,0.34562950259240144,2,0.3333333333333333,1.1936104487785419e-05,0
0,8,14,8,4,0.21660562683490212,0.45477033979494136,2,0.25,2.2097038864056823e-06,0
0,13,9,10,1,0.3595651740028054,0.2748517813598949,0,0.0,1.6053464125896039e-06,0
0,10,6,6,2,0.41306158492099865,0.3062793275624466,2,0.3333333333333333,1.0222709515822591e-05,0
0,6,21,2,5,0.46014032115484793,0.14273195181563977,0,0.0,1.9325657950599467e-06,0
0,7,12,11,1,0.20008340688741658,0.21454862387310547,1,0.09090909090909091,6.428256341947616e-06,0
0,9,10,9,1,0.2955193072962007,0.35914160899651065,1,0.1111111111111111,7.377028922050194e-06,0
0,14,19,7,2,0.4007004266255786,0.9745130791843992,0,0.0,1.1716289564974388e-05,0
1,13,5,8,2,0.38078495516757327,0.037692812210405616,2,0.25,1.2262548940583795e-05,1
1,1,21,3,5,0.39417231827733407,0.23190669824633667,2,0.6666666666666666,1.4606353898374515e-05,1
1,8,11,9,2,0.2104964772967462,0.3932910138410916,1,0.1111111111111111,6.222307514118461e-06,0
2,6,16,11,1,0.25522889421681394,0.2571236267628452,0,0.0,5.51115214593486e-06,0
0,6,23,7,3,0.40357325603382876,0.5186677399550904,3,0.42857142857142855,8.848698499995963e-06,1
2,2,20,5,4,0.17729364500781966,0.282088866348032,2,0.4,3.890772304042191e-06,1
0,19,13,5,3,0.29577365269487427,0.4253018096935454,1,0.2,5.9980119301072385e-06,0
1,9,2,8,4,0.25587051796776805,0.27817798989036424,0,0.0,9.504285696515769e-06,0
2,17,16,5,2,0.1119332050907162,0.17151392470263738,1,0.2,9.605980549832247e-06,1
0,14,9,5,0,0.1705204174800983,0.08451536489864489,1,0.2,4.011819679415627e-06,0
0,18,21,9,0,0.2723673586325552,0.3671252010581954,1,0.1111111111111111,6.4943069004755944e-06,0
1,17,21,9,5,0.10136651471951817,0.020294773105043008,1,0.1111111111111111,9.697039645575267e-06,1
0,14,12,3,2,0.19455919798717716,0.3578357699146797,1,0.3333333333333333,1.0293688027230906e-05,0
0,1,9,6,1,0.020772269978881205,0.11677627085691676,5,0.8333333333333334,5.616612724296351e-06,1
0,2,12,7,5,0.2804348797613075,0.28615902932670984,1,0.14285714285714285,1.7466406643405484e-05,1
0,13,6,10,3,0.19074908961321507,0.11279664892228801,1,0.1,1.6920988642232957e-05,0
1,13,16,8,5,0.5237245950820351,0.5308152130719264,2,0.25,1.0142482216220168e-05,1
0,11,7,9,4,0.28244737502851114,0.4284946532586419,0,0.0,8.34597672767164e-06,0
1,2,13,10,4,0.3259535808923428,0.2675806426348348,3,0.3,3.865464968650282e-06,1
0,4,24,9,4,0.854864855655632,0.08855044143797261,2,0.2222222222222222,2.4476485373778825e-05,1
0,10,7,3,0,0.7418663936082587,0.5861176097349954,0,0.0,1.8068986172993897e-05,0
4,7,13,3,0,0.3150386627929853,0.36307987182086476,0,0.0,4.764114249751974e-06,0
0,15,3,6,5,0.7502403342713154,0.704391167843975,0,0.0,2.8620006181159633e-05,0
1,13,18,10,3,0.3799307865647384,0.29916373497497994,1,0.1,6.237980534873037e-06,0
0,16,23,10,2,0.3888515621345869,0.2994086654115699,1,0.1,5.261524844374351e-06,0
1,17,17,7,1,0.3679066933769692,0.028623054654425377,4,0.5714285714285714,1.1096089255655821e-05,1
0,18,3,3,4,0.2748611089519928,0.3987039015602245,5,1.6666666666666667,9.797290064951513e-06,1
0,6,22,7,3,1.5196438286341005,1.0310066288940911,3,0.42857142857142855,1.3988567295690086e-05,1
2,16,19,4,1,0.2769867154487994,0.12457956914965149,1,0.25,9.30242611387322e-06,1
2,6,2,2,1,0.5198413877563852,0.26494598614842185,1,0.5,9.678454832468498e-06,0
4,6,2,4,5,0.2747296358529036,0.14291882499440048,1,0.25,1.6944452739514067e-05,1
2,14,13,7,1,0.520544971670605,0.18851601931740744,5,0.7142857142857143,1.8933872618999754e-05,1
1,14,12,7,2,0.14958010148902026,0.12297266883601152,0,0.0,4.3394988418882615e-06,0
1,5,14,7,3,0.41832803074131647,0.22094033225952656,0,0.0,1.3440002032284894e-06,0
1,4,18,9,5,0.16480197842259686,0.3268896950078484,1,0.1111111111111111,1.6002326149351362e-05,1
1,17,6,11,1,0.1911244607175683,0.5085005184198782,3,0.2727272727272727,1.3493740983366326e-05,1
1,3,11,5,5,0.38000135132146623,0.36987544872265393,1,0.2,8.770045429248033e-06,1
0,7,5,9,4,0.2935982584438688,0.3830158422894298,1,0.1111111111111111,1.114555539690826e-05,1
1,4,8,8,3,0.48420656914138216,0.14587091362827917,2,0.25,6.976841637885078e-06,1
0,7,13,10,4,0.31330211292624943,0.3038198851603554,0,0.0,2.937167067706512e-06,0
0,19,4,10,2,0.18413983525812347,0.06198991461602623,1,0.1,2.934657506770724e-06,0
4,16,10,5,4,0.2415223594435779,0.4208201665902462,2,0.4,9.449224062243223e-06,1
0,15,5,7,5,0.33138395531166615,0.371332670419831,0,0.0,1.2973282408985328e-05,0
2,11,12,3,2,0.23156809362026975,0.367945050222808,1,0.3333333333333333,5.684267628425141e-06,0
2,16,11,5,4,0.12394805903033565,0.33854584486326905,2,0.4,7.489738629296137e-06,1
1,17,18,5,0,0.8780068025681658,0.876211078257427,3,0.6,8.253722530219318e-06,0
0,4,18,9,0,0.6948726999381346,0.31396024982065196,2,0.2222222222222222,1.929197236260769e-05,0
2,9,6,9,4,0.5324930863559679,0.201551683534561,1,0.1111111111111111,4.75351780306914e-06,1
0,16,5,6,3,0.5075278229359189,0.25022703701576104,3,0.5,1.0574865984052035e-05,1
0,14,21,11,2,0.44765749554400064,0.5708571070063734,2,0.18181818181818182,7.232543402289858e-06,0
0,16,18,7,4,0.11325994530907602,0.5398084316181622,1,0.14285714285714285,1.33205692870915e-05,0
0,15,18,8,0,0.37063428888296307,0.29347846975217523,0,0.0,1.2290916633658197e-05,0
1,9,10,9,3,0.5076089304172693,0.27673063419695737,1,0.1111111111111111,7.546660558881655e-06,0
1,12,13,2,1,0.5262446426415772,0.7366920909959663,0,0.0,5.1262303116963285e-06,0
1,13,19,4,3,0.6911649169849834,0.04634224363168257,2,0.5,1.1587361484367451e-05,1
0,3,7,4,3,1.3367189110849094,1.0575201375749854,0,0.0,4.55532529185679e-05,0
1,12,4,7,0,0.3429113671476354,0.7455659761407828,3,0.42857142857142855,1.7733984335382942e-05,1
0,12,3,8,3,0.23499081537888936,0.2746229154123481,4,0.5,1.3451456717910502e-05,1
0,11,4,6,0,0.3699082209249159,0.23728501549025102,1,0.16666666666666666,1.0714677411172081e-05,0
0,12,24,5,2,0.220415985554737,0.2682350099867426,3,0.6,9.97748141243152e-06,1
0,16,2,7,3,0.20915082763883164,0.3265585606807813,0,0.0,4.911633033353818e-06,0
0,19,14,10,3,0.44933617870847137,0.3913307306558425,0,0.0,3.7902854851087227e-06,0
0,3,5,5,1,0.6891224711823533,0.31502441537159775,0,0.0,1.0533508124286217e-05,0
0,7,14,7,2,0.1564231686596569,0.23545575435366312,3,0.42857142857142855,1.0142453321727294e-05,1
0,11,23,6,4,0.43466756068140044,0.2173052970420618,0,0.0,4.218769751267995e-06,0
1,10,5,2,1,0.298683763088618,0.44757878178464194,2,1.0,6.345245439390656e-06,0
1,4,24,4,2,0.3161832973101503,0.613073010261225,1,0.25,2.4327847228479427e-06,0
0,9,6,10,1,0.4283324311865446,0.5092823945567462,2,0.2,8.473675209215254e-06,0
2,7,13,4,1,0.06718665954239927,0.26824052380740415,0,0.0,4.071717231868128e-06,0
2,16,10,2,1,0.4513070906389037,0.5866936907836545,1,0.5,1.949333208881103e-05,1
1,14,20,10,1,0.47971018100871626,0.1433276067529776,2,0.2,5.2794574398062495e-06,0
0,15,14,4,1,0.304857076648107,0.05761272836630262,2,0.5,2.90733802032412e-06,0
4,10,5,8,1,0.3681752108687615,0.21089411044174372,1,0.125,5.668578553271475e-07,1
0,12,11,7,1,0.38681222788390385,0.23670235544558835,1,0.14285714285714285,2.8180775943529447e-06,0
1,12,6,4,5,0.22664438901829956,0.1811206958976574,0,0.0,7.37350120494425e-06,1
1,2,9,6,1,0.2697147574171249,0.5695736109093535,0,0.0,1.7960005594022208e-05,0
0,8,20,2,2,0.4523456436432817,0.030632744162033466,0,0.0,5.372353448385767e-06,0
0,17,16,6,4,0.11372555445809714,0.3381670925730362,3,0.5,1.1895910652243301e-05,1
1,19,23,9,4,0.16261502427843302,0.5499906227772281,0,0.0,5.496909696085261e-06,0
2,18,15,9,3,0.23938892539023374,0.31154703957546354,1,0.1111111111111111,1.6347720662878986e-05,1
2,16,24,6,5,0.39987678306262014,0.03726195752153927,2,0.3333333333333333,8.645155248540632e-06,1
3,1,5,9,3,0.3236538359661317,0.3844514805543186,1,0.1111111111111111,1.0717507397969709e-05,1
1,18,2,9,5,0.595328683054404,0.5474256773369862,2,0.2222222222222222,3.752570516719926e-06,1
2,10,6,2,5,0.14265815423745778,0.307253040857449,1,0.5,3.7706953205323565e-06,1
0,18,7,5,4,0.4553678930271723,0.49799146326490845,2,0.4,6.340757067398496e-06,1
0,2,6,9,0,0.23510888554592732,0.3419258956432504,2,0.2222222222222222,6.179094899287452e-06,0
1,12,6,8,0,0.28913797548666065,0.46159595650522806,1,0.125,2.6047135637154637e-06,0
2,15,18,11,0,0.3706028776727293,0.23289773568986133,0,0.0,9.908450583838877e-07,0
4,18,13,5,5,1.1203025502833022,1.2132682743753926,0,0.0,2.8915917871045717e-05,1
2,4,5,10,2,1.7106154447544675,1.1040333797055681,1,0.1,3.6762324780414705e-05,1
3,1,20,4,5,0.3406865090630718,0.21219626343709924,3,0.75,7.364141491551486e-06,1
0,19,7,10,4,0.48099845260429724,0.23504606910473694,3,0.3,1.1237779239975183e-05,1
1,7,15,6,4,0.3810506806195262,0.21817377470423152,0,0.0,4.32722021569641e-06,0
3,6,7,5,3,0.5091873487690186,0.21966054379729888,1,0.2,8.053175567968281e-06,1
0,4,14,9,0,0.2213480641982734,0.2554547534679928,1,0.1111111111111111,3.2677847845690314e-06,0
0,3,9,3,3,0.4787946394174329,0.13926009688976837,3,1.0,7.2354654300337345e-06,1
0,13,6,9,0,0.3681550124658291,0.02872042940312846,1,0.1111111111111111,1.436021470156423e-05,0
1,18,5,2,0,0.3140019431310699,0.4002737838428284,2,1.0,8.783874909792454e-06,0
0,7,18,7,5,0.46549377582605145,0.06184785426445765,0,0.0,1.5316372081016734e-05,0
1,10,5,2,2,0.14729313673723202,0.29321799294669965,0,0.0,1.193911375531718e-05,0
0,3,4,10,1,0.13881334085062078,0.35596466785504455,2,0.2,1.1707307467689978e-05,0
1,17,23,8,4,0.29522568590259474,0.21482788328345226,0,0.0,5.450063338187042e-06,0
1,12,2,4,0,0.36322690632750343,0.4300257471630547,2,0.5,9.932511982650244e-06,0
0,13,2,4,0,0.18399617581828515,0.395957108127175,1,0.25,4.199610877753879e-06,0
0,17,11,11,3,0.3453737283114927,0.051685877519047456,2,0.18181818181818182,7.057879977838394e-06,0
2,19,16,6,4,0.13608793674042496,0.192281022912422,0,0.0,2.5919257096778386e-06,0
0,1,22,9,1,0.6141435226956667,0.6551206376279173,3,0.3333333333333333,1.8491362419735586e-05,1
1,16,22,10,3,0.26739361914003407,0.4446677102378596,1,0.1,1.8404552435484775e-06,0
2,3,11,5,2,0.32636935886685914,0.44971752271339477,3,0.6,1.2579110749600433e-05,1
1,17,7,2,2,0.2498178622151051,0.3907169440728347,2,1.0,1.782023110570125e-05,1
2,10,3,11,5,0.4047746723714122,1.074302536403738,0,0.0,3.3948472366749035e-06,0
1,18,15,3,4,0.8814991486976269,0.4948766131677982,2,0.6666666666666666,2.8533695667273874e-06,1
2,6,16,9,1,0.19707542308535247,0.4709385609636781,1,0.1111111111111111,1.4571418426612259e-05,1
0,11,8,4,0,0.5490407517759528,0.4598322730444673,1,0.25,5.271072271077016e-06,0
1,10,14,8,3,0.3883207540258273,0.7823174360354067,0,0.0,1.0242776285274943e-05,0
0,17,12,6,2,0.039361733856344595,0.2127835782030401,2,0.3333333333333333,8.936341751292061e-06,0
0,7,2,10,0,0.4040270222103419,0.32480264083330834,0,0.0,4.502938247778378e-06,0
3,17,9,10,1,0.33942724037282135,0.44793607338517666,1,0.1,2.786536698083011e-06,1
4,6,9,8,5,0.8568220831799098,0.3438747124743468,4,0.5,6.847783669108139e-07,1
2,11,18,9,0,0.052350005681825434,0.45630090923348154,1,0.1111111111111111,7.618513829022819e-06,0
3,10,21,10,4,1.0363568969640236,0.5607137633288448,0,0.0,8.811349882794303e-06,1
1,18,22,3,4,0.5298416336991677,0.331537050673823,1,0.3333333333333333,9.982861713550015e-06,1
2,5,12,2,5,0.27620965745960446,0.7000931930925165,2,1.0,2.408338590392056e-05,1
0,2,22,8,4,0.6420366509440683,0.42005699067434066,0,0.0,9.362450039523723e-06,0
0,4,22,5,4,0.36267982199226073,0.27694224692173497,0,0.0,5.05980688440242e-06,0
0,19,22,6,1,0.42874368409177543,0.7196966513609858,2,0.3333333333333333,6.027226665239737e-06,0
0,7,11,5,5,0.28079030216526585,0.15998982719616572,2,0.4,1.2677776142424533e-05,1
0,17,18,3,1,0.4059302792420435,0.3051751485153654,1,0.3333333333333333,1.238707372775511e-05,0
0,6,5,5,3,0.46892271914419703,0.6343556962372405,0,0.0,4.4696190901897895e-06,0
1,4,9,11,5,0.38071195586630946,0.20538375256821312,1,0.09090909090909091,1.7747954169786895e-05,1
1,16,2,4,0,0.20381918336655963,0.11325784080549925,4,1.0,5.431382790641579e-06,1
1,7,18,6,1,0.10564029125847074,0.30629476664070854,1,0.16666666666666666,1.3919801654217474e-06,0
3,9,7,3,5,0.5167129894614892,0.6595962133176702,7,2.3333333333333335,6.611376763561261e-06,1
1,16,22,9,5,0.40599216098694896,0.5305409813835676,1,0.1111111111111111,1.3806720278514329e-05,1
0,12,11,9,5,0.034821654782139146,0.21121606217784297,0,0.0,1.1224397632183991e-05,0
0,17,19,6,3,0.6048482618433222,0.496148659973794,0,0.0,7.94033142652291e-06,0
1,19,12,3,3,0.04567338605372379,0.5288714669864688,2,0.6666666666666666,3.418642485666704e-05,1
0,5,14,7,3,0.21688529491169423,0.6519545222473752,0,0.0,9.944565605018725e-06,0
2,14,5,5,5,0.2770013961331345,0.46836223598345367,0,0.0,9.462576349517103e-06,1
1,16,5,9,1,0.2656285418518292,0.22825463197040363,1,0.1111111111111111,9.435899118559486e-06,0
2,2,14,2,4,0.3667251817667254,0.5451543179991001,1,0.5,5.61485091353172e-06,1
0,18,12,8,2,0.1780126352406016,0.37026140631089155,2,0.25,1.609316047364316e-06,0
0,19,22,11,4,0.7665640587590259,0.49052313027520167,1,0.09090909090909091,6.269505653851665e-06,0
0,15,21,8,4,0.5884649920536124,0.18193702570329345,2,0.25,1.4667467224775603e-05,1
1,12,19,3,2,0.12986467605788973,0.01884585308322193,0,0.0,5.828631115325061e-06,0
2,11,2,3,1,0.5621446113574161,0.46317931604659124,2,0.6666666666666666,1.2915510907795524e-05,1
0,9,24,10,4,0.38284420068987046,0.21841122842690272,3,0.3,6.350127387854563e-06,1
1,11,22,6,3,0.49419977832997297,0.41040011713548574,2,0.3333333333333333,9.266785859070208e-06,1
0,19,4,3,3,0.2981953113592882,1.176079876075017,2,0.6666666666666666,1.0245116912159042e-05,0
0,14,22,9,4,0.1418898873039778,0.311402916874245,1,0.1111111111111111,1.1532795057887403e-05,0
0,10,17,6,1,0.389584156541821,0.3462625360291713,1,0.16666666666666666,8.110797855108726e-06,0
1,13,17,8,0,0.5283360124279453,0.21755465067661764,2,0.25,1.9792509865117482e-05,0
1,3,17,10,5,0.23781061681601445,0.4423633149886602,0,0.0,6.072127652656002e-06,0
1,3,23,8,0,0.48886007595150327,0.5306030204599976,2,0.25,1.1007554146238121e-05,0
0,7,16,2,1,0.347743079671257,0.23751159380797776,1,0.5,1.1331333776577305e-05,0
0,7,5,7,3,0.32279710825138647,0.13065543154755663,1,0.14285714285714285,6.726812259769598e-06,0
0,15,17,5,0,0.029514942488142955,0.3133101586580192,1,0.2,3.732418972970935e-06,0
2,16,6,7,5,0.09501946988340759,0.20213246318504502,0,0.0,1.0964169924359897e-05,1
0,3,13,6,3,0.24594728803959448,0.14296392996310292,1,0.16666666666666666,2.086845083842531e-06,0
0,9,13,6,3,0.4461251173503873,0.15393254725209807,1,0.16666666666666666,6.459228669587887e-06,0
2,5,9,11,1,0.4030358948325067,0.15827704021113317,0,0.0,2.8224581399953018e-06,0
2,4,7,11,1,0.7234462138772315,0.594914029314389,2,0.18181818181818182,6.0381392727161985e-06,1
1,12,14,9,2,1.0182204989298538,1.3989122058107408,1,0.1111111111111111,1.9867634569419023e-05,0
2,14,14,8,1,0.7857299673056432,0.7237218598953363,1,0.125,1.0737420560013368e-05,0
0,9,12,4,5,0.43392975818684293,0.2728730147067457,0,0.0,7.5268447516349426e-06,0
0,10,5,9,5,0.23780911344036443,0.41839867224298216,3,0.3333333333333333,8.18695477552796e-06,1
1,7,16,8,0,0.41183975396616324,0.4860092410753456,0,0.0,1.0294794933048445e-05,0
1,17,12,9,3,0.17382927501339374,0.13110278630239994,0,0.0,4.202757389244067e-06,0
1,8,6,3,0,0.7246885187766199,1.6375517269044697,1,0.3333333333333333,5e-05,0
0,14,13,5,2,1.8675872058388356,0.5335422710296197,0,0.0,3.571299704004722e-05,0
1,12,12,4,5,0.3897143565785229,0.4770884675174957,1,0.25,4.628794173030163e-06,1
0,10,3,10,4,0.3906084466314603,0.3771285194449275,1,0.1,6.445423755973358e-06,0
0,19,14,10,1,0.28835637918922336,0.4480791796431663,3,0.3,8.367930884266358e-06,0
1,8,17,8,3,0.19231886674531942,0.31636067917557054,0,0.0,3.27979475773485e-06,0
1,6,21,11,0,0.6165759152142762,0.4561654949427737,2,0.18181818181818182,8.098641803171858e-06,0
0,16,6,10,2,0.34808835063364135,0.4044538095018538,1,0.1,1.230659533538107e-05,0
0,16,7,8,0,0.23178209531349028,0.20186737235208346,1,0.125,3.700752638154542e-06,0
0,6,16,6,1,0.33142018439899873,0.18468038793462604,0,0.0,1.7763046981391158e-06,0
0,8,3,2,0,0.24830752729162817,0.03703019448743648,2,1.0,5.005060029218134e-06,0
0,10,21,9,4,0.28420574013386407,0.4256142621128015,1,0.1111111111111111,4.397189005829901e-06,0
1,6,3,11,0,0.33898543452155255,0.37297369146358544,1,0.09090909090909091,1.4821119308766406e-05,0
0,10,19,7,2,0.08942372417994342,0.2660397674289747,1,0.14285714285714285,6.98192840700988e-06,0
0,8,14,11,4,0.3074871295509255,0.1640751416030129,0,0.0,4.420615116009642e-06,0
1,2,17,3,5,0.18910350707962037,0.11159331043781118,1,0.3333333333333333,9.558539446990628e-06,1
0,1,24,9,0,0.3489516792575908,0.3433009629068437,2,0.2222222222222222,1.6698142231442513e-06,0
0,12,18,8,4,0.49627344869120177,0.23906726925108676,1,0.125,8.643078093342946e-06,0
1,1,24,10,1,1.5697603245201865,0.7891349891095918,0,0.0,3.964729761372473e-05,0
1,19,7,3,4,0.35856757422081437,0.3650143653594738,1,0.3333333333333333,1.0069265729019262e-05,1
2,5,5,8,4,0.09945193337898427,0.17158601995806794,1,0.125,1.2532889147938429e-05,1
0,2,15,4,4,0.29163268862686126,0.22098328744649479,0,0.0,6.131934591062864e-06,0
1,13,7,10,3,0.7359601248452713,0.890844985609087,3,0.3,1.150779451201708e-05,1
0,12,18,9,4,0.35115550584674976,0.30179787819720694,1,0.1111111111111111,7.017632042812366e-06,0
3,11,14,9,0,0.4677550592426282,0.33946966004069734,2,0.2222222222222222,3.4708704873849946e-06,1
1,6,17,5,0,0.2718245256954548,0.3037449424985641,0,0.0,8.973103158912367e-06,0
0,7,9,5,2,0.047186366761167574,0.48442477563758796,0,0.0,1.966098615048649e-05,0
3,12,16,8,0,0.08763430895050546,0.49453713616897527,1,0.125,5.690756928016184e-06,1
0,12,24,10,0,0.597033043943763,0.6091708000291953,1,0.1,1.5598220128739939e-06,0
1,2,23,8,0,0.04541707614470595,0.2973980752183372,0,0.0,7.338921910907956e-06,0
1,4,17,6,4,0.664623287172805,0.351333506054646,1,0.16666666666666666,1.3434560294642778e-05,1
1,13,18,9,1,0.7891396552634817,1.096624741907008,2,0.2222222222222222,2.6471705226750134e-05,0
0,15,22,5,5,0.35873017282396863,0.46843657990109666,0,0.0,6.017023257320644e-06,0
2,6,21,4,1,0.35456393462391816,0.19574421781248497,2,0.5,9.396073930535543e-06,1
3,6,3,7,2,0.37042456031294496,0.08807695118149411,0,0.0,1.7002247829600602e-05,1
0,7,12,6,1,0.4133909845825121,0.6055136551952509,1,0.16666666666666666,9.62387166114205e-06,0
1,11,2,5,1,0.4479436657322877,0.5213084522032159,0,0.0,8.106266397295101e-06,0
1,18,23,6,3,0.2566457241312416,0.3203285919212024,2,0.3333333333333333,4.473788132656795e-06,1
1,9,5,10,0,0.038798396117693514,0.2143810820826899,0,0.0,1.5079520380817773e-06,0
1,7,5,9,4,0.23090337438657937,0.05348795052100812,0,0.0,5.69684739846535e-07,0
0,6,11,4,0,0.4039515987114974,0.6010318800401946,4,1.0,6.391001752492996e-06,0
0,12,19,2,4,0.8284029988245881,0.5194886149291702,1,0.5,8.23754416915861e-06,0
0,18,3,3,0,0.19623423758594477,0.09480671925006506,2,0.6666666666666666,9.336553636357514e-06,0
2,13,15,8,1,0.3019432860682665,0.34849465549989683,1,0.125,7.649111371199209e-06,0
0,11,18,10,4,0.4182838638465796,0.42266375416119356,0,0.0,8.52583175327506e-06,0
1,2,21,11,1,0.5586792300450776,0.3155331715826794,1,0.09090909090909091,8.505508736145076e-06,0
1,1,3,5,5,0.4511839701558647,0.5875283557983634,1,0.2,4.749748136181587e-06,1
0,15,5,4,0,0.5849012876160656,0.573583077042318,0,0.0,1.2738214242852897e-05,0
2,19,20,11,4,0.2456652163752186,0.4475193451495555,0,0.0,9.331450301489287e-06,1
1,15,22,7,1,0.545108686555542,0.7718647186147835,2,0.2857142857142857,9.638193386554024e-06,0
1,3,3,6,3,0.5716971082607705,0.5675213083159586,0,0.0,3.393693078144417e-06,0
1,11,17,11,1,0.7208676744535615,0.22318909509028365,1,0.09090909090909091,4.062371894038238e-06,0
0,13,5,5,5,0.12172041360857702,0.044445270960136105,0,0.0,1.309457473982887e-06,0
1,13,20,11,1,0.0809562145093906,0.2388163798928153,1,0.09090909090909091,1.3536124592071054e-05,0
0,6,10,3,4,0.20796121011793484,0.7060703067048457,1,0.3333333333333333,1.4706300358528069e-05,0
0,5,4,11,3,0.218924712359494,0.3706447716851521,2,0.18181818181818182,8.281983447244494e-06,0
0,12,17,6,1,0.7439235511076553,0.8003313573767437,1,0.16666666666666666,2.0185788249832344e-05,0
0,17,14,11,3,0.379110240271423,0.31632417579111344,1,0.09090909090909091,9.551447180322859e-06,0
1,17,23,3,3,0.5645237658675488,0.7063612091065273,1,0.3333333333333333,1.9360880934396134e-05,1
1,17,19,7,5,0.3301876334934424,0.34216612787140516,1,0.14285714285714285,3.384102656857844e-06,1
3,16,22,8,4,0.2236735363795054,0.21469544068408689,0,0.0,1.1335535274251929e-05,1
1,5,3,8,1,0.44307297248169353,0.15619005807834707,2,0.25,3.882562335673586e-06,0
0,14,13,2,0,0.247828506354884,0.13088104522986735,0,0.0,1.1006560309548609e-05,0
1,15,16,11,1,0.4293588859912954,0.32992486499388757,2,0.18181818181818182,8.019771247088875e-07,0
1,10,23,2,3,0.4560346803955316,0.48347845202976253,1,0.5,8.008650854361375e-06,0
0,18,7,4,2,0.44315538198339627,0.5500880810536747,2,0.5,7.69417439949321e-06,0
0,1,15,7,3,0.261765032403145,0.3463281342680867,1,0.14285714285714285,3.1310032244256756e-06,0
0,4,13,9,2,1.0090690706503191,0.22660068712106665,3,0.3333333333333333,1.099362723876688e-05,0
0,1,13,9,0,0.37809688095105554,0.4653761063312202,2,0.2222222222222222,3.3473601778139074e-06,0
1,6,4,11,4,0.13997684169877148,0.29416672238054203,1,0.09090909090909091,1.3733903819205949e-05,1
0,8,19,4,2,0.5237882149587824,0.4347528060604235,0,0.0,1.2164377677906604e-05,0
0,4,16,7,2,0.10377378292695193,0.6345097551272456,1,0.14285714285714285,7.143796028192785e-06,0
2,16,15,6,0,0.2798828941755133,0.20119487555378246,0,0.0,7.882811291647212e-06,0
1,7,24,2,5,0.3376979832908732,0.35055227396054267,2,1.0,5.992639756937245e-06,1
2,5,18,4,4,0.354183817400161,0.5333997593192326,3,0.75,1.575620902018119e-05,1
1,15,15,10,2,0.6500095319202548,0.04009213428234424,2,0.2,8.285583029861182e-06,0
1,15,10,7,1,0.26017133430779776,0.35393629794399367,1,0.14285714285714285,8.23884962663617e-06,0
2,13,11,10,5,0.19372169760623434,0.08702264032175903,1,0.1,1.562062823067202e-05,1
0,3,16,10,2,0.0662953916204362,0.2062918307821818,0,0.0,3.7973190290777622e-06,0
1,11,11,11,2,0.3794441073247605,0.08053687612509307,2,0.18181818181818182,4.609971940482959e-06,0
2,18,20,4,2,0.308637656366637,0.2383892845650043,1,0.25,7.960315408992074e-06,0
1,13,17,7,5,0.10917344345737913,0.26397999957594803,1,0.14285714285714285,1.9386089963320915e-06,1
1,8,24,3,3,0.3811359415366705,0.4147807906209895,1,0.3333333333333333,6.538251181443226e-06,0
1,6,7,5,1,0.29438002093702215,0.2261862178405733,4,0.8,2.2051359223490296e-06,1
1,11,5,2,4,0.30322065598050146,0.384332776103815,1,0.5,1.6823725095621748e-06,0
2,18,8,6,3,0.24144610315600218,0.28380627441920314,1,0.16666666666666666,1.2441402004409535e-05,1
0,6,15,4,2,0.3715866609999016,0.4496618838320293,1,0.25,6.055055699884194e-06,0
1,17,16,8,0,0.09378195934397927,0.38084560622834496,4,0.5,7.777990568043874e-06,1
0,2,14,11,0,0.3149293194455408,0.2989635019140344,0,0.0,3.712605417508579e-07,0
0,5,24,10,0,2.141131068487567,1.5583532362945094,1,0.1,3.6286172622255924e-05,0
0,2,24,6,3,0.9314635075641311,0.1649749750412509,2,0.3333333333333333,6.978817959140209e-06,0
0,9,12,7,2,0.9966014262242883,0.5044566222157211,2,0.2857142857142857,3.0817447042968866e-05,1
0,6,13,8,2,0.4981057565645594,0.702354241543853,3,0.375,8.519110854693997e-07,0
0,9,14,4,1,0.22259967045067358,0.3933657910994378,0,0.0,6.176379194811634e-06,0
1,10,15,4,2,0.1396083154812625,0.07262812008110557,3,0.75,5.628983642389393e-06,1
0,14,8,10,1,0.392102293851226,0.28221347692369503,1,0.1,9.406581152655226e-06,0
1,16,23,6,0,0.24606112316810425,0.5605133780813711,2,0.3333333333333333,7.193613319744944e-06,0
1,1,14,11,5,0.170042822057039,0.2656865493836193,1,0.09090909090909091,3.451144865343283e-06,1
2,7,14,7,2,0.1964241046752274,0.5765006999172992,0,0.0,8.368576488570887e-06,0
1,13,20,5,4,0.31799331241742873,0.365062128585699,3,0.6,4.001468129229687e-06,1
1,13,7,4,5,0.484972000076058,0.4245836846232133,0,0.0,2.596819468166964e-06,0
0,10,15,5,4,0.39673991448482854,0.48697223626094527,0,0.0,6.504010363354972e-06,0
0,5,3,7,3,1.0050204634287991,0.710971599339221,2,0.2857142857142857,1.4585888415369903e-05,0
0,12,7,7,2,0.7877685092348732,0.3008417274072295,2,0.2857142857142857,1.570370744383427e-05,0
1,10,8,8,1,0.038868155870060185,0.11873979447241241,1,0.125,3.8820108955088115e-06,0
0,12,17,7,4,0.19731315985136727,0.2332879893756038,0,0.0,4.703546170893635e-06,0
0,5,21,2,1,0.24503062508168977,0.7542374932669528,0,0.0,8.511920321273516e-06,0
1,9,15,8,4,0.31774273987187784,0.39355892042465096,1,0.125,6.508862510896167e-06,1
1,3,7,10,5,0.46699004523348625,0.10217987438097655,2,0.2,7.72971684622445e-06,1
1,14,5,4,1,0.45602399988309444,0.8945178208238221,0,0.0,7.485393241445792e-06,0
0,19,12,6,0,0.18996903388933245,0.024146985481179713,0,0.0,7.654878076144139e-06,0
1,13,17,4,1,0.33697842006663814,0.3164379346676147,3,0.75,4.980689244964716e-06,1
1,4,16,8,3,0.45439437017004647,0.5108762115577865,1,0.125,8.082114837979745e-07,0
0,19,24,11,0,0.1256901497319244,0.31162762923393084,4,0.36363636363636365,6.008084674026388e-06,1
2,2,24,6,2,0.25775406135645285,0.41045380219294547,1,0.16666666666666666,1.2500311759576234e-05,1
0,19,22,4,5,0.43287858373866,0.574011383039103,1,0.25,2.238367773962892e-06,0
0,6,6,10,4,0.23700701556826814,0.26160274488001367,2,0.2,2.60885683031487e-07,0
0,18,7,5,3,0.26038150324592846,0.17971255780966153,1,0.2,8.273239780058497e-06,0
1,14,2,3,0,0.2928379567417887,0.2786480516390271,4,1.3333333333333333,6.027065688277295e-06,1
1,18,3,11,5,0.11105876161089256,0.5246725947690274,1,0.09090909090909091,8.91465953002397e-06,1
1,19,15,11,2,0.1866696572036031,0.3198846422145678,0,0.0,1.1146254955735893e-05,0
1,3,2,10,2,0.23190858067397618,0.18990925836857242,1,0.1,5.346787880267266e-06,0
0,1,24,8,3,0.3332001557435461,0.14395840227562529,0,0.0,1.5533058529895325e-05,0
0,12,8,7,5,0.26810971720952065,0.3025342752126815,1,0.14285714285714285,5.012001946062135e-06,0
0,17,22,4,0,0.411840367903227,0.08366407682097357,0,0.0,8.44843963450872e-06,0
0,9,9,9,4,0.4506424533777526,0.1341180296728699,2,0.2222222222222222,1.1474336989639204e-05,1
0,14,6,3,4,0.5253895140503071,0.562512785372604,2,0.6666666666666666,1.0705807031659174e-05,1
0,4,7,5,5,0.18374240497197436,0.22637948146812725,2,0.4,2.0711963929766558e-05,1
3,19,17,9,5,0.3604216773169508,0.2905484721781227,2,0.2222222222222222,6.907110526408715e-06,1
0,4,14,10,2,0.33642040497755127,0.17077129959587287,4,0.4,1.2570176286652185e-05,1
1,19,2,11,0,0.3525002565536654,0.1428528511999681,0,0.0,1.3330073019198585e-05,0
0,5,16,4,2,0.1218886145777551,0.6097977476160086,1,0.25,1.3889040142264703e-05,0
0,9,19,5,0,0.5413235856954711,0.25203891419544733,0,0.0,9.127314821609182e-06,0
1,19,19,4,1,0.36899580205239135,0.268095009582181,4,1.0,1.6581477300640732e-05,1
0,16,15,6,1,0.02837938049246593,0.2891476852868887,3,0.5,6.130221712543108e-06,0
1,10,18,2,5,0.7890443094446227,0.3886975897771872,1,0.5,1.5702323648145136e-05,1
0,1,15,4,0,0.3419560167829302,0.11298705485094612,1,0.25,3.3742022221251458e-06,0
1,14,10,11,0,0.9596632068121062,0.4825082857101109,0,0.0,2.150658741327976e-06,0
1,12,9,10,2,0.4953756642498402,0.4021712899102663,1,0.1,5.895076393348545e-06,0
0,13,3,10,2,0.14655223775425105,0.20908400164813631,0,0.0,4.7900547411386476e-06,0
1,3,23,4,1,0.36181494314806284,0.5065095228899975,3,0.75,3.7116996806653246e-05,1
0,11,14,11,4,0.15032075353380972,0.05608984277914372,3,0.2727272727272727,8.323175543717373e-06,1
0,1,15,10,3,0.15752094898083338,0.9677415100414369,2,0.2,8.692084539466054e-06,0
0,6,8,10,1,0.26028090474944565,0.2466980510651074,2,0.2,8.532823393850964e-06,0
4,4,21,3,0,0.4195528939508477,0.7905868860835876,0,0.0,1.5708606390021664e-06,0
0,19,16,8,5,0.3888157583711217,0.4423746667600983,0,0.0,7.630889851446834e-06,0
0,13,14,6,0,0.38605913495082456,0.25059979931389137,0,0.0,9.720843105323745e-06,0
1,17,16,6,1,0.4405409217828927,0.07400774666287774,0,0.0,4.3557320234035115e-06,0
0,7,7,11,2,0.04611025078513792,0.3895112804081614,0,0.0,7.585953395807782e-06,0
2,1,5,3,2,0.3953200398304054,0.449386700787794,3,1.0,6.302661211569791e-06,1
0,7,19,10,0,0.446952523791595,0.3215886638195215,0,0.0,1.2718237559028571e-05,0
2,6,7,3,5,0.14812739548636233,0.47937890745003675,1,0.3333333333333333,1.0486883099353622e-05,1
1,18,11,3,4,0.41067956758934937,0.3154900124748519,0,0.0,8.786682518416054e-06,0
0,16,15,7,4,0.2977201005678456,0.23249511681479706,1,0.14285714285714285,8.731250906440002e-06,0
0,9,13,8,4,0.2673915645152395,0.1511813182265898,0,0.0,1.2431589773439905e-05,0
2,16,13,3,1,0.3561075133296302,0.4720182928293972,1,0.3333333333333333,1.674769672007002e-05,1
0,13,14,4,0,0.44408057351506064,0.1665940783839735,2,0.5,9.49061610037419e-06,0
2,14,18,3,4,0.359143524532729,0.07951729251712657,2,0.6666666666666666,7.0817037574617645e-06,1
1,17,15,9,1,0.2467345136156186,0.36033611793174103,0,0.0,6.161864783130899e-06,0
2,12,13,9,3,0.23633454698937503,0.22979235656935654,0,0.0,2.189205205052254e-06,0
3,14,17,9,3,0.22470383409693076,0.029528704183938975,0,0.0,5.148638679630732e-06,1
0,10,14,11,0,1.3220013533246164,1.4395587404476036,2,0.18181818181818182,2.8525782577974275e-05,0
0,12,5,2,4,0.23649550444224637,0.3602591683987255,2,1.0,3.5946077478640547e-07,0
0,13,16,8,3,0.7056722086894983,0.4593099870184803,4,0.5,6.799120955133573e-06,1
0,7,5,5,0,0.104968028834998,0.3629484694858357,1,0.2,2.5147011352404526e-06,0
1,7,17,8,4,0.3728003601449253,0.3588999003033402,1,0.125,1.4798952747375088e-05,1
0,2,8,11,2,0.17814278649127024,0.04414102980504941,0,0.0,1.4219741518500281e-05,0
0,1,17,11,0,0.3938874441114299,0.6291491118918613,2,0.18181818181818182,9.114495954603284e-06,0
1,1,11,4,2,0.2754656897421905,0.26687394363384037,1,0.25,1.5769828251708203e-05,1
1,3,22,11,2,0.3951534564707749,0.11474405527722514,1,0.09090909090909091,6.187905232318018e-07,0
0,4,11,8,3,0.276179270799464,0.5421958030226768,6,0.75,5.062013707523982e-07,1
0,12,18,4,1,0.309699904461532,0.5086234682158717,0,0.0,2.2021840419604535e-06,0
1,18,18,8,4,0.7254704616750314,0.23643308382027492,0,0.0,3.194340912202686e-07,0
2,18,17,3,3,0.049635090530694245,0.5211804853224367,1,0.3333333333333333,1.5235955722354524e-05,1
2,10,20,3,3,0.5169192937334635,0.35788241572597895,2,0.6666666666666666,1.0108175513003342e-05,1
0,17,3,3,1,0.663738979855063,0.9082167107013724,0,0.0,1.0073099163704481e-05,0
0,1,11,3,5,0.4402276511130076,0.14007659030657754,1,0.3333333333333333,1.0576499781901267e-05,1
2,18,6,10,2,0.2341667431829902,0.08969002468812051,2,0.2,9.022723493237784e-06,1
3,5,16,7,0,0.2670777325042402,0.2008330031148672,0,0.0,1.2450576566395994e-05,1
2,8,12,8,1,0.3977770054391767,0.22464298317716197,3,0.375,7.435900373089824e-06,1
0,12,7,6,3,0.43329980104249743,0.11891257867202375,1,0.16666666666666666,1.1727431295544166e-05,0
0,7,17,3,2,0.057381515010320495,0.20065616035594303,1,0.3333333333333333,6.605201615972983e-06,0
0,2,21,3,4,0.7875651348883854,0.3364214173285701,2,0.6666666666666666,3.124928429735443e-06,0
1,9,12,11,3,0.404366720440866,0.20563302212696655,4,0.36363636363636365,1.3887830925988654e-05,1
1,10,5,11,2,0.37122061394633493,0.38286965388252026,1,0.09090909090909091,1.496217214322457e-05,1
1,10,4,2,0,0.25465584090781634,0.40121554509377344,1,0.5,5.605445120500117e-06,0
1,16,9,7,5,0.34251376363241703,0.3315364237922215,2,0.2857142857142857,9.26790049564577e-06,1
3,11,14,9,4,0.3033848902636495,0.40339458352270474,2,0.2222222222222222,1.2746636527764678e-06,1
0,19,3,5,3,0.1899730238117064,0.32037168825490503,1,0.2,5.989738365932926e-06,0
0,1,12,9,2,0.5872399892041307,0.8074804279244644,0,0.0,1.2449718483840515e-05,0
1,9,2,9,0,0.6409620820962402,0.5850576479900144,1,0.1111111111111111,7.892954803320441e-06,0
1,8,4,3,1,0.379728286985632,0.3875644979070879,0,0.0,1.3497349869408059e-05,0
0,18,12,5,0,0.12253968258058368,0.26516520873500526,0,0.0,7.966260288723634e-06,0
1,1,15,9,4,0.2500175978379927,0.3701523836828546,1,0.1111111111111111,5.3141102045404e-06,1
1,5,10,8,1,0.3844745408790482,0.024093290701899608,2,0.25,7.30010570863714e-06,0
1,8,16,5,3,0.22359661340228057,0.270940680345757,1,0.2,3.913327383489452e-06,0
1,1,14,10,3,0.40334131285935754,0.4881051892545639,0,0.0,9.734248256420809e-06,0
2,7,14,7,4,0.20907030948185562,0.05425075514047372,3,0.42857142857142855,3.7753453391005546e-06,1
0,12,18,8,0,0.2394106472682962,0.42199674818384364,0,0.0,1.1760115626288955e-05,0
0,6,3,2,4,0.1613310183243697,0.4372059255077521,1,0.5,4.275042607597509e-06,0
0,3,5,4,4,0.46128403299255294,0.34673811109697456,1,0.25,1.4204313995283516e-05,1
4,1,18,6,3,0.42689474545875344,0.07868585261051911,1,0.16666666666666666,8.357440793781345e-06,1
0,4,15,11,0,0.11387398879489528,0.4342856585608335,0,0.0,7.926862734299878e-06,0
1,17,9,5,4,0.16575959170273122,0.16656773474259595,2,0.4,9.411168691571366e-06,1
2,7,17,4,1,0.5925744542668062,0.11599927582056328,2,0.5,4.711797347773017e-06,1
2,12,5,3,2,0.3677404560889257,0.44560572617168714,1,0.3333333333333333,9.171351832114669e-06,1
1,1,4,3,3,0.16248026582975167,0.3584038241289578,2,0.6666666666666666,5.940333541495332e-06,1
1,17,9,4,4,0.3259552729082978,0.20676630640161497,1,0.25,8.90068906374039e-06,1
0,6,5,8,0,0.587911159469642,0.3042571270826691,1,0.125,1.6561416272783248e-05,0
1,7,15,10,5,0.7457874543937452,0.8160931212626164,1,0.1,6.0730947696899595e-06,1
1,17,21,3,4,0.2936646682147829,0.1435032510926192,1,0.3333333333333333,7.022802858590409e-06,1
0,5,19,9,5,0.5489477148296442,0.18667968264332804,0,0.0,9.760548800028262e-06,0
1,13,23,7,1,0.32855200751344027,0.4928090847128506,1,0.14285714285714285,7.848616038065546e-06,0
3,9,12,6,0,0.6165596724348911,0.4376082665767466,2,0.3333333333333333,1.6079109521934432e-05,1
0,9,16,7,0,0.330842687332037,0.2917053529085849,1,0.14285714285714285,6.390221175290886e-06,0
1,8,22,10,5,0.4244521308257295,0.3134099234400457,0,0.0,9.392306910154354e-06,0
0,2,22,6,0,0.3308454427986302,0.2912810168066855,1,0.16666666666666666,6.100243009306776e-06,0
2,8,23,11,1,0.33799119829898366,0.39725830917358274,0,0.0,5.413402194619022e-06,0
1,6,22,3,1,0.05941322310388317,0.4154519882546023,2,0.6666666666666666,3.828198187440724e-06,0
0,2,5,5,5,0.25248079015579084,0.4864088670911993,2,0.4,3.6224036804094987e-07,0
1,5,19,11,1,0.15217587594237633,0.3635455311528928,1,0.09090909090909091,3.3942039913328655e-06,0
0,17,15,10,2,0.15733997499003888,0.3613040594790851,2,0.2,4.271745520001934e-06,0
0,13,10,5,3,0.5333976665312896,0.3708418365103366,1,0.2,1.812351810043959e-05,0
1,18,2,11,3,0.5086188091131428,0.3933416785293563,2,0.18181818181818182,7.22494384406475e-06,1
1,19,2,5,4,0.023893665558207402,0.32960093897420456,3,0.6,2.966160136165803e-06,1
1,5,22,4,4,0.2873740949478626,0.16536036338977603,1,0.25,1.1517619238250166e-05,1
3,17,13,6,1,0.8654310614800144,0.7608972641206004,1,0.16666666666666666,8.670405464312733e-06,1
1,18,4,2,4,0.15421326892696824,0.4300023110633293,2,1.0,1.608569731690025e-05,1
1,19,6,11,1,0.09847764921821182,0.25219492617066763,0,0.0,1.144041026815968e-05,0
0,4,14,6,4,0.4213677312247295,0.241403066357068,0,0.0,5.770165379213037e-06,0
0,9,22,6,5,0.16355505818490623,0.3859458673058732,0,0.0,1.2472160299233341e-05,0
0,9,12,6,4,0.1139313034869764,0.39884635933577417,1,0.16666666666666666,2.6998607433120992e-06,0
0,14,21,7,2,0.24824308740412085,0.25683582074227645,1,0.14285714285714285,8.803824479898222e-06,0
2,12,5,5,5,0.3848986129461307,0.5601730065455249,1,0.2,1.4349449744247613e-05,1
1,3,6,5,5,0.29254426679305856,0.33744040776411577,1,0.2,4.195064887100848e-06,1
2,6,4,2,4,0.6532787442799312,0.8659100570965933,0,0.0,7.826062159470489e-06,0
0,4,16,7,5,0.12511710149462568,0.33239532765978697,1,0.14285714285714285,1.0729300723831589e-05,1
0,15,20,3,0,0.3978799000574551,0.36042337442609823,3,1.0,6.4763226153126514e-06,0
1,13,10,11,2,0.6212332561149393,0.5773130101982286,1,0.09090909090909091,4.754987453517149e-06,0
0,2,23,5,3,0.33137076372141605,0.09036298426829695,0,0.0,1.4968695477285731e-05,0
2,15,18,4,4,0.32833393695797175,0.17344945931864134,0,0.0,2.9427887684626332e-06,0
1,13,20,10,3,0.5020391679470054,0.4485698269285204,2,0.2,1.1932453375027364e-05,1
0,5,15,6,5,0.3278529509861607,0.3314018888844633,0,0.0,1.768365288255678e-07,0
0,4,6,4,5,0.25366496545484707,0.11851517034758752,1,0.25,1.9594547786329622e-05,1
0,1,23,5,3,0.4751446155073317,0.10762660357168939,0,0.0,2.4222196849211714e-07,0
0,7,11,6,0,0.3170514540655183,0.5367881249549284,1,0.16666666666666666,1.780888029384461e-05,0
0,2,5,4,5,0.43530731367036785,0.24417399272259585,1,0.25,1.9340495894564494e-06,0
1,4,15,5,0,0.4270374032026707,0.49590682103649225,2,0.4,5.768436993155913e-06,0
1,15,6,11,5,0.5294831724930562,0.14864613270971389,2,0.18181818181818182,1.5316372081016734e-05,1
0,8,12,5,1,0.2832017367017352,0.4744715027902808,1,0.2,1.1452264019028182e-05,0
0,8,24,4,3,0.326742680442786,0.2892609388056196,1,0.25,1.2578017788084452e-05,0
3,11,19,3,5,0.4254016522036437,0.39480795668050056,0,0.0,1.6965364314845233e-05,1
0,4,13,4,3,0.6189808154116063,0.2145813195191128,2,0.5,7.029569467141818e-06,0
0,6,15,9,5,0.05595400325236522,0.20558581365454592,4,0.4444444444444444,3.3303158039196694e-06,1
2,13,12,7,2,0.2108628928554298,0.22760024443022703,3,0.42857142857142855,6.071243791286229e-06,1
0,19,19,2,5,0.4371548022003423,0.43385033321288713,3,1.5,7.5662853090722865e-06,1
1,7,22,4,5,0.4379906386066017,0.3789561935465855,2,0.5,8.140721111683338e-06,1
2,13,23,2,2,0.3581586763508748,0.2854137134302161,2,1.0,1.2763895200835255e-05,1
2,7,6,4,4,0.44546711511886233,0.43958599759062444,3,0.75,1.8079804675342554e-05,1
0,1,19,7,3,0.19664264191875974,0.20390013695570644,0,0.0,1.4011406947797426e-05,0
3,3,6,3,0,0.21580044771792412,0.36809463791713015,3,1.0,7.663943806043279e-06,1
4,4,2,8,1,0.7666577002641736,0.6846039669085453,1,0.125,2.2318745387047843e-05,1
0,14,18,10,1,0.8390289513845699,0.88318294939249,1,0.1,2.3964004469745632e-05,0
2,16,23,10,4,0.38483257522555503,0.6572221288464183,2,0.2,4.731461214251211e-06,1
0,8,24,6,3,0.2608561503740585,0.23353090325236084,1,0.16666666666666666,4.3743227724902896e-06,0
1,11,20,2,3,0.12,0.8098224985736344,0,0.0,4.426456623868195e-05,0
1,11,20,4,5,0.21460992287946887,0.32884658705236686,2,0.5,8.245462032490709e-06,1
0,17,11,7,4,0.46720519452269577,0.5824020455679982,3,0.42857142857142855,7.179395246604792e-05,1
0,4,23,6,2,0.18431127566202826,0.3358663922943048,2,0.3333333333333333,1.2127758677659483e-05,1
0,14,19,6,3,0.3909132591569409,0.6152458737348351,0,0.0,5.879445573190448e-06,0
2,11,7,8,4,0.923423442693583,0.5332017736495203,0,0.0,2.5519848651107674e-05,1
1,11,19,9,5,0.4296998636203388,0.21882969217695783,2,0.2222222222222222,7.620178104258701e-06,1
2,16,4,5,4,0.21416336688419732,0.3785100924929863,2,0.4,1.9392647335508815e-06,1
0,6,8,8,2,0.510351077888842,0.5819730680604915,2,0.25,9.69732084421579e-06,0
0,14,2,4,2,0.5550121844649281,0.6585660988140632,0,0.0,6.227912542363935e-06,0
2,7,2,11,5,0.5106469157530132,0.49489049305336485,1,0.09090909090909091,1.9904910925635074e-05,1
0,19,3,10,2,0.4046410466153267,0.4001719642455186,1,0.1,8.090162539108428e-06,0
1,11,12,8,3,1.1409249259593959,0.6933545347597827,1,0.125,4.960376205336494e-06,0
0,13,5,11,3,0.6506078116266729,0.5866230076098282,1,0.09090909090909091,2.1870185220733383e-05,0
1,18,13,2,4,0.13419977895045213,0.6476558083523222,1,0.5,2.1090663883932318e-05,1
2,9,4,9,4,1.2079547821450145,1.2211648517045022,1,0.1111111111111111,2.326631454540697e-05,1
0,17,6,2,0,0.044027780794254574,0.6276097320916313,1,0.5,1.2830576478919489e-05,0
0,1,21,3,1,0.21384935710959643,0.2989826972256668,0,0.0,4.952213299524202e-06,0
2,7,19,2,5,0.4619616753771846,0.57078266148571,4,2.0,1.3745738820507958e-06,1
2,2,11,7,4,0.27748432103775694,0.39572922185392084,0,0.0,9.996133761437162e-06,1
2,8,23,11,1,0.4253145741362598,0.23939542411191544,4,0.36363636363636365,3.5079631836163667e-07,1
1,14,15,9,1,0.3720934401267441,0.2525200463811134,1,0.1111111111111111,1.7887773864355592e-05,0
1,2,8,2,2,0.23237142621063164,0.09739364271431843,1,0.5,8.472431235773629e-06,0
3,13,6,8,2,1.1976821976505645,0.4398320511159079,0,0.0,5.235061779520272e-06,0
0,2,18,11,0,0.27964190038008047,0.41894937861228204,0,0.0,2.3784337583135994e-06,0
1,4,9,11,2,0.8985586420554625,1.0792170828100405,1,0.09090909090909091,2.3313659114904364e-05,0
1,6,2,7,5,0.4902502572027134,0.8444087640925281,1,0.14285714285714285,6.6261117808940195e-06,1
0,5,16,7,0,0.4171126872507063,0.5252589406196922,1,0.14285714285714285,9.18190764855633e-06,0
2,19,17,2,2,0.2248633070907249,0.3967330356951372,0,0.0,7.0317956154567846e-06,0
1,6,5,3,5,0.18764760944497688,0.3822136313048717,2,0.6666666666666666,9.41372005414251e-06,1
1,16,24,5,4,0.23028133840305526,0.08153804330313609,2,0.4,1.0652731181960506e-05,1
2,6,6,4,3,0.5098371003296753,0.39747882596704065,2,0.5,3.7023070155302855e-07,1
0,15,6,8,0,0.47441597230016275,0.4306369300812452,0,0.0,2.1005429780409198e-05,0
1,5,2,3,2,0.3248975316719882,0.21873028370538705,0,0.0,3.57044661564153e-06,0
1,4,18,8,1,0.0660589730758191,0.40969881311315265,0,0.0,1.1473993738396682e-05,0
2,16,22,2,3,0.1361616258403462,0.04654834012121306,2,1.0,1.0268103878966959e-05,1
0,14,6,10,1,0.41523913906380233,0.4426340057285699,1,0.1,1.1264628754335158e-05,0
1,4,3,6,5,0.171220871900889,0.5398272271110475,2,0.3333333333333333,5.673209734749974e-06,1
1,15,13,9,2,0.25050494442811244,0.3480255855235096,5,0.5555555555555556,1.7202425532283628e-06,1
0,3,9,2,0,0.15327883817156301,0.5308619180058747,2,1.0,9.81292021268667e-06,0
1,8,10,6,5,0.23411185122838865,0.05512639300233988,1,0.16666666666666666,5.188370858133384e-06,1
3,2,5,8,1,0.17215962918868188,0.26406424635046594,2,0.25,3.7017120990290312e-06,1
0,2,11,10,1,0.31793311789655804,0.19648643175370115,0,0.0,1.585019283863283e-05,0
0,7,8,7,4,0.35520390682497693,0.1666835427622354,2,0.2857142857142857,3.5346407273972437e-06,0
0,3,11,3,4,0.3367892418857344,0.48949330952121184,1,0.3333333333333333,6.774533594059959e-06,0
2,4,12,3,5,0.06284344854892446,0.5899458405100153,0,0.0,1.2137362479946613e-06,0
0,6,7,8,4,0.24971841680321658,0.32254697546193595,2,0.25,8.735797537365763e-06,1
0,1,20,5,0,0.1141606429258741,0.24154372936933574,2,0.4,1.2089719310313553e-05,0
0,9,8,11,3,0.47091129512285756,0.32609479342665193,3,0.2727272727272727,7.0448349861734964e-06,1
1,7,18,3,4,0.12321571701063061,0.37534551061086285,1,0.3333333333333333,5.1767562574994184e-06,0
2,16,6,6,2,0.3350745180930006,0.2497183442605826,2,0.3333333333333333,5.891449341799667e-06,1
0,5,16,6,5,0.19754739212235042,0.21595238353350563,2,0.3333333333333333,2.8523399444253544e-06,1
0,13,20,5,2,0.15615408995684993,0.3650906751803125,0,0.0,4.207885337173324e-06,0
2,14,4,11,5,0.33752359043398195,0.30726643402630593,1,0.09090909090909091,3.4528608998290044e-06,1
0,16,14,2,4,0.2951098114549162,0.3444632533677287,1,0.5,1.3003801516806966e-05,1
1,13,3,2,2,0.3806584755020386,0.43786406469122496,0,0.0,4.873019587286782e-06,0
0,14,18,10,4,0.2267472537777327,0.35253299279591754,0,0.0,5.899798214950698e-06,0
0,13,24,10,1,0.44346880263211325,0.38766927660249795,1,0.1,1.154205340084219e-05,0
1,15,23,2,4,0.9156250494340058,0.3819885982940697,0,0.0,3.381173636869356e-06,0
0,7,21,3,3,0.4106390368155985,0.5752805070720072,1,0.3333333333333333,2.6216269817527425e-06,0
1,14,5,6,1,0.5348384705771759,0.28893142048375897,0,0.0,1.0607332052452156e-05,0
0,4,10,2,0,1.0565865181209984,0.5432964325117546,5,2.5,1.8660288917898656e-05,1
0,18,8,4,0,0.47704027237540947,0.200095999881705,0,0.0,3.846128822219668e-06,0
1,16,17,11,4,0.4460323561957665,0.29693940001491825,0,0.0,1.1406681002359673e-05,0
0,19,2,5,5,0.805448581527455,0.41038598647043295,0,0.0,1.1113017845346784e-05,0
1,7,14,7,1,0.26685557049767855,0.39796266685985715,1,0.14285714285714285,1.3183706895968795e-05,0
0,12,11,11,0,0.3523541375496231,0.5532063174060117,1,0.09090909090909091,6.933168865546104e-06,0
0,18,15,6,5,0.3487240582413046,0.4109043991229448,4,0.6666666666666666,1.939191318485214e-06,1
0,11,7,11,5,0.28284406746720236,0.30525091843122804,1,0.09090909090909091,4.353329026432112e-06,0
4,14,11,9,0,0.7764146599905505,0.5021208362616595,1,0.1111111111111111,1.4371960864453343e-05,1
0,4,15,2,2,0.2940950727438076,0.4428114613631466,1,0.5,1.1299512528822334e-05,0
1,5,15,3,5,0.34603297112193276,0.21094967289118385,0,0.0,7.2532143234099875e-06,0
1,9,18,2,4,0.4194912051592388,0.25687796139420743,2,1.0,4.528765140605359e-06,1
1,19,2,8,1,0.20414176187891378,0.3873159602492423,3,0.375,8.192034209894627e-06,1
0,11,14,3,1,0.0764186073084833,0.48211882255628735,0,0.0,2.1573918308770593e-05,0
0,11,23,6,2,0.05069533942380131,0.5130494077487019,0,0.0,1.002956789257992e-05,0
3,9,19,3,0,0.6388242054231663,0.7345091049473514,0,0.0,1.3028765488660233e-05,0
2,19,12,7,5,0.7599028638797137,0.7061896555900937,1,0.14285714285714285,1.4844247898772587e-05,1
3,11,24,2,1,0.6464783744947364,0.2276339933633501,0,0.0,4.199915204604565e-06,0
1,5,3,4,2,0.20624112330779262,0.39732899264614446,1,0.25,1.1445625922296932e-05,0
1,5,12,6,5,0.026964706066343713,0.22928969161568175,1,0.16666666666666666,4.159933212820344e-06,1
0,19,13,2,3,0.7865820450059563,0.6214397933151327,1,0.5,1.3037431277749372e-05,0
0,6,6,8,2,0.3161897362239792,0.3420912826328312,0,0.0,1.0081362544432264e-05,0
0,9,12,5,5,0.33172286532739653,0.5069210987368803,0,0.0,1.0226619162080202e-05,0
2,9,7,8,0,0.374824896710642,0.2866516806739673,2,0.25,8.936319320792166e-06,1
0,2,12,10,4,0.1074584926154073,0.17431697107052105,2,0.2,4.935792559066133e-06,0
0,3,18,10,4,0.4856276182596224,0.2969026594810534,0,0.0,4.118821892402918e-06,0
1,17,21,11,1,0.26927669078592104,0.7278536334334492,1,0.09090909090909091,5.098197858147976e-06,0
2,5,10,2,3,0.17256559118429873,0.2940573415954916,1,0.5,1.5316372081016734e-05,1
0,5,10,8,4,0.5512037603571787,0.034266076071393155,1,0.125,1.1288609914262515e-05,0
1,8,15,2,2,0.2009986051744525,0.30917404067490667,1,0.5,8.014160150704472e-06,0
0,15,19,11,5,0.22979056223032704,0.2093978044842125,0,0.0,5.328566897774562e-06,0
0,15,17,7,1,0.4064840417347941,0.22921132177126902,0,0.0,2.332299531688304e-06,0
1,18,23,3,4,1.2011914669020394,0.5387336062122773,1,0.3333333333333333,1.5020070723291266e-05,1
0,9,14,8,1,0.9557352341850782,0.4238986254256871,2,0.25,9.117969321419749e-06,0
1,7,3,11,1,0.28888985688130264,0.41469547623769937,3,0.2727272727272727,4.20984933826125e-06,1
1,11,4,11,5,0.13728896356867623,0.2539873388567102,0,0.0,4.937512929925894e-06,0
0,17,14,2,1,0.4186800237046228,0.07227836179911978,0,0.0,2.3630403402157222e-06,0
0,4,12,8,3,0.23822685840205013,0.21685423169575543,3,0.375,9.253805584612365e-06,1
2,6,22,5,5,0.5472293900590727,0.7091889733020457,0,0.0,1.0399253662332213e-05,1
1,3,17,4,1,0.3347107054116828,0.22539834209626505,1,0.25,9.48249172532275e-06,0
0,4,23,8,0,0.4146751862403149,0.2771676496615481,1,0.125,1.0174833886862264e-05,0
1,16,16,7,0,0.35764470426597916,0.4421119603376756,1,0.14285714285714285,8.837041055515362e-06,0
0,17,5,6,2,0.40646523525662903,0.2634349521727398,2,0.3333333333333333,1.02802155049959e-05,1
1,13,2,2,0,1.3804952863314734,0.752357771133899,0,0.0,1.9752213963978733e-05,0
0,13,17,6,1,0.5298430549004718,0.2517806084992336,0,0.0,1.027469336007416e-05,0
2,4,20,7,3,0.42527871361572345,0.4122729998571288,1,0.14285714285714285,4.474158461664032e-06,1
1,17,21,8,0,0.13127468571082934,0.3639752767933802,1,0.125,8.195353601275334e-06,0
2,13,20,6,0,0.3437174926887061,0.2454458046512405,2,0.3333333333333333,3.4094004823745315e-06,0
1,12,22,9,4,0.36951720917444875,0.11431792633242166,1,0.1111111111111111,5.105052740056426e-06,0
0,7,11,7,3,0.11419065055374006,0.16182188067392655,0,0.0,1.30608780248929e-05,0
1,19,13,3,5,0.3338484506372556,0.3720887830787837,0,0.0,1.0155622973171403e-05,0
0,9,5,4,3,0.24305254906827792,0.23501962919073324,1,0.25,4.971089379275993e-06,0
0,10,2,11,4,0.3261331012627432,0.39089039135332937,1,0.09090909090909091,1.5516416892066873e-05,0
1,9,6,9,4,0.44125782478615866,0.46500996596121585,0,0.0,8.215897624181475e-06,0
1,17,6,7,1,0.35580365819090115,0.030343820847238575,0,0.0,3.7751840683652936e-06,0
0,15,19,2,1,0.8672198269687322,0.8478327513365082,0,0.0,2.4863903724787915e-05,0
0,1,24,8,3,0.31595376420257104,0.1786489189570821,2,0.25,5.069682463675178e-06,0
1,4,12,4,2,0.3143302545698137,0.378797266026714,0,0.0,1.6437186326351848e-05,0
3,7,17,6,3,0.7602426530312802,0.6650969495023811,0,0.0,6.214885402036346e-06,1
2,15,14,7,4,0.42215846977663724,0.17172248791221864,2,0.2857142857142857,6.6292363648800894e-06,1
0,5,2,8,4,0.27711363758269575,0.2320296055092335,3,0.375,1.222565101028482e-05,1
2,11,22,11,2,0.4474701731952217,0.16065046337926658,0,0.0,5.550321964000943e-06,0
0,3,4,6,1,0.1539783867882216,0.4723497673805296,1,0.16666666666666666,6.625906809388694e-06,0
0,12,17,8,2,0.2449725570830313,0.15568470314463015,0,0.0,5.504732540898958e-06,0
1,17,13,10,2,0.04303210620075959,0.4032898712140047,2,0.2,6.717558880608767e-06,0
2,14,6,3,4,0.5958979404710163,0.37433885627667085,1,0.3333333333333333,5.198891787421996e-06,1
4,5,14,7,5,0.22234159578764534,0.5636600827229177,2,0.2857142857142857,9.8798881297203e-06,1
0,15,13,4,1,0.59286725574742,0.7291400925295782,0,0.0,3.5915731543169e-06,0
0,13,15,3,2,0.34803429457606033,0.31593816937738495,1,0.3333333333333333,7.287595219543999e-06,0
0,4,7,7,0,0.19758629732285218,0.5432216333915634,2,0.2857142857142857,1.0813502618236329e-05,0
0,2,4,5,0,0.38119030476556554,0.1859819846501492,5,1.0,7.873820530509232e-06,1
1,11,2,11,2,0.30465759583279806,0.29053737708391025,1,0.09090909090909091,4.303480287994825e-06,0
1,1,10,7,0,0.3718428369807521,0.39980921912287165,0,0.0,2.1521096545663367e-05,0
0,9,22,2,1,0.04721447887006258,0.3318835079643046,2,1.0,4.641473281641718e-06,0
0,5,20,3,3,0.2739303918823696,0.42866495446944525,1,0.3333333333333333,2.5988259656773194e-06,0
0,3,15,3,3,0.33996326685886347,0.038743995980965035,1,0.3333333333333333,4.368130982941513e-06,0
1,4,18,7,3,0.4896297130784876,0.9247949554219322,2,0.2857142857142857,1.1166654288081535e-05,1
2,5,13,3,0,0.20210051574808874,0.25646532899748187,3,1.0,1.2254004335556867e-05,1
0,9,18,3,1,0.1546226245891813,0.25506407449480906,0,0.0,2.2476800089397072e-06,0
0,9,14,11,0,0.056511388728056215,0.5447110286426692,1,0.09090909090909091,2.713462443490177e-06,0
0,6,16,11,2,0.33067942451195387,0.5791908931016387,2,0.18181818181818182,4.433962376022747e-06,0
0,7,21,11,5,0.5700973890551104,0.3523401449335765,2,0.18181818181818182,1.0152983289599609e-05,1
3,19,9,11,1,0.6154754274472646,0.2740286046092897,2,0.18181818181818182,1.0287745209064963e-05,1
1,18,4,6,5,0.4958068440778431,0.20979354367610115,0,0.0,1.1204287729915067e-05,0
0,11,5,11,3,0.6214792928098846,0.3659422082380639,2,0.18181818181818182,1.0035987280896875e-06,0
2,9,16,9,3,0.239977054083239,0.23448669201845238,2,0.2222222222222222,2.651387107260181e-06,1
3,6,12,6,0,0.6205465013914474,0.05693623455099644,0,0.0,1.393075471784451e-05,0
0,7,19,4,5,0.2699587582106552,0.22337652183520884,2,0.5,1.1654586217509394e-05,1
0,7,17,2,2,0.8236334687698434,0.5443677974172477,0,0.0,3.952817819995917e-06,0
1,8,4,11,0,0.29570508950573504,0.032049440232955986,1,0.09090909090909091,2.7176969811323944e-06,0
1,18,3,4,3,0.43297867922342737,0.44741220405238796,4,1.0,1.2199790953433376e-05,1
0,4,7,11,3,0.538346539835957,0.4945167346490304,0,0.0,1.988230498388677e-05,0
1,6,16,11,5,0.440135604499365,0.6109092896183939,2,0.18181818181818182,5.707675626668479e-06,1
0,11,4,2,4,0.39246951415222203,0.14857302862611177,0,0.0,1.2695936571896048e-05,0
0,16,22,8,4,0.06901547365464719,0.2061705757387698,1,0.125,1.2819485591317926e-05,0
2,2,7,10,1,0.10589327840347484,0.11619720948016646,2,0.2,9.556828097604509e-06,1
0,9,4,8,2,0.20465110115356813,0.14693723119030674,2,0.25,4.649831023195886e-06,0
0,4,20,9,0,0.2395860235640188,0.29041719835139485,2,0.2222222222222222,3.4482763245474236e-06,0
2,11,18,10,0,0.42720115697906225,0.2920125751733584,0,0.0,5.4203443386674816e-06,0
0,10,18,2,2,0.3824060669800294,0.5198499779481198,3,1.5,2.1962371621227044e-05,1
0,13,17,7,0,0.5506036968084197,0.4685508274483406,2,0.2857142857142857,2.2065153714742397e-06,0
0,4,12,5,0,0.2785394925258796,0.5825372079593505,0,0.0,2.2281035545106103e-05,0
1,5,21,2,0,0.405572650680535,0.31388310702973193,0,0.0,7.515536061368677e-06,0
1,11,23,4,0,0.4831868770825392,0.21267934569417815,2,0.5,3.881260365824891e-06,0
0,2,11,8,2,0.4228329736019936,0.45058234935573416,1,0.125,1.8883687493051937e-05,0
0,1,6,7,1,0.5292372986009579,0.17052213411683254,1,0.14285714285714285,4.954489604164966e-06,0
1,15,9,5,0,0.28478515437417834,0.4101323927398926,0,0.0,7.400769161351469e-06,0
0,15,16,7,0,0.12083716979934206,0.02481979928161095,0,0.0,8.636453965313798e-06,0
1,2,9,10,5,0.36136093662663515,1.0877822377904407,0,0.0,2.501392745946127e-05,1
0,14,19,4,2,1.0319461152719216,0.712800522437236,3,0.75,1.464377876942124e-05,0
0,2,11,11,1,0.36850299591097435,0.33993175711725265,2,0.18181818181818182,9.159983054888359e-06,0
0,7,24,3,3,0.4287846297593423,0.5827783670718348,0,0.0,9.857612746344377e-06,0
1,17,22,9,0,0.3583791332725295,0.5488705864369853,1,0.1111111111111111,1.1915664904789142e-05,0
1,12,10,10,5,0.342234568862694,0.3307078194455957,2,0.2,9.33038735149568e-06,1
1,15,22,2,1,0.03089024553526801,0.06934803423828921,1,0.5,5.299455155059354e-06,0
1,5,6,8,1,0.2081172257228262,0.19548477812425005,2,0.25,7.82411359857218e-06,0
0,10,21,8,3,0.28777566831641876,0.0779676766308156,4,0.5,1.341546881772506e-05,1
0,6,22,5,2,0.30553177760519684,0.2691072261602946,0,0.0,3.1168486277850963e-07,0
1,15,22,2,1,0.6195792121370184,0.481721546733003,1,0.5,2.0907789038893805e-06,0
1,1,9,11,0,0.1521859181124624,0.42602851275285464,1,0.09090909090909091,2.0488474068932704e-05,0
0,4,20,11,5,0.37563543408776584,1.2441634192688333,1,0.09090909090909091,2.1667265346141412e-05,1
1,8,19,10,5,0.7234096887208274,0.7531258244972895,1,0.1,6.142922095521364e-06,1
1,4,10,4,2,0.15486741687656888,0.34272412392795776,1,0.25,1.981917330435454e-06,0
0,19,2,6,5,0.42796607672143927,0.41803596521193354,3,0.5,5.982981479200042e-06,1
1,1,13,9,3,0.4102363273329791,0.26497968930313553,0,0.0,5.426387499340955e-06,0
1,14,2,9,2,0.2211776087399739,0.2705882307955735,1,0.1111111111111111,7.683987715427987e-06,0
2,7,23,10,4,0.5693552285507993,0.22265484785357648,3,0.3,8.769521340076465e-06,1
2,14,12,7,2,0.14873374925260782,0.027236482322367177,1,0.14285714285714285,1.3618241161183588e-05,1
0,9,21,8,1,0.47249684533826314,0.46268448759415615,0,0.0,1.4571198960489297e-05,0
1,6,18,7,1,0.4093806811181878,0.3606596533758408,3,0.42857142857142855,1.304575748028807e-05,1
0,10,5,8,3,0.4698032769076778,0.2721401342935742,4,0.5,9.879578093230887e-07,1
1,8,17,9,0,0.23259680618891013,0.211974255965839,0,0.0,1.1044880745436703e-06,0
0,16,2,3,0,1.184325716547496,0.29104771975625765,2,0.6666666666666666,2.0649842167514316e-05,0
0,8,9,10,5,0.2540421508393605,0.3752053211612599,0,0.0,6.725466331439188e-06,0
0,10,23,3,3,0.11825081874694268,0.23533394440645292,1,0.3333333333333333,1.241896495929592e-06,0
2,10,21,10,0,0.3161673400321185,0.24108453319833184,0,0.0,3.74065767681874e-06,0
1,13,11,4,0,1.2568788416827386,0.85491634231172,0,0.0,2.8048977512214758e-05,0
0,9,17,6,3,0.34558599971880305,0.20205942685813952,2,0.3333333333333333,1.1264017973702783e-05,1
0,14,12,7,1,0.489734889322488,0.6783034689378924,4,0.5714285714285714,6.3429743387879e-06,1
0,4,9,10,1,0.3622734095258419,0.22531922839499477,3,0.3,1.7217786564328554e-05,1
2,11,21,7,3,0.44409631196335153,0.25173263361214193,1,0.14285714285714285,9.322543771325568e-06,1
3,6,12,9,4,0.21484910604963228,0.40925921747527916,1,0.1111111111111111,1.0505834907572408e-05,1
0,6,18,7,5,0.14980818693969697,0.38901959470006214,1,0.14285714285714285,3.2422164734525303e-06,0
0,19,10,5,2,0.5917304272767857,0.1656175561856119,4,0.8,6.007529226634475e-06,1
0,9,10,9,3,0.3278588344901133,0.28000018092905715,0,0.0,1.2627360164813656e-06,0
1,8,24,4,5,0.2536928358793162,0.22009055691956314,0,0.0,3.7290460294201404e-06,0
0,9,22,9,5,0.32277918176016185,0.5520504927270151,1,0.1111111111111111,9.184005572864406e-06,0
0,10,5,5,2,0.544640962310386,0.7988795199423968,1,0.2,2.2725636745768708e-05,0
1,3,24,6,3,0.17138894991443823,0.206181454983766,1,0.16666666666666666,4.745232181396944e-06,0
0,7,21,7,2,0.16018854829130516,0.5251440852340304,0,0.0,4.002525177136282e-06,0
4,12,17,11,2,0.41526868214959317,0.7360471726837142,2,0.18181818181818182,9.97678733506535e-06,1
0,13,7,4,5,0.25178350206164035,0.3888427749516506,2,0.5,1.1123918093364216e-05,1
0,4,8,9,3,0.3252380987335892,0.16537842561743882,1,0.1111111111111111,9.37995730884432e-06,0
1,3,2,10,4,0.2160592694473677,0.32823992411343794,1,0.1,5.4799176646008856e-06,0
0,4,13,5,3,0.7023119240360686,0.4959032484002634,3,0.6,1.659230706570883e-05,1
0,1,21,5,5,0.2816231602969082,0.2747315260457296,0,0.0,1.1355728370449036e-05,0
0,9,6,7,5,0.21130282894193134,0.11547884914754172,1,0.14285714285714285,6.776548479340024e-06,0
3,3,2,9,3,0.16233017677825368,0.20928940380882222,0,0.0,8.606571866450509e-06,1
1,2,11,7,4,0.19652127068201733,0.28629201572919244,0,0.0,1.5316372081016734e-05,1
0,11,5,2,5,0.4988826274790708,0.33499145845605954,1,0.5,1.232140125966626e-05,1
0,8,7,11,5,0.5277138692636306,0.5619173328437416,3,0.2727272727272727,2.7227040088689765e-05,1
1,12,22,11,5,0.5203870921138,0.43922431440668586,1,0.09090909090909091,9.89787718303498e-06,1
1,5,17,11,5,0.24057056092361875,0.1722791284656238,1,0.09090909090909091,4.88334457894564e-06,1
1,10,23,4,4,0.4216020018045482,0.3643872765081925,2,0.5,6.1477272998624765e-06,1
0,4,16,4,0,0.44566876437729047,0.03492961319205907,1,0.25,2.7794266669396937e-06,0
1,13,3,3,1,0.10948259261374117,0.3350503775239857,2,0.6666666666666666,3.848172837862651e-06,0
0,17,6,3,2,0.5226858409025122,0.5221406077461193,1,0.3333333333333333,1.167510949211724e-05,0
0,17,16,8,0,0.16040768980857856,0.2779128094583822,3,0.375,6.750393165685322e-06,0
0,10,18,4,0,0.7021386144663612,0.8207264141913004,0,0.0,6.280222248379582e-06,0
3,3,13,5,5,0.4061104179836494,0.26640965139723694,0,0.0,9.364760660934626e-06,1
1,11,5,6,1,0.3178974847312091,0.040074921011301584,3,0.5,4.589967634224865e-06,1
0,3,3,6,2,0.567985240951116,0.3164127630611483,0,0.0,3.046810944361766e-06,0
0,19,6,10,2,0.23388604764119963,0.2627654584307856,1,0.1,6.096978584839045e-06,0
0,18,9,5,1,0.345142400931655,0.25843067834026207,0,0.0,1.0399192371587672e-05,0
1,10,7,3,5,0.7410770557055826,1.4339031537685736,1,0.3333333333333333,7.223134274366016e-06,0
1,4,19,9,0,0.32855200751344027,0.24205994741578132,2,0.2222222222222222,2.217717707893978e-06,0
0,14,4,3,3,0.5103644255571449,0.33168518918217865,0,0.0,4.997049507034401e-06,0
2,8,11,9,5,0.4823216994319802,0.23497247569300325,0,0.0,1.5914968359093955e-05,1
0,15,15,9,5,0.1594164448197467,0.232137953887758,1,0.1111111111111111,4.763932420567273e-06,0
1,19,14,2,1,0.5406219160053768,0.3888558053974872,2,1.0,5.791022213543892e-06,0
1,6,17,4,1,0.6267530852274809,0.28691281651905925,1,0.25,8.175608005640636e-07,0
2,4,18,5,0,0.11095326784608489,0.17783196129002374,1,0.2,4.328460576859042e-06,0
0,6,6,6,2,0.2875688828482711,0.31140975497192547,0,0.0,8.779961126660705e-06,0
1,7,20,11,3,0.5680107829018058,0.8933959076139584,0,0.0,1.7767465631285815e-05,0
2,19,21,2,4,0.28129502049547295,0.398075410413411,0,0.0,5.412473959454104e-06,0
2,14,10,6,0,0.42943011630084893,0.22987284581497805,0,0.0,4.538814434893484e-06,0
0,6,19,10,4,0.41954611683770004,0.47163969965634406,0,0.0,2.5142814181022965e-06,0
0,11,19,11,2,0.38956322466001814,0.26168801233325184,1,0.09090909090909091,8.159637946752827e-06,0
1,14,21,7,0,0.23516292742008266,0.09600103833239616,0,0.0,5.82143365000572e-06,0
0,19,11,2,0,0.15958410997550737,0.13412428886748576,1,0.5,5.0569446732125676e-06,0
1,19,7,6,1,0.33443859395908254,0.49435012770767456,1,0.16666666666666666,4.0372265102601635e-06,0
0,10,20,3,0,0.34722544688801843,0.320125570036974,0,0.0,1.4198177099400275e-05,0
2,2,16,5,3,0.2168370218181204,0.4012320026135018,1,0.2,7.056460388812868e-06,1
0,6,11,7,1,0.3334872539148578,0.4118930876445834,1,0.14285714285714285,3.4587149282909664e-06,0
1,11,4,3,2,0.6180129959533681,0.3350798662325242,1,0.3333333333333333,6.383774779486195e-06,0
1,2,13,6,4,0.1930575983275654,0.4156545677142038,2,0.3333333333333333,2.6062404900177177e-06,1
1,7,12,8,5,0.9324775033298438,1.0938940013673975,0,0.0,1.8867664714582928e-05,0
0,15,6,11,3,0.31472093470830914,0.48831098196357964,2,0.18181818181818182,7.542481508778279e-06,0
0,6,19,2,2,0.6473066984544374,1.3329222537514704,1,0.5,1.9061396288330113e-05,0
2,3,5,7,3,0.6433488363478537,0.24879359888506714,1,0.14285714285714285,2.0331625342653107e-06,0
0,17,12,6,0,0.26353810622165685,0.49870572677991637,2,0.3333333333333333,7.110343447867889e-06,0
1,19,14,3,3,0.4413671012757923,0.4314196263610673,0,0.0,1.757075210253666e-05,0
0,15,24,2,3,0.4495169805997707,0.06652934207004992,1,0.5,2.095549311571204e-05,0
1,18,2,5,3,0.25487925380429993,0.07470057640366766,1,0.2,2.1174733361102366e-06,0
0,2,6,5,4,0.16073766746362145,0.3834225028798487,1,0.2,1.1033434696981335e-05,0
1,14,12,10,5,0.21568542985328137,0.21439428573252395,2,0.2,2.769548459544023e-06,1
1,13,24,7,3,0.311711266400977,0.17165945821832643,0,0.0,4.530815839032422e-06,0
0,6,24,7,0,0.1024083131968238,0.4022611909404491,1,0.14285714285714285,1.2450324234782582e-05,0
0,3,10,7,2,0.2563502851326981,0.2767491436750098,1,0.14285714285714285,6.161420903539172e-06,0
0,12,18,11,3,0.4115162626284365,0.5748536737857726,0,0.0,2.1227882742064784e-05,0
1,13,10,3,3,0.4042191382515142,0.31844349566199054,0,0.0,1.2253893367616601e-05,0
0,15,4,6,0,0.47144454963393967,0.4287190024104805,2,0.3333333333333333,1.5316372081016734e-05,0
0,14,3,9,4,0.3338750485456935,0.1662275077352262,0,0.0,7.1944113617903725e-06,0
1,13,22,5,2,0.4688579066612008,0.9192462207177434,4,0.8,7.72331640035e-06,1
0,17,24,2,4,0.8027843899456619,0.30957297925546323,3,1.5,1.5520236901110356e-05,1
0,14,22,7,3,0.23023387549683064,0.16800948244334277,0,0.0,3.516936018733408e-06,0
1,14,21,11,2,0.5516388475643966,0.30011830746676244,3,0.2727272727272727,8.654594917410427e-06,1
1,13,7,3,4,0.24464823255926982,0.0709514098574636,1,0.3333333333333333,2.7286117495803073e-07,0
0,10,10,2,3,0.7129274821211682,0.34778971303306094,0,0.0,5.940304075276536e-06,0
0,19,17,6,1,0.4205466593836898,0.3927598573139881,2,0.3333333333333333,1.4023814439315086e-05,0
2,11,14,2,5,0.038366627425805065,0.15939893787296547,3,1.5,4.042782364501012e-06,1
0,11,3,9,5,0.6326262667883217,0.6939042816382003,1,0.1111111111111111,1.3633774373582906e-05,0
0,4,19,8,4,0.20008266367882274,0.2673030040957527,2,0.25,8.426011467334474e-06,1
0,1,2,9,5,0.18126467874930324,0.41495178545885797,0,0.0,5.438147533122576e-06,0
0,12,19,5,2,0.6233903206451129,0.24225195646641334,0,0.0,5.364935087860218e-06,0
2,2,5,4,5,0.276531312154303,0.3632157071394852,0,0.0,1.3539120269595656e-05,1
1,3,2,7,4,0.4645997506282847,0.6257615984945166,3,0.42857142857142855,6.8560691986670805e-06,1
2,16,9,9,2,0.23137043883918776,0.1609848738491379,2,0.2222222222222222,4.277934921438862e-07,1
1,17,6,7,3,0.29661744749867125,0.6826394704414817,0,0.0,1.2672978314005607e-05,0
1,9,6,5,0,0.295494338443903,0.22454354410145017,0,0.0,6.470455307957519e-06,0
1,8,21,7,3,0.5032001120745416,0.4921187267879112,1,0.14285714285714285,6.026821973048679e-06,0
2,12,22,6,4,0.7250838269035713,0.49837670211126744,0,0.0,9.195789393003127e-06,1
0,5,8,5,0,0.19721841708451207,0.22408323908946468,0,0.0,2.3415975824256545e-06,0
0,4,16,6,2,0.19611631340077645,0.35033912433867787,0,0.0,8.053042323758107e-06,0
1,11,16,9,2,0.5537998009629117,0.9975506702558644,1,0.1111111111111111,2.1806930218310116e-05,1
1,16,10,6,4,0.32302386188723275,0.24874515542729458,0,0.0,5.903831654718559e-06,0
0,2,14,9,3,0.8706255284823432,0.3172746252039705,1,0.1111111111111111,2.093174919670347e-05,0
0,4,18,10,2,0.33710405210270317,0.2891616941840361,3,0.3,5.8129509042409325e-06,0
0,11,8,3,2,0.48148792896167214,0.42862256343988525,1,0.3333333333333333,3.7928222607030613e-06,0
1,3,17,2,0,0.3619603616180553,0.4234317417574731,1,0.5,7.005616526719538e-06,0
3,4,8,5,3,0.647899238744299,0.6664405233790331,0,0.0,8.430827491217211e-06,1
0,4,4,8,0,0.5093846362438315,0.9182916396887006,0,0.0,1.1260957961349106e-06,0
0,6,2,3,5,0.2024718080907641,0.27833242153076315,1,0.3333333333333333,8.471985472374259e-06,0
1,19,2,5,5,0.36596007430796396,0.6193448142625404,0,0.0,1.0583062707067134e-05,1
0,17,18,10,1,0.07102288656434913,0.027795717724360083,0,0.0,4.786085815503744e-06,0
0,4,21,4,1,0.23028759504325821,0.26346288430062076,2,0.5,3.882127119606436e-06,0
0,11,19,2,1,0.2453916211285726,0.4708966337375043,1,0.5,1.0884916568934978e-05,0
1,15,10,8,5,0.1974381756268689,0.5108255607713525,4,0.5,2.0292092764989194e-05,1
3,17,24,9,1,0.5406294395435052,0.3895444570371831,2,0.2222222222222222,1.1982220402561947e-05,1
2,12,24,10,1,0.5733204051185693,0.3638280609257056,1,0.1,1.4635278183979524e-05,1
0,11,6,7,0,0.1863318386554314,0.23348628458544343,3,0.42857142857142855,3.295170376112835e-06,0
0,15,18,2,4,0.21313443930485484,0.40758621049628163,1,0.5,8.589850358457213e-06,0
2,15,22,8,0,0.3249030528572835,0.5827473711797974,2,0.25,1.1881385795067135e-06,0
3,19,15,3,4,0.8867490616641194,0.5165040774868014,1,0.3333333333333333,5.99224388898946e-06,1
1,13,23,4,1,0.7883669799458131,2.081776416771908,0,0.0,4.342591968973668e-05,0
0,16,17,6,3,0.45252327030045764,0.3407756217667039,1,0.16666666666666666,1.9358753560050205e-05,0
0,10,5,9,2,0.3972452756749112,0.544374610937676,2,0.2222222222222222,5.924904061161938e-07,0
1,3,20,6,4,0.4198385526223709,0.5914711308829582,1,0.16666666666666666,2.2129145317147893e-05,1
1,4,14,2,0,0.23753173139200903,0.21930159144063022,1,0.5,4.239631765526632e-06,0
0,15,15,2,0,0.5088736497052144,0.38214343724008043,3,1.5,1.3332589165632434e-05,0
1,12,2,6,2,0.04955599940533208,0.6224820840908699,0,0.0,8.292141216301036e-06,0
1,16,16,4,2,0.7131729717794714,0.6304043772568938,1,0.25,7.801965848277276e-06,0
0,3,18,3,3,0.23041145044690672,0.20232107861220117,1,0.3333333333333333,1.2234443888920756e-05,0
0,17,5,7,4,0.22561106728230096,0.023809434078174648,0,0.0,9.691547832483222e-06,0
1,13,4,11,1,0.20114325482101117,0.07828360169403141,2,0.18181818181818182,1.0966888322985979e-05,1
1,8,4,2,1,0.39199892797192654,0.36572348922018316,2,1.0,2.162077733191365e-06,0
1,12,19,3,3,0.6595530546359187,0.040869355782191454,1,0.3333333333333333,2.0434677891095726e-05,1
1,12,18,8,3,0.24763288123456587,0.1297587356738351,1,0.125,7.300551872734791e-07,0
3,16,4,11,2,0.14883758824241647,0.25203784957071335,0,0.0,9.602760811110252e-06,1
0,12,24,4,0,0.45873180037111105,0.38933921826014367,0,0.0,3.151408519862329e-06,0
1,14,24,9,4,0.36824360490783087,0.28814381177750253,2,0.2222222222222222,1.4021373227055962e-06,1
0,2,6,2,1,0.722598737692369,0.6486210048882048,1,0.5,6.234840700215765e-06,0
2,7,13,7,4,0.3838135034955853,0.28178830832870827,2,0.2857142857142857,9.564147192681051e-06,1
1,14,23,9,1,0.6581251621421511,0.665563133556321,0,0.0,4.196494356387489e-06,0
0,15,5,3,1,0.22445752576401437,0.3523001683450952,2,0.6666666666666666,2.247804629673604e-06,0
0,16,7,7,1,0.16966846713424,0.07560447538191936,0,0.0,3.357747500293406e-06,0
0,3,14,6,0,0.34168745033701997,0.6211880321768272,1,0.16666666666666666,1.1234487220795231e-05,0
1,18,19,5,1,0.38152518735056823,0.14412998903489332,0,0.0,6.2727104045002315e-06,0
1,13,2,8,0,0.19876863161320624,0.21904982837728304,2,0.25,6.942225790884521e-06,0
1,13,5,3,2,0.3876042028121612,0.08878873655634766,1,0.3333333333333333,3.1347557633754454e-06,0
1,3,23,9,4,0.14015493896765752,0.3273993317733763,0,0.0,1.5119383598320621e-05,1
0,6,12,6,4,0.06854569842627725,0.48750005287078996,1,0.16666666666666666,1.099326283875891e-05,0
0,2,23,2,3,0.1678482470531909,0.4453521149547642,0,0.0,3.333527643263351e-06,0
0,2,15,2,2,0.40618362311643225,0.41910058292393526,1,0.5,1.007212454521417e-05,0
1,4,17,3,3,0.3344151976981916,0.028127471579577814,0,0.0,4.973516326598123e-07,0
0,11,8,7,3,0.4994834655956748,0.35475139088675345,1,0.14285714285714285,5.048970326112098e-06,0
1,11,22,11,3,0.22468343907895952,0.2696288678204424,1,0.09090909090909091,5.478139112563182e-06,0
1,11,10,2,2,0.30631115581828844,0.5946512239950541,3,1.5,1.702194891315444e-05,1
1,17,17,7,5,0.26063453982962254,0.2936286633188481,0,0.0,1.9604511972437308e-06,0
0,10,6,9,5,0.4189240965896382,0.10568401337851512,0,0.0,1.0926579358104188e-06,0
1,17,24,4,1,0.197992308873475,0.552554581620884,3,0.75,5.080722679118112e-06,1
2,10,4,11,5,0.125392349349186,0.3132403603091972,0,0.0,9.615420785806978e-07,0
2,3,18,7,1,0.22740854716602038,0.4023178346363036,3,0.42857142857142855,4.492331374531839e-06,1
2,11,16,7,0,0.2613003087590569,0.17577924381190418,1,0.14285714285714285,6.827666058987426e-06,0
0,19,4,7,5,0.4271415549078974,0.15378420706438567,1,0.14285714285714285,8.572808075488393e-06,0
0,4,19,4,5,0.25074538017312126,0.3737676741628214,1,0.25,6.081509818968858e-06,0
1,5,2,11,1,0.2372633624603037,0.15359262768839907,0,0.0,2.666997488087282e-06,0
4,7,17,9,2,0.18778393250720302,0.3094341736546374,1,0.1111111111111111,7.221122862605148e-06,1
0,13,4,8,0,0.41662535560395203,0.23256392571104864,3,0.375,1.2172396584947249e-06,0
1,9,24,6,5,0.35692726067985775,0.27324129478975706,0,0.0,7.354539021600242e-06,0
0,12,16,7,1,0.8940593774447394,0.19239165211381193,2,0.2857142857142857,1.8130768964578855e-05,0
1,13,14,8,4,0.29276000858575024,0.21981303211591388,3,0.375,1.2240412928865485e-05,1
1,11,8,9,4,0.47224435494849265,0.26669906185745496,2,0.2222222222222222,4.976838125235254e-06,1
1,4,17,10,4,0.5218768808726646,0.5110559546293421,0,0.0,6.162827886299707e-06,0
0,8,5,2,0,0.7322702852509356,0.9910904003895759,1,0.5,1.581578355872079e-05,0
0,13,6,8,2,0.22315838211603245,0.030632744162033466,0,0.0,7.92673711129143e-06,0
1,3,24,3,3,0.27838062944861797,0.4067722296156873,1,0.3333333333333333,1.2080104266486663e-05,1
1,11,12,5,3,0.17720160404307483,0.23935356712264486,1,0.2,6.383427055807631e-06,0
0,6,5,4,0,1.3925925446551892,0.6655541040863229,4,1.0,2.1336769519155252e-05,1
1,4,10,9,2,0.2328257122765485,0.311275868090712,1,0.1111111111111111,6.287983830723364e-06,0
0,1,14,7,4,0.4590722713916542,0.35897981369132104,3,0.42857142857142855,1.3358317096301846e-05,1
2,15,21,11,2,0.5278099248806193,0.5483520970608254,0,0.0,1.0100811500923249e-05,0
0,10,18,7,0,0.22105201258645843,0.1801177624823212,1,0.14285714285714285,1.7096910202585326e-06,0
1,4,18,6,0,0.289391967358114,0.5585609553269845,1,0.16666666666666666,8.361237398791638e-06,0
2,4,5,4,2,0.12660566709190463,0.5177513842858925,2,0.5,1.3662560532925337e-05,1
1,8,6,2,4,0.7640460710183147,0.3976647703458288,0,0.0,9.638267867321433e-06,0
1,19,5,8,2,0.09228989449502308,0.10766365945965292,0,0.0,9.491804592716184e-06,0
3,19,23,3,2,0.22960517600776686,0.37841641403239046,2,0.6666666666666666,4.142502486165598e-06,1
0,15,16,11,4,0.23393317547539297,0.3941109701672274,1,0.09090909090909091,5.677133104021876e-06,0
2,8,4,11,1,0.45257096695834453,0.2954532786908959,3,0.2727272727272727,1.2092193233270457e-06,1
1,5,6,6,4,0.7380671522602522,0.5152998320309927,3,0.5,9.881845722213598e-06,1
0,14,11,9,0,0.39411545943831366,0.5456819817705854,1,0.1111111111111111,7.581693000165275e-06,0
0,16,2,7,2,0.2880103864325499,0.4545357417779613,1,0.14285714285714285,1.3390559908910305e-05,0
0,4,3,11,2,0.3120959138674536,0.24339891762606358,1,0.09090909090909091,3.459107287495763e-06,0
1,13,15,9,0,0.04136868690630197,0.07978259174069663,4,0.4444444444444444,1.1001135001842628e-05,1
1,12,23,6,4,0.2988854924293748,0.660680966387335,1,0.16666666666666666,1.885688910894921e-05,1
1,11,15,7,4,0.12425566363240552,0.21886766743102534,1,0.14285714285714285,5.998944000039626e-06,1
0,18,19,2,1,0.5064161585121253,0.4269360116688219,3,1.5,4.289706046887758e-06,0
1,16,20,9,1,0.14158780912690258,0.08331495468076898,0,0.0,6.058618735088729e-06,0
0,19,21,3,1,0.3543857301578237,0.31696273297095146,0,0.0,5.32852858568529e-06,0
3,6,17,10,2,0.2010829221301383,0.282912278462259,1,0.1,1.515961748649338e-06,1
0,14,6,6,4,0.1975956559307744,0.5166873010642268,1,0.16666666666666666,9.0606017580273e-06,0
0,19,9,5,1,0.03420107982594673,0.31665464507666496,1,0.2,6.7419245638696174e-06,0
4,7,3,4,4,0.39999611500113313,0.6792834403180884,0,0.0,2.4037500451129102e-05,1
1,3,17,11,4,0.02673628157808458,0.3521495198633244,6,0.5454545454545454,6.327042314480969e-06,1
1,7,13,8,5,0.22361791800412015,0.2779323147792154,0,0.0,7.857889931677691e-06,0
0,9,15,6,4,0.2339637658038533,0.20304528279665332,2,0.3333333333333333,8.279804158494231e-06,1
3,6,15,9,4,0.4235601017923028,0.23453337554133266,2,0.2222222222222222,6.141335805343261e-06,1
0,6,11,4,3,0.26272182481488215,0.3150463117639453,0,0.0,3.212544657189732e-06,0
0,4,17,4,1,0.9751000343794729,0.815498663930524,0,0.0,9.123163384007496e-06,0
0,12,10,10,5,0.29456094247884756,0.3028321556630889,3,0.3,1.926382686742956e-06,1
2,3,16,8,2,0.4224079107370413,0.5190260992608896,0,0.0,3.9522057257079165e-07,0
3,14,6,2,1,0.28180251965876996,0.5842863973048393,0,0.0,3.5407615145506608e-06,0
0,13,20,4,5,0.4242916715196553,0.5309498101738515,1,0.25,5.294681628062264e-06,0
0,16,3,4,3,0.6264420749648969,0.783016733279815,0,0.0,1.7852980277266476e-05,0
0,13,7,11,1,0.2964919167098564,0.2294902510309921,1,0.09090909090909091,1.8434170294464474e-05,0
2,7,7,10,5,0.5000269962642294,0.617368110900087,2,0.2,7.016428441851016e-06,1
0,1,2,3,3,0.10662171605970834,0.4437481908442175,1,0.3333333333333333,3.0904579716475952e-06,0
1,3,11,9,2,0.1870529748516329,0.3213423700110601,0,0.0,1.4112045513268562e-05,0
0,3,15,11,0,0.5824184742258502,0.4418336605226403,1,0.09090909090909091,5.836630874972815e-06,0
0,11,3,5,0,0.5706532832452011,0.40108349673058535,1,0.2,5.121467676260302e-07,0
0,7,14,5,2,0.031244671882781256,0.4577112491234298,1,0.2,5.506101305182303e-06,0
0,16,20,11,0,0.23533508666018949,0.1545391672433261,1,0.09090909090909091,9.996648127129418e-06,0
3,11,8,9,1,0.3152245565811427,0.25891590781071977,2,0.2222222222222222,8.495212837772852e-06,1
0,9,12,7,3,0.2992763873382297,0.19951751391260286,2,0.2857142857142857,9.522366237488517e-06,1
0,5,19,5,0,0.31865940636566914,0.38109475728053105,0,0.0,1.4855200770041994e-05,0
1,13,3,8,0,0.3930543688886491,0.35082536098337974,1,0.125,5.0014563536068015e-06,0
0,16,15,4,0,0.215942450779251,0.2683702754543584,0,0.0,8.572025985851038e-06,0
0,6,3,5,3,0.31121568943712624,0.3482689545130277,0,0.0,1.8301693567490273e-06,0
1,9,5,8,0,1.0188960185778921,0.7834252533078829,1,0.125,9.181638385178354e-06,0
1,9,21,11,1,0.09679880179962352,0.5065874985871621,1,0.09090909090909091,2.739885188406399e-06,0
0,15,21,9,5,0.22896157704624767,0.21074434198355108,2,0.2222222222222222,4.879569017727182e-06,1
1,10,15,6,5,0.2974271552773976,0.38305313352190307,2,0.3333333333333333,8.730703290550733e-06,1
0,16,2,8,0,0.6633981503477369,0.6943094838036531,0,0.0,1.2650569469109813e-05,0
0,3,20,11,5,0.3693929263821183,0.3219055704061514,1,0.09090909090909091,5.189675984967431e-06,0
1,2,18,2,1,0.43862287261693017,0.5328605453672312,1,0.5,2.0820652425613896e-06,0
0,5,9,5,1,0.5192405551818847,0.4908233040038094,1,0.2,5.210697744664376e-06,0
1,8,10,9,2,0.29318792815896877,0.1293661367022502,1,0.1111111111111111,9.778414407010836e-07,0
0,9,21,9,4,0.06017644273130313,0.2588798035469253,3,0.3333333333333333,1.5130272542159024e-07,1
3,8,8,10,0,0.28250482202317667,0.2515082573794286,2,0.2,8.69518718770814e-06,1
0,1,21,8,2,0.12962336756977685,0.250001562340143,0,0.0,8.668462264380839e-06,0
1,3,8,5,0,0.3883591563177547,0.2187673942195376,1,0.2,5.017482001924886e-06,0
1,12,21,4,0,0.5495357097490725,0.3938497962248023,2,0.5,1.386931034031967e-05,0
2,15,12,8,3,0.24071602840648795,0.5253497158794674,4,0.5,2.7181201995856614e-06,1
0,13,23,11,3,0.29584886355142587,0.15401467420834433,1,0.09090909090909091,5.600394129958978e-06,0
6,19,14,3,3,0.7546392213522367,0.2360200838607942,1,0.3333333333333333,2.357385117577454e-05,1
1,3,22,10,2,0.36165834670215996,0.27448461002844515,3,0.3,6.042692165063208e-06,1
2,14,11,4,3,0.776803552083896,0.18307786325928452,2,0.5,1.0845259444893512e-05,1
2,18,6,11,2,0.6414400683189351,0.5158689729068204,0,0.0,1.1798755285129683e-06,0
1,5,17,8,3,0.35564169739451024,0.27881553431665684,1,0.125,1.3308672399440899e-05,0
1,14,5,11,3,0.5346798378522043,0.1900521394975095,2,0.18181818181818182,5.097392344594477e-06,1
0,6,8,3,5,0.8861018203899255,0.4702660458370671,1,0.3333333333333333,1.0325136712470885e-05,0
1,17,11,7,0,0.31278277302147955,0.34100224140563734,2,0.2857142857142857,7.2833224276286115e-06,0
1,16,4,4,0,0.1861608128604993,0.31533909349897193,1,0.25,5.842741266300707e-06,0
0,8,20,11,3,0.31836703539590244,0.8403148909025348,2,0.18181818181818182,8.715346777059481e-06,0
0,2,13,10,2,0.5274958604803109,0.18618791869576581,1,0.1,3.5015329527119057e-06,0
1,13,16,3,4,0.5398529836736417,0.523146364125206,1,0.3333333333333333,1.4966825153997192e-05,1
0,11,14,5,4,0.336526203020855,0.6041340534764013,3,0.6,4.424806901982728e-06,1
1,17,13,7,3,0.3054898260494433,0.16044843415506851,4,0.5714285714285714,1.745165909528878e-05,1
0,19,11,10,3,1.1260706533049187,0.9452322371945486,2,0.2,9.315699673158667e-07,0
0,5,17,9,0,0.49665552718591394,0.33992816580395124,1,0.1111111111111111,9.165560261227568e-06,0
0,13,18,11,0,0.17800866978813362,0.8379941070550866,2,0.18181818181818182,1.0450528049581427e-05,0
1,10,2,7,2,0.5625997385331849,0.4664570052528774,3,0.42857142857142855,2.6425174223294056e-06,1
0,6,11,4,5,0.22949787305136227,0.13504739545653513,5,1.25,1.2365299344384645e-05,1
1,16,4,4,3,0.28162437158842274,0.22188167446433385,1,0.25,1.259034601744283e-05,1
1,10,8,9,3,0.05391288060995302,0.6837841184944851,0,0.0,1.2236397596565929e-05,0
3,16,19,10,1,0.4678941249801018,0.35461395212495134,1,0.1,6.5558866902828e-06,1
1,2,8,5,3,0.3754563787701174,0.2916790379916568,1,0.2,6.74660359909319e-06,0
1,13,13,9,3,0.2061251812232138,0.3143408258328965,0,0.0,5.825343525750318e-06,0
1,6,22,2,1,0.1836908494081675,0.367384844406686,0,0.0,3.896951321842344e-06,0
1,1,14,8,2,0.4725549264765968,0.5228971702137707,0,0.0,7.663078955808038e-06,0
0,2,6,6,3,0.6028146085176193,0.4715769034005495,1,0.16666666666666666,8.576240310901892e-06,0
1,15,4,7,2,0.6186732490166031,0.4424409312945248,1,0.14285714285714285,4.602691859404929e-06,0
2,19,21,3,1,0.5753521736437633,0.7843641377261041,4,1.3333333333333333,2.124344384627037e-05,1
0,6,4,8,2,0.3102492270025819,0.36937712471566225,0,0.0,1.1620103495590994e-05,0
4,5,6,9,2,0.22988692023309334,0.3162845801923887,1,0.1111111111111111,1.5316372081016734e-05,1
2,7,22,5,1,0.43540244364994557,0.223363781573995,2,0.4,5.6798759886628306e-06,1
0,3,21,5,4,0.5266226337170083,0.2625085023403284,1,0.2,8.140306566094081e-06,0
2,16,13,5,5,0.515654798173461,0.30866034504386386,0,0.0,1.445308061380269e-05,1
0,8,23,7,5,0.3953582564160145,0.1888780791770393,0,0.0,7.5858221776648825e-06,0
1,11,3,11,2,0.1416172854009791,0.5159123755318437,0,0.0,5.953112743938022e-06,0
0,8,23,5,2,0.09860255696226893,0.31496242262359325,2,0.4,1.3461938186963747e-05,0
0,8,10,6,5,0.23621437396427888,0.39044892817007093,5,0.8333333333333334,8.782092421849592e-06,1
0,6,10,2,3,0.5800569460785292,0.23223699114655735,0,0.0,1.490523309213644e-05,0
1,3,3,4,2,0.6075445096906645,0.4578229061957552,0,0.0,1.136769881327733e-05,0
1,13,20,11,3,0.7599913188289796,0.38221420490162306,1,0.09090909090909091,2.0886278534369674e-05,1
0,17,22,10,3,0.5218527698294202,0.25949891331200703,0,0.0,9.949469380289669e-06,0
0,1,21,11,2,0.5015758244022549,0.3744952840681431,1,0.09090909090909091,1.3189503582874145e-05,0
2,14,18,9,5,0.33336967976282816,0.31455017893679016,3,0.3333333333333333,1.0564406248355725e-05,1
1,16,16,8,0,0.23720858031435704,0.3322812478285153,1,0.125,7.479634107605757e-06,0
0,10,21,7,3,0.19618951119932784,0.13262545639581935,1,0.14285714285714285,3.4725686738108343e-06,0
0,15,3,8,1,0.4919843983275299,0.3502047839471292,1,0.125,1.710000082082401e-05,0
0,17,4,3,2,0.43381890858278216,0.3593647122129536,0,0.0,6.336236037426961e-06,0
1,3,21,11,1,0.20856641997517972,0.1631585427637743,3,0.2727272727272727,6.306639702883395e-06,1
1,17,15,3,3,0.2124307842895604,0.9693489211602285,1,0.3333333333333333,1.9080992851766226e-05,1
2,4,8,2,0,0.3343143338590432,0.4315426193622377,0,0.0,3.7498416076211313e-06,0
2,3,20,9,3,0.1767238055190016,0.09713916050981834,0,0.0,6.3784861031617715e-06,0
0,2,13,7,2,0.3517981500026466,0.1397497853957896,1,0.14285714285714285,4.080507854122469e-06,0
1,3,23,8,3,0.6111476589395369,0.6332339001438672,4,0.5,8.422703717900923e-06,1
0,8,3,9,2,0.31315872979078935,0.4673384057086216,2,0.2222222222222222,6.433447006168151e-06,0
3,19,11,2,1,0.37857046575754155,0.23584948213621673,2,1.0,8.67703724107594e-06,1
1,16,8,9,2,0.25931194729821666,0.5423587088810635,1,0.1111111111111111,1.7031135076433948e-06,0
1,4,2,7,2,0.41180184188895463,0.14813621908813265,0,0.0,3.013394669705775e-06,0
1,18,14,3,2,0.23094049457189583,0.8978395579773314,1,0.3333333333333333,9.674332967891914e-06,0
2,6,18,10,2,0.25197448298029196,0.30315934645981546,1,0.1,7.773341178974963e-06,1
1,13,13,8,3,0.4415466015916445,0.2804811622267922,2,0.25,3.365695733589814e-06,1
1,1,12,9,3,0.4644767124108348,0.29635287171380753,2,0.2222222222222222,5.7132303544600486e-06,1
0,2,19,9,5,0.21801791977211984,0.43026284697086975,0,0.0,1.5431359625454723e-05,0
1,5,19,8,0,0.054814673091056525,0.34832101035405194,1,0.125,1.0320677801871712e-05,0
0,15,14,8,2,0.04051233074606117,0.292288125371275,1,0.125,4.335181310573535e-06,0
0,6,24,7,2,0.28312894422152524,0.5638757411616072,1,0.14285714285714285,1.0690682956932641e-05,0
0,19,4,4,4,0.38726004804425684,0.39998537410848445,1,0.25,1.0090738553088378e-05,0
0,7,23,9,4,0.4034969215113444,0.03343410535199249,0,0.0,1.6717052675996245e-05,0
0,18,20,7,1,0.3017576339022752,0.5023535219664873,3,0.42857142857142855,4.102551462886273e-06,0
2,17,16,5,0,0.12681292813371886,0.09965386603525776,0,0.0,3.965229976290167e-06,0
0,13,4,11,2,0.7604341102673744,0.6995177490967301,0,0.0,4.984494901107219e-05,0
1,5,8,8,4,0.10481197837101032,0.22673739345755228,2,0.25,8.815548671981736e-06,1
0,4,24,2,5,0.2437919975705995,0.042836576013571125,0,0.0,5.600023615103121e-06,0
1,3,20,4,0,0.3556386640843579,0.5632213692482234,0,0.0,2.936247115117239e-06,0
2,5,17,5,1,0.0391655876292744,0.6066321628327508,1,0.2,4.327704818054054e-06,0
2,18,20,6,3,0.36784267839148743,0.1345706329610053,1,0.16666666666666666,1.193597757617642e-06,0
0,6,12,9,5,0.1350529111195259,0.3022288960416954,0,0.0,2.779571386356719e-06,0
1,10,16,7,3,0.6151664228209778,0.3060661119704302,1,0.14285714285714285,8.913387667302554e-06,0
1,17,11,2,5,1.108405414636392,0.20355983263675637,1,0.5,2.5005097713877027e-05,1
0,6,8,11,4,0.20660497698610136,0.22727126746930906,0,0.0,6.965814547959769e-06,0
1,10,10,6,0,0.1990137734901907,0.6680238771367505,1,0.16666666666666666,1.0245671248137585e-05,0
0,9,9,5,0,0.14783990156834803,0.18006270699515084,1,0.2,7.490083372518755e-06,0
1,19,17,4,2,0.45017076977022413,0.2367907140109909,0,0.0,6.576741307155672e-06,0
1,18,2,4,2,0.3836015483130312,0.22922124702239785,2,0.5,4.122420774122244e-06,0
0,9,19,7,1,0.05779985277732392,0.3510896693251304,2,0.2857142857142857,3.5563723484881832e-06,0
2,13,20,3,0,0.404497988447032,0.5292596512088061,2,0.6666666666666666,3.4271143409478562e-06,0
1,6,11,10,0,0.22335355972020735,0.20908326099847735,2,0.2,1.087088484533233e-05,0
1,3,7,8,1,0.5540583444630686,0.9022544904456257,3,0.375,5.964545066046066e-06,0
1,9,14,2,0,0.2896255269376564,0.04466132349407438,1,0.5,1.1029995728769895e-05,0
1,18,13,2,0,0.12123461948288253,0.21349639492232905,0,0.0,2.0319916797364953e-06,0
0,16,11,4,2,0.320135729728704,0.08428747438896905,2,0.5,6.4434207543253535e-06,0
0,14,22,9,2,0.8461450921431378,0.2223070135026177,1,0.1111111111111111,1.7369801234705813e-05,0
1,9,24,6,4,0.8578349598774999,0.9826638221004114,0,0.0,4.389012124937078e-07,0
1,12,12,6,3,0.30566390651416353,0.3846538272627992,0,0.0,1.1696843060487362e-05,0
1,18,5,6,3,0.16391574575606613,0.23695187959166727,0,0.0,8.28374586778112e-06,0
1,3,18,7,0,0.31186082557262523,0.3392107881298835,1,0.14285714285714285,4.405894422587136e-06,0
2,18,4,4,5,0.32170318122637315,0.1695812085014935,0,0.0,6.112015685672585e-06,1
2,11,7,3,4,0.12395564988574402,0.16827690149268146,1,0.3333333333333333,7.282604411785087e-06,1
0,16,5,4,0,0.18670995079700234,0.3616245018403819,1,0.25,9.544875825155778e-06,0
5,18,3,7,2,0.2238836065371058,0.43069571960729625,3,0.42857142857142855,3.234354222171251e-06,1
0,4,22,10,4,0.21786273670774445,0.07661205863413276,0,0.0,4.006170077317313e-06,0
1,19,16,8,4,0.22685695267215855,0.4197782577064549,0,0.0,2.635035336233827e-06,0
0,8,24,5,3,0.44442843330809007,0.7125314915308545,1,0.2,1.144196384199279e-05,0
0,2,18,10,3,0.6617645243795222,0.32623952552123925,2,0.2,2.4325253230658165e-05,1
1,11,6,5,5,0.528590540343793,0.0852808805047282,1,0.2,8.446054855277935e-06,1
1,16,21,7,0,0.3664608276324104,0.33422655331311374,0,0.0,7.48826770331739e-06,0
0,10,6,10,1,0.3496968367579855,0.7632819987341406,0,0.0,2.9021979994536685e-05,0
1,10,23,3,0,0.0413104316878597,0.2796216690756341,1,0.3333333333333333,1.721267986994154e-05,0
1,3,7,2,3,0.39692569541796263,0.09440105624865047,1,0.5,5.763834725238179e-06,0
0,15,10,9,1,0.1701799898990867,0.20037053178667238,0,0.0,4.276070357366549e-06,0
0,15,14,8,2,0.43416572445778123,0.4815200973339619,2,0.25,4.950251450989059e-06,0
0,4,13,5,4,0.635547854044123,0.3599311859766005,1,0.2,3.4021830297572466e-06,0
1,9,18,8,2,0.40980335802776047,0.43985114272236164,1,0.125,4.567009276152356e-06,0
1,8,20,3,4,0.25946780362122374,0.37006119286866435,1,0.3333333333333333,6.486192217087715e-06,1
0,11,17,3,5,0.32205172849945657,0.22628803697934827,0,0.0,2.983628916095454e-06,0
2,3,3,9,0,0.7383033253833168,0.4561008248655747,0,0.0,5.732104482125032e-06,0
0,8,6,5,2,0.35948264374841743,0.2639083058600618,0,0.0,7.834992212310396e-06,0
2,12,8,9,1,0.5681668802162312,0.7271976118457794,2,0.2222222222222222,1.2050587617414713e-05,1
1,10,11,9,0,0.44920569245960684,0.3685949511555053,1,0.1111111111111111,8.268347072936168e-06,0
1,13,19,4,3,0.35258826824468364,0.20968086318612036,0,0.0,8.093661319952994e-06,0
1,3,17,4,0,0.36737265400864894,0.3434847775764396,2,0.5,2.6947608185503274e-06,0
0,1,20,5,3,0.5658212470979851,0.6553490722842402,1,0.2,3.573943071964442e-06,0
1,3,8,6,0,0.30223374284730187,0.026152375522455085,1,0.16666666666666666,6.874334517462503e-06,0
2,19,21,3,1,0.5353099385274267,0.2981116701162128,1,0.3333333333333333,8.780256067208982e-06,0
0,17,22,3,3,0.799220099052618,0.7894681942525082,3,1.0,7.947558672943687e-06,1
0,12,9,7,2,0.455461366593721,0.3213372965010494,0,0.0,2.360600398365706e-06,0
1,10,24,9,5,0.09854717429738927,0.22596446057776914,0,0.0,2.95027353813435e-06,0
0,1,11,3,3,0.2695957490933918,0.15652687983627125,2,0.6666666666666666,1.047531955812915e-05,1
0,8,18,2,2,0.035775010918619204,0.02768995970687422,1,0.5,2.5567274230329408e-06,0
2,7,10,11,4,0.5322530603962997,0.15532116507444574,0,0.0,1.8814137825829752e-05,1
1,18,23,11,4,0.33629838732540185,0.4669910277593452,2,0.18181818181818182,6.04196304797697e-07,1
0,18,10,2,3,0.3982643350138467,0.23442656721743205,1,0.5,3.731961980068173e-06,0
0,17,20,3,5,0.3074183329649355,0.3098548863481922,2,0.6666666666666666,8.599327170234107e-07,0
3,2,3,3,4,0.29237601817309844,0.2528849175134501,0,0.0,2.641368051016758e-06,1
4,14,11,2,1,0.5691523329825555,0.3909283420134746,2,1.0,2.7349464899727407e-05,1
2,14,13,7,3,0.417415040657221,0.26617710447622706,2,0.2857142857142857,9.54466546721443e-06,1
1,2,13,9,5,0.7195032067516268,0.0735566753670843,1,0.1111111111111111,8.60558580986998e-06,1
0,15,20,10,1,0.36869736172321305,0.02917365528401228,1,0.1,4.178031031333095e-06,0
1,13,14,8,0,0.262127103284168,0.2591762454741738,4,0.5,1.1535238605098376e-06,1
0,18,20,3,5,0.18286813314554998,0.3638362918713835,0,0.0,6.509713809190336e-06,0
1,16,17,11,1,0.08962444691686276,0.5394784372591446,1,0.09090909090909091,1.1989666118388656e-06,0
2,10,22,5,1,0.1959678315591932,0.49241082472164965,3,0.6,1.3286326546990826e-05,1
1,15,12,7,3,0.22296501632160076,0.29807235664657067,1,0.14285714285714285,2.7318839755103463e-06,0
0,10,23,9,3,0.4629258872988639,0.5405965975334265,1,0.1111111111111111,8.867244853479823e-07,0
1,4,3,4,5,0.22273310880207062,0.020493306130463112,1,0.25,1.0246653065231557e-05,1
0,12,14,4,2,0.6074609572673978,0.4055696142786781,1,0.25,1.0115221581753094e-05,0
2,1,20,9,0,0.40035845950797183,0.3686730799567084,3,0.3333333333333333,5.377097127385261e-06,1
0,10,20,3,3,0.23152797584753015,0.2934988927175265,1,0.3333333333333333,9.848705889328738e-06,0
0,11,2,3,0,0.05816400368146695,0.4485747444794976,4,1.3333333333333333,7.7981228676848e-06,0
1,9,6,4,2,0.3818312585046328,0.5011447995882078,0,0.0,8.708676585315318e-06,0
1,11,10,3,4,0.4377655595019582,0.42896283426381554,0,0.0,2.0407667706343805e-05,1
0,5,22,6,5,0.24836095812908757,0.3058053169525382,3,0.5,5.832936254837434e-06,1
0,4,4,3,3,0.38604135007179075,0.11104477275841103,1,0.3333333333333333,6.519311333325174e-06,0
1,8,9,5,0,0.29308361750443773,0.333787379099539,2,0.4,1.237114618067594e-05,1
1,8,5,6,5,0.16704908643312677,0.49259262862862696,1,0.16666666666666666,6.245870026557596e-06,1
0,3,17,5,3,0.22180583125633552,0.28046067719253354,1,0.2,7.0253628947779786e-06,0
0,12,5,8,0,0.2169161345792966,0.6891152795715626,1,0.125,2.3435937554774134e-05,0
0,16,5,10,3,0.039649681710449185,0.4041914754296543,1,0.1,1.3431363137043334e-05,0
0,8,19,5,5,0.34758849014796994,0.3427037859224571,1,0.2,1.7350656300420837e-06,0
0,19,15,10,3,0.15083466046736801,0.3828773083088692,2,0.2,8.09436663340363e-06,0
1,2,17,10,0,0.2675952175545773,0.7139343421942282,1,0.1,1.2303447621014284e-05,0
0,6,9,3,1,0.25257549715529276,0.2860272046316548,1,0.3333333333333333,5.760353339131812e-06,0
2,4,12,8,0,0.2971612387289581,0.3220349071439124,1,0.125,1.2764906599178759e-05,0
0,2,10,3,5,0.0417076959187274,0.440767446483899,1,0.3333333333333333,6.045460936476083e-06,0
0,2,10,7,3,0.2664277574810396,0.24486499768288827,1,0.14285714285714285,1.2114274560817913e-05,0
0,16,18,2,1,0.03303592061057082,0.3842588272682786,0,0.0,4.305666043560925e-06,0
0,3,22,6,2,0.48186302046171764,0.35273072543236894,5,0.8333333333333334,1.5316372081016734e-05,1
2,7,14,10,5,0.37667344468210323,0.33731823470420347,2,0.2,1.8433508315270318e-06,1
0,6,11,4,1,0.5437633295509681,0.5958201313007733,0,0.0,1.5944105610320265e-05,0
1,11,15,11,0,0.3918660510582323,0.3507556675198161,0,0.0,8.934022017214792e-06,0
0,1,11,5,2,0.2569404777352741,0.045575415373416035,2,0.4,1.5136319823520868e-06,0
1,1,23,5,5,0.30101780763971536,0.41543610591617447,0,0.0,6.67903236255752e-06,0
1,1,16,8,3,0.06436475623781802,0.4383463756423613,0,0.0,1.5163354177104644e-05,0
0,19,21,5,2,0.3060588900906355,0.4720212235337705,1,0.2,1.626954953974107e-05,0
1,11,22,9,4,0.1258411309249147,0.16684996689957912,2,0.2222222222222222,8.861933431318708e-06,1
1,9,13,5,3,0.19466310090779929,0.2177314010562413,3,0.6,6.467092574008852e-06,1
1,5,9,7,1,0.34860818951114314,0.5200247303950244,1,0.14285714285714285,5.062158332170892e-06,0
0,12,23,11,1,0.3186120032268836,0.5333495456687283,0,0.0,9.674816576515382e-06,0
1,4,13,5,2,0.2746763421012335,0.14193694501373205,1,0.2,1.3332824790547559e-05,1
0,17,12,7,1,0.0397324631884784,0.5112983498751683,1,0.14285714285714285,5.666418862459051e-06,0
0,12,10,9,2,0.15473281460860266,0.37003230198566556,0,0.0,4.811099417174124e-07,0
0,8,21,2,2,0.3975765943799022,0.5005628992040683,1,0.5,1.6013062151371767e-05,0
3,1,22,10,4,0.3719525855158452,0.3840348505196454,0,0.0,8.860701216017961e-06,1
0,9,6,6,1,0.16605901133859965,0.4266689101823236,2,0.3333333333333333,6.83046317812779e-06,0
0,4,23,10,2,0.25691523854044623,0.46249410693323323,2,0.2,7.25288239660805e-06,0
0,6,22,5,5,0.17091407043104878,0.4542481150696421,2,0.4,1.676478361315197e-05,1
1,4,12,10,5,0.33604413798476584,0.37785833512802125,1,0.1,6.508426533099641e-06,0
0,17,3,8,4,0.47561934355869767,0.3813604494345663,3,0.375,1.0309941593162719e-05,1
2,8,15,10,2,0.3522792241377516,0.778526926544902,1,0.1,6.201115154784647e-06,0
2,5,14,7,5,0.5391244188004283,0.980749144444185,1,0.14285714285714285,1.5117098960135692e-06,1
3,12,20,10,4,0.4607126639397078,0.5605176294590505,0,0.0,4.053816337607644e-07,1
0,1,13,4,3,0.6067622964292558,0.8635672943072993,0,0.0,2.3600422850007163e-05,0
0,15,11,4,1,0.26764401032599644,0.16727040961713358,0,0.0,2.4928096593868244e-06,0
1,19,4,8,4,0.3129070081097185,0.13907835508128957,0,0.0,1.3063299279168937e-05,0
0,7,24,4,5,0.7492590322862485,0.42280463020437764,0,0.0,7.77544594795122e-06,0
0,9,18,11,0,0.10642732176721494,0.3324600482311276,1,0.09090909090909091,5.144476506974823e-06,0
0,17,17,9,1,0.1983522341606993,0.07122543478101971,0,0.0,9.246744965884739e-06,0
2,6,10,8,0,0.4379529580254132,0.336994486490671,0,0.0,4.044536446195118e-06,0
2,16,4,2,5,0.2386603625110052,0.20024512010299936,3,1.5,2.233252564808456e-06,1
0,9,24,8,1,0.5236523261913191,0.05715010251682111,2,0.25,9.632471399661604e-06,0
3,6,19,10,3,0.3395538652235062,0.17619589412216927,0,0.0,7.4367736979920106e-06,1
0,16,24,4,1,0.36915456932464324,0.2698411166947009,1,0.25,6.222170666428387e-06,0
0,7,15,5,1,0.1804529495398287,0.13070287006916373,2,0.4,4.332205124073319e-06,0
0,19,13,10,2,0.049996757907420086,0.5253102397841772,1,0.1,1.4395203502905211e-05,0
0,12,6,3,5,0.056270118712703314,0.5360326575084303,2,0.6666666666666666,4.864338633240821e-06,1
1,13,6,7,1,0.32391854200118475,0.30346228611323606,2,0.2857142857142857,5.358014837199282e-06,0
0,6,8,10,0,0.2706519847574338,0.7193089358418867,3,0.3,1.1154359883428278e-05,0
2,9,16,3,2,0.2682595027128509,0.410029521159402,0,0.0,1.2541248488927423e-05,1
4,17,12,10,1,0.7803945007798363,0.4167137578363164,1,0.1,1.607617228255995e-05,1
1,14,24,5,1,0.5268951669702129,0.4734544034240327,4,0.8,1.5278998051538054e-05,1
0,7,16,10,0,0.40889021752841265,0.2910455524778396,1,0.1,2.7396328518446247e-06,0
1,6,6,10,2,0.15859519229512895,0.3250372027223447,1,0.1,2.0372918513218843e-07,0
2,6,15,3,3,0.35672977692474805,0.023488271514457607,3,1.0,7.136244587612413e-06,1
1,8,13,8,3,0.17960626480154313,0.19337843694714466,0,0.0,1.4557140154111754e-05,0
2,19,3,6,4,0.5104949242456935,0.43490656158898844,3,0.5,1.1716018336614122e-05,1
1,6,8,10,3,0.19787261713694607,0.28438981332955404,0,0.0,5.117091856919422e-06,0
2,14,4,2,3,0.692808015751247,0.349030456198371,2,1.0,2.1047704609929536e-05,1
2,2,10,7,0,0.3641941196296775,0.5542172175947206,2,0.2857142857142857,1.2034987851928642e-05,1
1,3,3,5,1,0.36475684007598663,0.4226331415896799,0,0.0,5.187615431961942e-06,0
1,6,5,4,3,0.40498018165263533,0.17150246343769776,1,0.25,7.139477219529195e-06,0
1,5,22,2,5,0.235100889091243,0.1553169855939746,0,0.0,4.258673411673178e-06,0
0,13,8,11,4,0.29710318443645084,0.2887922671896067,3,0.2727272727272727,1.9790039459453335e-06,1
1,14,9,6,2,0.5162042008675037,0.5169739532004803,1,0.16666666666666666,1.964692365453025e-05,0
1,6,9,4,2,0.290316914304964,0.33526894675217067,1,0.25,3.934177756708336e-06,0
3,13,10,3,0,0.21163260282680543,0.45848572590329995,2,0.6666666666666666,5.201553639939133e-06,1
1,11,6,8,0,0.06495204477951066,0.3681795562469393,2,0.25,5.477507546583337e-06,0
0,2,20,11,1,0.24252574955849365,0.2807068575336443,2,0.18181818181818182,3.126239683256719e-05,0
1,16,23,8,3,0.5081217407304249,0.3112199340107786,1,0.125,1.8112263418561156e-05,1
0,1,4,5,5,0.23655085801335848,0.16892938430413665,1,0.2,4.963424754500387e-06,0
1,3,2,9,1,0.2180098508008563,0.28720917541011615,4,0.4444444444444444,7.469178594952441e-07,1
0,8,22,3,3,0.20714948103460956,0.2203430788388644,0,0.0,7.667347278301347e-06,0
0,18,24,5,0,0.8057338425258657,0.8911184750071703,1,0.2,2.5386581416418822e-05,0
1,9,6,3,2,0.49849285356081396,0.38517039086658006,0,0.0,1.799165794939252e-06,0
2,4,2,4,1,0.22399915938807724,0.10778975185741232,2,0.5,3.7934464325294073e-06,1
1,7,2,6,0,0.2705340584262371,0.22107853409113212,1,0.16666666666666666,7.442115512679323e-06,0
0,3,24,6,4,0.21265739871981357,0.13317701514189784,0,0.0,2.1030930684080586e-06,0
0,11,24,4,5,0.42899813671363024,0.30082601815857485,2,0.5,1.4671472088346783e-05,1
2,10,16,4,2,0.29573900767101813,0.4098478622522348,1,0.25,6.78018475172227e-06,0
0,5,11,3,4,0.0752759502096579,0.2215632830109608,2,0.6666666666666666,8.132544822208987e-06,1
3,7,8,11,2,0.5108212777494473,0.17269904456316992,0,0.0,5.704277953588211e-06,1
0,18,5,10,1,0.8386489987137576,0.374926473531634,1,0.1,1.4143970654666857e-05,0
0,12,13,3,1,0.30509192193361623,0.1562474190235,0,0.0,2.6234797412131965e-07,0
1,16,2,9,1,0.42761023141018917,0.3019054991949488,3,0.3333333333333333,3.1836303349119674e-06,1
0,10,11,10,4,0.576532566352992,0.8315200522824986,0,0.0,9.202244619545654e-06,0
0,15,24,9,5,0.3021456572206926,0.18527767418938107,0,0.0,1.3383167647922892e-05,0
0,7,13,2,1,0.44212605665615906,0.5525313810727996,6,3.0,7.621172366153397e-06,1
1,13,21,11,0,0.39070757354806596,0.3086222635861116,1,0.09090909090909091,4.338537188856634e-06,0
1,19,3,10,2,0.45384002018173564,0.35918980125089706,1,0.1,4.548303689665692e-06,0
1,10,21,9,5,0.42416183570689,0.26256521958380385,1,0.1111111111111111,1.539984089251788e-05,1
2,7,16,11,5,1.217787268920239,0.9962281363062276,2,0.18181818181818182,2.6373761957918313e-05,1
0,6,15,11,3,0.1931189082032877,0.48254797164133933,1,0.09090909090909091,8.713382498550307e-06,0
1,7,4,5,5,0.6571978167586995,0.6534041875430351,2,0.4,8.942108577286271e-06,1
0,8,4,11,1,0.5480918184229654,0.15871347467980731,0,0.0,1.1611551407015596e-05,0
1,14,15,6,0,0.6093194807946739,0.5555289273230243,0,0.0,2.5576478113535054e-05,0
1,2,20,7,0,0.15141728284366138,0.4083632629571277,1,0.14285714285714285,8.958569355520197e-06,0
3,6,13,10,4,0.10744275688068346,0.8499273299832822,2,0.2,1.4513482465226697e-05,1
0,16,5,11,1,0.04360199702236119,0.16620618078322613,2,0.18181818181818182,6.289028209815912e-06,0
0,6,18,6,3,0.24828953433080503,0.21138421495337678,0,0.0,2.5882455226053975e-06,0
0,7,13,9,5,0.11587042030914606,0.12795471786297544,3,0.3333333333333333,8.126951916569578e-06,1
0,17,20,4,5,0.22602117418202403,0.4273705218696155,0,0.0,8.721714841941344e-06,0
1,12,3,9,0,0.5273139536788414,0.4493800914984132,0,0.0,1.1620665873465196e-05,0
0,2,21,8,1,0.22359864776906577,0.22844932410917557,2,0.25,2.4632872636541867e-06,0
1,13,10,4,0,0.1789575075162723,0.4318694111837315,3,0.75,5.00421918955913e-06,0
3,13,7,8,3,0.5377679982194856,0.49724268728706744,2,0.25,1.3568867267984842e-05,1
1,12,10,9,4,0.22073518210344523,0.6984820201841897,2,0.2222222222222222,1.239198188451975e-05,1
3,1,5,7,1,0.22380353156357338,0.3943261197423288,0,0.0,6.125615904543396e-06,0
1,19,11,8,0,0.21492197623304582,0.30765488546792397,0,0.0,8.814646076528943e-06,0
2,13,21,7,3,0.2252363791840289,0.48638244668882147,3,0.42857142857142855,9.304088605803322e-06,1
0,4,7,10,5,0.14115038357193685,0.23156194115490752,0,0.0,6.895885585448084e-06,0
2,4,17,7,5,0.16406935640481257,0.16059870635908058,1,0.14285714285714285,4.037095299515077e-06,1
0,15,4,5,1,0.1870179686017152,0.3700873101166441,0,0.0,8.632002287709364e-06,0
2,14,13,11,3,0.31975654727970515,0.09192025326935134,1,0.09090909090909091,5.453980606057741e-06,1
0,8,13,11,3,0.45654538353611707,0.3118123496809092,0,0.0,2.042715025328865e-05,0
0,18,20,8,5,0.13514375793025016,0.12075348439087792,3,0.375,1.4197062787995899e-05,1
1,5,23,4,2,0.14367511581784184,0.3149446829166859,3,0.75,9.782055897991742e-07,1
1,3,14,8,0,0.08378150393082542,0.2844097930865262,1,0.125,3.323404928809241e-06,0
2,2,7,7,4,0.4217563101885311,0.17997785165750366,2,0.2857142857142857,1.4803300805511419e-05,1
1,1,8,7,3,0.27759478849933183,0.37485072526763075,0,0.0,2.1877412756442947e-05,0
1,5,18,7,1,0.09231426836351908,0.48719316385033523,0,0.0,1.6981498619270536e-05,0
0,17,15,11,2,0.4610461364568948,0.7198900374040753,1,0.09090909090909091,5.984100810554576e-07,0
2,5,7,3,4,0.41229870329989715,0.24235394220031745,0,0.0,6.2810486277589745e-06,1
1,17,17,9,2,0.6371912212085364,0.377151295474394,0,0.0,4.7383139309175016e-07,0
0,6,10,10,3,0.29650077186718066,0.37437954673414325,1,0.1,9.30568542754047e-06,0
0,4,3,10,4,0.21250427485641674,0.3197736468894323,2,0.2,1.5165592384926309e-05,1
0,16,2,3,5,0.31231431434954493,0.5579441396142093,0,0.0,1.568700397208275e-05,0
0,1,9,5,0,0.25565280592443046,0.34060333059101944,1,0.2,1.5365979982189896e-05,0
3,1,8,4,2,0.25536788628110346,0.15987691429907908,0,0.0,8.955392195192443e-06,1
3,16,19,9,0,0.4775295230663939,0.4529246067123024,2,0.2222222222222222,2.226137624393043e-05,1
2,17,2,8,3,0.3854618166282495,0.1473188389470952,1,0.125,1.4001794578217222e-05,1
0,4,16,8,2,0.5539851589428599,0.876922633401738,4,0.5,1.5882722875293422e-05,1
1,4,17,4,2,0.049492914773303226,0.6950026748324758,0,0.0,1.1411396331133215e-05,0
0,12,4,7,1,0.44585417342224215,0.3847125140201554,0,0.0,5.413051931399174e-06,0
1,9,6,3,2,0.28543056538386447,0.15631227422129443,0,0.0,2.866752642180212e-06,0
1,8,18,8,4,0.5392195259640885,0.42525753664221344,0,0.0,3.4644364782981143e-06,0
0,2,21,10,4,0.13831875358592932,0.29888774664359385,1,0.1,1.3561677080361228e-06,0
0,12,13,9,1,0.500884286912818,0.28582202496932446,1,0.1111111111111111,1.0747082239107382e-05,0
1,4,5,3,5,0.5423444098772219,0.10145781966098459,1,0.3333333333333333,7.557359458998433e-07,0
1,9,18,2,5,0.2058630152766284,0.4566897596001721,1,0.5,9.635655043230078e-06,1
0,5,23,8,3,0.2500357417304033,0.2944167765454807,0,0.0,4.5099452018006695e-06,0
1,18,17,2,1,0.2064254080355137,0.3065753195034654,0,0.0,1.8036906722114307e-06,0
0,4,5,10,3,0.4816688652866831,0.6563731571851337,1,0.1,1.818394414172341e-05,0
0,4,10,9,2,0.8363898708224365,1.1445640964443076,0,0.0,2.663444858857054e-05,0
0,5,2,11,3,0.3375936920243612,0.24288363688107947,1,0.09090909090909091,8.736518776131083e-06,0
0,11,14,5,2,0.14307077488680803,0.2724575644286501,0,0.0,8.26156672367536e-06,0
1,14,19,3,0,0.4627500611137366,0.6611952811826514,0,0.0,8.34952957535438e-06,0
1,3,16,10,1,0.26968891333660766,0.25949674877314116,2,0.2,3.19602423328088e-06,0
2,13,12,7,5,0.08749526057226716,0.5164202308851101,1,0.14285714285714285,3.58081802467495e-06,1
2,8,20,6,1,0.23372892125722997,0.49866812918000053,2,0.3333333333333333,6.041429776142869e-06,0
0,6,21,3,4,0.3301268076803484,0.11619198843141702,2,0.6666666666666666,3.7425004080298104e-06,0
0,8,21,3,0,0.02771331823084387,0.04330462934214428,0,0.0,1.0754543693990927e-05,0
0,15,21,11,4,0.658676818825713,0.3539830629417441,4,0.36363636363636365,2.225002017209808e-06,1
1,3,13,8,1,0.23303692123206532,0.250267283958808,1,0.125,9.612632206241768e-06,0
1,9,23,3,5,0.4589566872039347,0.4508826436485591,2,0.6666666666666666,1.6980278997950167e-05,1
0,5,21,6,0,0.30110825186719503,0.24387176233651056,3,0.5,5.86678903132246e-06,0
0,11,10,3,0,0.36221524141681133,0.4634980194819641,0,0.0,2.48058799970177e-05,0
2,1,9,10,5,0.28719857504446483,0.26331506855051606,2,0.2,1.671600339554922e-05,1
0,6,4,4,5,0.18028661564763263,0.38054423895174433,3,0.75,5.260023976095162e-07,1
1,12,8,11,4,0.3295782037808149,0.23121707601809457,1,0.09090909090909091,1.4983306791173917e-05,1
1,14,6,4,3,0.31598931907067374,0.4851682560604443,1,0.25,2.0993063972933783e-05,1
0,11,10,11,2,0.21163144144000057,0.23886199952930387,1,0.09090909090909091,1.3451486339123007e-05,0
0,8,7,11,4,0.39447944487302306,0.5884653248646513,1,0.09090909090909091,7.579765905651704e-06,0
1,6,15,4,1,0.4815903911166043,0.42836989807866976,2,0.5,8.658215984511992e-06,0
0,12,17,9,1,0.028983774514870143,0.34434305574957924,2,0.2222222222222222,5.4879727729077836e-06,0
2,4,8,4,1,0.26947063098595525,0.024098709032653227,1,0.25,1.2049354516326613e-05,1
1,12,8,2,3,0.9263846662890309,0.8140227984784552,0,0.0,1.3441098115200483e-05,0
0,5,21,7,1,0.20890979774617396,0.5366450589733882,4,0.5714285714285714,1.0392907243108125e-05,1
1,13,8,2,4,0.2082034924456914,0.296177347270576,0,0.0,5.164474084773486e-06,0
1,13,4,11,5,0.4226741767874862,0.15958650600652696,0,0.0,1.3105820991417503e-05,1
1,12,3,4,5,0.5304073458248048,0.34755700817612895,0,0.0,6.765165308942415e-06,0
1,19,22,3,1,0.28956393315507917,0.22035217009788127,0,0.0,1.4507738359125755e-05,0
2,17,20,7,2,0.5620792196876402,0.9929035744044448,0,0.0,3.3224762747183806e-05,0
0,7,13,6,1,0.48155517804427544,0.9485593355842937,1,0.16666666666666666,1.0496755207000115e-06,0
0,1,10,4,4,0.3378693386118695,0.5169242916609063,1,0.25,8.90331407730845e-06,0
1,4,12,2,2,0.4006460409000136,0.3363388232785279,0,0.0,1.4915133259290686e-05,0
0,7,24,6,2,0.1841351087821473,0.7477382925550632,0,0.0,6.6860573442371545e-06,0
0,18,11,3,5,0.28740770150566664,0.3635467610101157,1,0.3333333333333333,3.764327966588463e-06,0
0,16,5,9,4,0.26948563862698566,0.16726886934771837,1,0.1111111111111111,5.80761886149833e-06,0
0,12,19,2,2,0.22256591135014858,0.3533242630733705,1,0.5,1.142636189095619e-05,0
0,1,9,8,5,0.8254664981361054,0.7217966173714055,0,0.0,1.2364964655101533e-05,0
1,14,21,3,0,0.6842915717775832,0.702387841916189,3,1.0,1.2401490647117906e-05,1
2,19,23,9,2,0.3742398306786958,0.4082181592713605,1,0.1111111111111111,5.517072964988925e-06,0
0,11,11,5,3,0.5937733605712215,0.392628397423705,0,0.0,2.0143401399127827e-05,0
0,5,13,9,1,0.40895152462691015,0.46451265589735097,1,0.1111111111111111,6.764894497594733e-06,0
0,2,11,8,4,0.18740583862502735,1.0278721472543557,1,0.125,1.2463814987292312e-05,0
2,17,11,5,1,0.5766366888016292,0.3237143035351315,1,0.2,1.5194978601388945e-05,1
0,13,6,4,2,0.5449365533959253,0.2601982990027863,1,0.25,9.693887519211576e-06,0
1,1,24,2,5,0.42512023068630705,0.18420881836241368,2,1.0,2.947151986506198e-07,1
3,19,24,8,0,0.08157910171333477,0.37732379870823074,1,0.125,1.0785134780978022e-05,1
0,15,16,2,3,0.5396549606183196,0.624969802508109,0,0.0,1.6353119243778044e-05,0
2,3,23,8,2,0.4941196332589067,0.42848899196396417,1,0.125,1.358545867948764e-05,1
0,13,8,4,3,0.3611138725582397,0.13972894317542753,0,0.0,6.836451978373219e-06,0
0,6,8,10,1,0.36527845670527453,0.5304885220647595,1,0.1,1.0025452677016377e-05,0
0,3,9,7,1,0.5184800546838079,0.12110338881642436,3,0.42857142857142855,1.032628480177956e-05,0
0,11,6,2,2,0.14944229299398548,0.1332223380566009,0,0.0,2.4991454251955027e-06,0
0,19,8,6,4,0.41185849253121176,0.21720752438907398,2,0.3333333333333333,4.800985081017494e-06,0
0,18,7,9,5,0.2951794008465264,0.6536039107511881,1,0.1111111111111111,9.663512247187458e-06,1
2,5,21,4,4,0.6172908028963534,0.4553500822321729,1,0.25,2.0411171049066713e-06,1
2,17,19,3,2,0.2806680370284467,0.4336285895605487,0,0.0,6.343029143826324e-06,0
0,14,16,3,2,0.39500653252814666,0.7490989093409217,1,0.3333333333333333,7.391683336390163e-06,0
0,6,5,7,0,0.3692703269195413,0.8846809380079135,5,0.7142857142857143,1.1912403958016962e-05,1
0,6,22,2,1,0.06918074588836906,0.27815152627637535,2,1.0,5.809204429502525e-06,0
0,11,13,9,2,0.20995851597569404,0.20618290235323167,2,0.2222222222222222,1.2545093346672707e-05,1
2,14,8,5,1,0.24315653832124706,0.21638864390666399,2,0.4,3.4481995193079324e-06,1
0,9,11,11,4,0.1672845009067579,0.17032931064800597,0,0.0,2.3736369646145193e-06,0
0,9,6,7,1,0.4568215996047282,0.5089923969057745,0,0.0,6.759969395739439e-06,0
1,13,2,7,0,0.5733354612810334,0.4517435690866298,2,0.2857142857142857,1.4074142018141028e-05,0
1,5,23,8,0,0.03675929299444016,0.3385665642324915,2,0.25,6.41005934634278e-06,0
0,15,24,6,4,0.5633653737173671,0.5524092438314854,2,0.3333333333333333,7.070413711593424e-07,0
0,11,5,2,4,0.38886842559857954,0.3758264398665699,2,1.0,4.417688711862334e-06,0
0,2,13,3,3,0.4059076887829791,0.037845047662302456,3,1.0,5.141554624400239e-06,1
0,2,3,5,4,0.076571057084631,0.4933382648356699,3,0.6,1.7963019559950389e-06,1
0,14,24,4,1,0.3629962103321692,0.4816913728208772,0,0.0,1.816252045280693e-06,0
2,9,5,8,4,0.22650273875726318,0.048519274693046295,0,0.0,9.719851826386876e-06,0
1,8,20,2,4,0.3499406307299423,0.33523680180074866,1,0.5,1.1235755699972324e-05,1
1,19,6,11,4,0.4145856219759863,0.17011372209409406,1,0.09090909090909091,4.538986633072543e-06,0
0,6,24,5,0,0.31488580507214636,0.40052629318818556,1,0.2,3.4072176034795843e-06,0
0,7,15,5,2,0.573060180402451,0.44543430156421465,1,0.2,1.59007231635334e-05,0
1,14,17,7,2,0.38937569825300444,0.3172591635052532,1,0.14285714285714285,7.718250051226921e-06,0
1,11,19,11,1,0.02372856118833422,0.224051117134221,2,0.18181818181818182,9.886900495139259e-06,1
0,18,20,7,2,0.11584920551325115,0.3662649741791975,2,0.2857142857142857,7.211230082445337e-06,0
0,14,10,2,0,0.41210263874604575,0.1275776064180664,0,0.0,8.10821069292859e-06,0
2,8,22,5,1,0.40911687083355464,0.5859605465898178,2,0.4,5.746455253898768e-06,1
0,1,9,10,1,0.2843068667124719,0.4599756458568176,2,0.2,2.580009077536083e-07,0
0,8,22,7,2,0.2793914303020006,0.45823003120409816,1,0.14285714285714285,3.003318421881056e-06,0
0,16,13,7,0,0.3040665349047966,0.4136709629404644,3,0.42857142857142855,7.733314936648699e-06,0
0,14,11,3,3,0.3482136460312977,0.07230664529435678,2,0.6666666666666666,1.5742813140796842e-05,1
0,14,15,2,2,0.2952873352015837,0.31864973789946394,3,1.5,5.000843618687469e-06,0
2,18,11,9,4,0.06724366337567596,0.3175179729733102,1,0.1111111111111111,6.831180022104867e-06,1
3,7,6,7,5,0.2569864453340429,0.41913932006446236,1,0.14285714285714285,7.97359524811967e-06,1
0,18,9,6,2,0.33387180591816934,0.407778839271289,1,0.16666666666666666,8.155451516921563e-06,0
0,10,18,5,0,0.5642236228384807,0.35852043850615195,2,0.4,9.948311689154282e-06,0
1,16,18,11,2,0.21203257868656816,0.25036625988469685,4,0.36363636363636365,5.796086234252534e-06,1
2,10,14,7,0,0.4510316914444758,0.37701534711794993,0,0.0,4.3751935625453175e-06,0
2,1,16,10,1,0.3820584917088854,0.17704094895264583,1,0.1,2.6793093598277077e-07,0
2,14,3,6,5,0.26744158817928493,0.3219160519673589,2,0.3333333333333333,1.1499923147143178e-06,1
2,11,10,8,2,0.30200032385420916,0.2930430460210347,3,0.375,7.1949331397863595e-06,1
1,19,19,2,5,0.5001260481347984,0.4244049128015968,3,1.5,1.9026586542150839e-06,1
0,10,13,3,5,0.27258577721833654,0.28617132444626114,2,0.6666666666666666,4.910132162326488e-06,1
0,7,16,2,2,0.21297387061057566,0.19296127267789112,1,0.5,5.145150370965826e-06,0
1,6,4,8,4,0.4380940778343593,0.33167940760667014,4,0.5,4.996535896837273e-06,1
0,2,4,5,1,0.3171248707348916,0.20849814494048477,0,0.0,5.341688297672087e-07,0
1,10,8,10,3,0.3798439961878487,0.3775556440448409,2,0.2,5.361028283687068e-07,0
1,11,4,4,4,0.5829634687241159,0.2099924728675985,1,0.25,1.0979443130442513e-05,1
0,4,11,2,3,0.27606286662339685,0.1882926576290392,0,0.0,2.6542158106306667e-06,0
2,8,21,2,5,0.35891385329928505,0.5225417494290102,3,1.5,6.839761958454484e-06,1
0,15,15,3,1,1.5092317317604487,1.4231600815679126,2,0.6666666666666666,1.2328880767869384e-05,0
1,3,10,3,4,0.15607246972292202,0.2749851135307567,1,0.3333333333333333,4.7384417863056594e-06,0
2,8,21,8,4,0.40176900018723416,0.3225630123295957,2,0.25,5.063950138639685e-06,1
1,16,17,11,2,0.18883814675043575,0.18221140118012144,0,0.0,8.096751662861402e-06,0
0,1,15,7,5,0.2019265767993559,0.5174004305908098,2,0.2857142857142857,1.2356838066955084e-05,1
1,7,18,6,2,0.35230635853118397,0.37984005024557405,0,0.0,8.909632527218846e-06,0
0,6,9,8,2,0.4653884783524152,0.2986314628040503,0,0.0,1.0563080711746123e-05,0
0,5,19,9,3,0.7034940941094608,0.3587885137170857,1,0.1111111111111111,3.464739240637186e-06,0
0,15,17,6,0,0.6246687194061166,0.4131257308818741,1,0.16666666666666666,2.108212949196423e-05,0
1,13,8,4,5,0.2006095778770737,0.23001531906745853,1,0.25,8.256286430573774e-06,1
1,8,2,8,3,0.29082302295651985,0.3864907329098239,1,0.125,5.815665103962533e-06,0
0,17,21,7,4,0.8518386929576192,0.6496637049038,2,0.2857142857142857,5.486929268615635e-06,0
0,9,6,7,5,0.23321480446503073,0.24411275542732613,0,0.0,1.1218315716623174e-05,0
3,12,21,8,4,0.6813751336290745,0.34044581712386857,0,0.0,1.59128228074596e-05,1
1,14,5,8,0,0.3029481534744823,0.404979871429283,2,0.25,2.177974495363734e-06,0
0,15,6,4,0,0.18286600664944794,0.36493034380289247,0,0.0,2.7625091575295966e-06,0
3,6,14,11,4,0.5695731147631887,0.43221504163719077,0,0.0,6.078153383206316e-06,1
0,8,10,9,2,0.061754501413372284,0.4052334941650002,0,0.0,1.0998527587606158e-05,0
0,2,12,4,3,0.6429917153316702,0.27052938618241706,0,0.0,1.4573618389887758e-05,0
0,8,14,9,0,0.4214490012948665,0.6412702656802283,1,0.1111111111111111,1.9406100544589107e-05,0
0,15,9,11,3,0.318870784829654,0.395496916914744,1,0.09090909090909091,9.375267378033951e-06,0
2,6,8,5,0,0.25489366490286647,0.06576873905865563,0,0.0,1.18825821284522e-05,0
1,14,2,8,4,0.27908292889283703,0.4931461155673355,2,0.25,3.6970149273355982e-06,1
1,15,3,5,4,0.5819012581066693,0.47987556953923066,3,0.6,5.841196652451475e-06,1
0,19,23,9,0,0.20530816213691155,0.305092943890926,1,0.1111111111111111,6.149236339572853e-06,0
0,11,5,11,1,0.2883169435234536,0.17793662091204762,1,0.09090909090909091,3.873471972114296e-06,0
2,6,14,8,2,0.1915321366778692,0.49839263671124545,0,0.0,6.560868582583457e-06,0
1,8,5,6,3,0.14400171593603045,0.26365185822160897,2,0.3333333333333333,6.768457146658173e-06,1
0,6,5,7,3,0.5910625478892787,0.3410917237869684,0,0.0,1.7330738567787093e-05,0
0,10,13,8,4,0.12205891415976176,0.6635276709302046,0,0.0,1.2447042460555357e-05,0
1,19,3,9,2,0.22119712321951815,0.273458316904004,3,0.3333333333333333,1.019283391720805e-05,1
0,3,19,3,3,0.367696503910792,0.2502552522999036,0,0.0,1.02503873451298e-05,0
0,8,18,9,2,0.2801257582405929,0.5249448287815631,2,0.2222222222222222,3.3102912673770225e-06,0
1,11,8,11,4,0.17923459625470886,0.4118896891122837,2,0.18181818181818182,3.521861052183636e-07,1
1,3,23,6,1,0.41008879573378104,0.3709267492270102,0,0.0,6.6314326914585504e-06,0
2,8,23,3,5,0.29549811242933055,0.15593498718422244,0,0.0,5.761388548145392e-07,0
2,19,5,3,4,0.35221545401512644,0.1389379744441395,0,0.0,4.711523326972363e-06,0
0,11,21,7,0,0.8845948243719596,0.682775891228077,0,0.0,2.1619552444083193e-05,0
1,9,6,10,0,0.12807448521530557,0.34272624771504845,1,0.1,4.556084132415391e-06,0
0,19,22,11,4,0.7591369728397995,0.768914748577034,2,0.18181818181818182,2.5309014381574898e-05,1
2,8,2,2,2,0.25285372172293596,0.4149471625762567,0,0.0,4.36138328028495e-06,0
3,17,12,2,4,0.13661524468538716,0.1904773868232291,3,1.5,8.985876086737152e-07,1
2,9,16,7,1,0.05547401974466799,0.2523977929416435,1,0.14285714285714285,1.3706414441793472e-05,1
1,15,6,7,2,0.6205972410588457,0.31912716009651587,0,0.0,4.546517955819229e-06,0
0,15,11,6,2,0.3693902581791479,0.327027440868551,1,0.16666666666666666,9.155060937786705e-06,0
1,15,11,5,2,0.15813918396702623,0.49729539288960284,1,0.2,8.14740938896747e-06,0
2,7,2,2,5,0.13921952226370393,0.12328629150090495,2,1.0,7.452909433834342e-06,1
0,5,2,7,4,0.39254074809790657,0.1735782904530552,0,0.0,3.4003104225269377e-06,0
2,11,3,5,1,0.3882319782095782,0.53322163482336,1,0.2,1.9660280286153209e-07,0
1,13,23,9,1,0.20089943061135723,0.25032706936508153,0,0.0,6.621349461308557e-06,0
0,11,24,5,5,0.03493271267026421,0.3445191661906271,2,0.4,3.3281654818871414e-06,1
2,5,16,10,0,0.39907872937431094,0.035749540688415696,0,0.0,1.6532512933095646e-05,0
1,1,14,9,3,0.27541381411109356,0.48631698883465174,3,0.3333333333333333,1.2284964486076762e-05,1
0,15,17,9,4,0.5802927984738404,0.402552950947267,3,0.3333333333333333,8.606476488593204e-06,1
1,1,17,5,2,0.21573439714303888,0.3378795000652514,0,0.0,2.0029934050272597e-05,0
1,7,18,2,3,0.2699812217629208,0.3781675800735554,3,1.5,1.3371890269109229e-05,1
1,10,13,5,2,0.30183829422185254,0.3222181210686793,1,0.2,2.27807988947255e-06,0
0,12,20,3,3,0.24750571921532102,0.4159437377227769,1,0.3333333333333333,6.666429695016802e-06,0
2,11,9,6,0,0.3788482486676264,0.3557548176446308,0,0.0,5.687096649848601e-06,0
2,15,8,5,2,0.059974382147069454,0.3555275652895067,0,0.0,4.655430543466667e-06,0
2,17,3,11,2,0.4767990847992151,0.3039227581232819,1,0.09090909090909091,5.807504062912393e-06,0
0,17,7,5,3,0.34457310671852776,0.16935579400843134,0,0.0,5.565651235949326e-06,0
1,3,23,11,0,0.054688672888139576,0.30749393469579095,0,0.0,1.5946622674919116e-05,0
2,3,4,11,0,0.44115920376324214,0.30015909368825616,2,0.18181818181818182,7.502621962938266e-06,1
0,17,24,3,1,0.3084048532790634,0.37363231863304414,2,0.6666666666666666,5.597356405926177e-06,0
4,17,11,3,0,0.48262759282921963,0.4886336059824318,0,0.0,8.210452526634447e-06,1
1,5,5,5,3,0.436305724983603,0.2444819933104092,1,0.2,3.829090255905172e-06,0
0,17,18,11,4,0.15351483782628145,0.24430195824115777,1,0.09090909090909091,5.096884384782073e-06,0
1,15,18,5,3,0.11506405086393343,0.6986807287639897,0,0.0,1.7197195568967547e-05,0
1,3,24,5,3,1.4599810182356554,0.22230676049333425,1,0.2,1.9678943919251508e-05,0
0,12,8,9,5,0.5702790415902714,0.49977190548200123,0,0.0,6.672203187880391e-06,0
3,10,21,11,3,0.5554260761989682,0.40082460763870603,0,0.0,8.055583978785635e-06,1
2,18,19,2,3,0.2415617255530661,0.1941405642703381,2,1.0,2.5035177028434973e-06,1
0,13,6,2,5,0.45096726763456585,0.2043470771176967,1,0.5,1.1854448171924225e-05,1
1,14,11,7,2,0.25583527620002783,0.3874480841710099,4,0.5714285714285714,6.796864453363077e-06,1
0,4,2,4,2,0.9942041498932443,0.5378706170599332,0,0.0,2.6019054013767108e-05,0
1,16,21,7,1,0.39101413300232846,0.47659160322853966,0,0.0,7.568734617696592e-06,0
1,19,19,9,0,0.1390096486852963,0.46168463392299597,1,0.1111111111111111,1.397973250579865e-06,0
2,18,23,6,3,0.6679959001722373,0.46423686173552914,0,0.0,5.529097726846077e-06,0
0,10,3,3,0,0.23435645436971028,0.4469333183073988,2,0.6666666666666666,1.2132102197734916e-05,0
0,11,21,3,1,0.16005654683351125,0.33993622799671885,0,0.0,1.0562402788912053e-05,0
0,13,24,8,1,0.4069281115078595,0.5239025788140895,0,0.0,1.1627866505653788e-05,0
1,8,14,11,0,0.3418720472638667,0.4155975950860762,1,0.09090909090909091,8.016061158268231e-06,0
1,8,16,9,5,0.12612351230286523,0.10817646653226948,1,0.1111111111111111,5.325307781677006e-06,1
0,6,5,7,1,0.29521889656464134,0.5941825111959957,1,0.14285714285714285,3.771681180962027e-07,0
1,14,9,2,5,0.2528571237365717,0.3657943255480937,2,1.0,8.815223930582934e-07,1
1,19,24,9,3,0.336265650519669,0.3163941297664623,2,0.2222222222222222,7.5550468230223996e-06,1
0,11,14,4,0,0.5174533624658408,0.4989530991715043,2,0.5,7.890963985497535e-06,0
0,17,8,5,3,0.08654474792277927,0.10222613567575256,2,0.4,2.196003525927319e-07,0
0,1,14,6,3,0.1599205479706785,0.23496161232308937,4,0.6666666666666666,9.913575790743523e-06,1
0,2,12,2,1,0.8987052644534331,0.5749772004497709,1,0.5,1.4648584645540713e-05,0
0,10,17,8,1,0.03994756865807638,0.35452694136537943,1,0.125,5.113855049990552e-06,0
1,13,5,9,5,0.25387105958098827,0.026862963420686167,1,0.1111111111111111,3.850370473786949e-06,1
1,18,16,3,0,0.2742230488012063,0.23323387016892602,0,0.0,1.3561388257140166e-05,0
3,13,19,11,0,0.11326719748868078,0.11586392186719109,0,0.0,4.6612769507188576e-06,0
0,13,17,5,4,0.22313033298697477,0.3970653504877852,1,0.2,8.888174422400799e-06,0
0,19,5,8,4,0.3381556316381898,0.3571899867241516,1,0.125,1.3496326860009371e-05,0
1,10,21,8,2,0.3034816725732621,0.4996778991929879,1,0.125,3.594788236132882e-07,0
1,15,3,7,4,0.38617381546248747,0.3223537022331507,1,0.14285714285714285,1.621854086241545e-05,1
0,15,17,8,0,0.13557986591089083,0.25051183360810036,0,0.0,2.6981642369970116e-07,0
1,15,12,9,2,0.29963307359428576,0.02549755542206012,3,0.3333333333333333,4.1754794136520805e-06,1
0,6,8,6,0,0.3369021351554621,0.2619974862465137,1,0.16666666666666666,8.018345890337604e-06,0
0,8,22,4,5,0.3304241559282379,0.46754902415428523,1,0.25,1.582979579416819e-05,1
0,15,18,8,0,0.28295439722487004,0.3870134378257765,1,0.125,8.745742267332026e-06,0
1,10,16,6,4,0.23228576759425126,0.2436541834521103,4,0.6666666666666666,4.443143494107923e-06,1
1,19,15,4,3,0.4877969219601547,0.6109842592840785,3,0.75,6.172614190866608e-06,1
2,9,18,2,2,0.35469861654439155,0.3662991809443761,0,0.0,2.811999922902239e-06,0
0,5,5,6,1,0.14582078597945947,0.5177647825221261,0,0.0,7.572719381223728e-06,0
0,19,22,3,0,0.7415558907823074,0.6904907177901485,1,0.3333333333333333,6.138593710254792e-06,0
0,1,9,4,4,0.19350903735332,0.4513517182605739,2,0.5,7.244132892186304e-06,0
1,10,3,9,0,0.801375961333428,1.2777900433474885,2,0.2222222222222222,1.2382422132495078e-05,0
0,2,2,9,1,0.18270696951707058,0.4026214629809987,0,0.0,4.733725953084036e-06,0
0,3,23,2,4,0.07925750440449367,0.3082600639950459,1,0.5,6.990849241089659e-06,0
0,3,15,9,1,0.7385912833739823,0.044760329568548175,1,0.1111111111111111,7.417649741353918e-06,0
0,17,19,10,1,0.34457945347525243,0.3026543158646515,0,0.0,8.292173091229124e-06,0
0,4,9,11,0,0.6696904091883313,0.5276638034728928,2,0.18181818181818182,3.177088243329209e-06,0
1,9,24,8,4,0.4565348615018793,0.10202363305892832,0,0.0,3.851413791480668e-06,0
2,13,9,3,3,0.24537729119920035,0.2804251281360332,1,0.3333333333333333,1.1438949713570696e-05,1
2,8,8,3,2,0.36830585224743073,0.7615336681456845,2,0.6666666666666666,1.1486387925298588e-05,1
1,16,11,6,2,0.3243758364039517,0.47016110905095865,4,0.6666666666666666,2.607602046125367e-06,1
2,13,24,7,3,0.3507033421859269,0.100286689068613,1,0.14285714285714285,7.109411496026486e-06,1
2,10,13,4,1,0.348407169832643,0.049436185775084934,0,0.0,8.818011275687445e-06,0
0,18,3,7,1,0.4149053086248172,0.3390189368342718,0,0.0,1.672715892875711e-05,0
1,16,20,11,2,0.40676623862010924,0.2661777062683794,0,0.0,4.345547763454852e-06,0
1,6,8,5,1,0.468468688695613,0.030632744162033466,0,0.0,1.1881653849994923e-05,0
0,12,3,9,4,0.18193121560955292,0.16776507010051855,0,0.0,5.115137039279521e-06,0
0,10,19,8,4,0.328569462187618,0.18161111931371954,0,0.0,4.719114976453257e-07,0
1,3,10,2,5,0.330504550633041,0.3207975935219437,0,0.0,8.877587874494894e-06,0
0,11,12,10,4,0.028514495851167963,0.18043122215702542,0,0.0,4.2997262557043915e-06,0
1,4,12,6,1,0.36135006905617645,0.31185267324505234,2,0.3333333333333333,7.4267016144516826e-06,0
1,17,16,3,2,0.35078783770650585,0.570685793352363,0,0.0,1.7338296591803433e-05,0
1,9,4,9,4,0.547403978917141,0.7741724267725116,2,0.2222222222222222,6.24840005284344e-07,1
1,10,12,9,0,0.44976751275574295,0.7287562801073586,0,0.0,1.071666974145469e-05,0
0,9,4,2,5,0.40562450029762775,0.31949187501915605,0,0.0,9.096872468859475e-06,0
0,6,16,3,3,0.3116930142664823,0.38266755745067643,1,0.3333333333333333,1.3364270904181235e-05,0
3,15,22,5,0,0.11130643176899611,0.2556630761156133,0,0.0,2.610632781115787e-06,0
0,12,16,7,1,0.4536506150480419,0.41453536230441146,1,0.14285714285714285,3.3883993473273485e-06,0
1,3,6,8,4,0.11491638745863487,0.27590356326324267,0,0.0,8.456909044836459e-06,0
0,19,23,3,2,0.46532440294086913,0.7602543469569194,3,1.0,1.051733686447428e-05,1
0,15,23,4,0,0.41056684986785125,0.5219837411355204,1,0.25,1.535983312227243e-05,0
2,1,21,9,1,0.4430708625182821,0.4364199896611142,2,0.2222222222222222,1.5519062541054697e-05,1
1,14,7,4,4,0.48825176547336196,0.25927509648500857,1,0.25,1.4402753224490957e-05,1
5,11,16,7,1,0.13973553498503066,0.05897502055088008,2,0.2857142857142857,4.589851847337259e-06,1
0,5,12,7,3,0.3513496785990574,0.3730983057758404,4,0.5714285714285714,8.880692591818413e-06,1
1,9,12,3,5,0.20208702885341345,0.18586201628772886,2,0.6666666666666666,5.477438977558262e-06,1
1,3,20,11,0,0.24275824736644847,0.4262700407847072,0,0.0,6.148625067520922e-06,0
1,12,17,5,2,0.23044675546024632,0.23576332149690185,1,0.2,3.65960041760411e-06,0
0,7,24,2,0,0.18180342390563292,0.7277776389281613,0,0.0,8.32078764491905e-06,0
0,18,15,4,3,0.38530030746551097,0.3338376350013413,0,0.0,2.8633792185058576e-07,0
2,4,19,9,2,0.35529848892931,0.39520662294237363,2,0.2222222222222222,1.296127527420224e-05,1
1,18,21,11,5,0.5210193733444954,0.27402599949911605,2,0.18181818181818182,3.0563020469543417e-06,1
1,16,2,10,5,0.09946143590829486,0.29034996220198583,0,0.0,4.021754037056901e-06,0
0,2,11,7,4,0.2363337714779992,0.22884572000999018,1,0.14285714285714285,7.967260650203425e-06,0
1,13,5,6,3,0.14452124584419013,0.38541777312948367,0,0.0,2.574541854999635e-06,0
0,12,14,2,2,0.2652446879226259,0.28641631382555954,0,0.0,1.658166116736223e-05,0
0,3,24,6,2,0.46728145606120436,0.4113759782970203,1,0.16666666666666666,1.0549928095230813e-05,0
1,19,6,10,3,0.09974812918443984,0.36570262907430756,2,0.2,1.304102420598987e-05,1
2,5,18,3,0,0.2589322796908176,0.3424804035165984,1,0.3333333333333333,4.686052612301008e-06,0
1,4,22,11,4,0.23705624180629062,0.19451662840904438,2,0.18181818181818182,6.749260499219829e-06,1
0,19,12,11,5,0.4367497653897484,0.6219244187184746,1,0.09090909090909091,3.562959851987426e-06,0
2,6,15,8,0,0.2617715047005189,0.3454604996729052,0,0.0,7.444810277710942e-06,0
1,8,2,6,4,0.2655083047730932,0.20557990798285872,3,0.5,3.954748630428399e-06,1
1,6,17,11,3,0.3956745070845755,0.13097363238606732,2,0.18181818181818182,7.414795766729659e-06,1
0,17,6,7,2,0.7242569786405544,0.5169535576657823,1,0.14285714285714285,8.006528061969713e-06,0
1,7,7,10,3,0.18978318554526033,0.5375459341135124,1,0.1,7.179958785927831e-06,0
2,2,13,6,4,0.21228314968126538,0.2678853028713059,0,0.0,2.37493882616332e-06,0
0,3,15,7,4,0.5873108080668115,0.32864888366644407,0,0.0,8.554251131539434e-06,0
1,8,17,9,5,0.39737030712488386,0.5920961319768939,3,0.3333333333333333,8.53185880961505e-06,1
0,18,20,11,4,0.5194441742708095,0.2892937429927639,3,0.2727272727272727,5.527311994331306e-06,1
1,4,8,10,1,0.44638500546006776,0.3987800967650502,1,0.1,1.4067361134930485e-05,0
1,4,13,10,0,0.40786784840259827,0.2850245435742333,1,0.1,4.443484201443239e-06,0
0,10,2,5,0,0.19552236148883106,0.2064970063950246,0,0.0,6.276339230859136e-06,0
1,19,16,11,1,0.8013928286747072,0.5902663337912355,1,0.09090909090909091,2.1771781961829376e-05,0
2,1,14,11,2,0.6750030731007163,0.4434560001362782,1,0.09090909090909091,1.1280376756458361e-05,1
3,2,2,11,4,0.26154087472875176,0.07124300115530238,2,0.18181818181818182,8.469835544821455e-06,1
0,16,8,11,0,0.22928946616578938,0.2482590397256972,1,0.09090909090909091,5.744772807422475e-06,0
1,1,7,11,0,0.39744010195879287,0.3570555826768692,0,0.0,9.49046924504366e-06,0
0,10,11,4,1,0.49542068212703605,0.3284191054032042,2,0.5,9.152034031274474e-06,0
0,9,10,11,0,0.25094430846986265,0.22916566682214135,2,0.18181818181818182,7.2118755752199435e-06,0
0,14,7,8,1,0.47259482077519477,0.686558520111859,3,0.375,8.499331581626994e-06,0
0,18,11,4,0,0.25410100046130163,0.4479017177722393,0,0.0,5.965591150908284e-06,0
1,9,10,8,3,0.14785902711524637,0.320359782073191,3,0.375,9.610859966255719e-06,1
0,2,13,5,2,0.04620047272468856,0.5184454747846895,1,0.2,6.325561904458509e-06,0
0,4,22,4,5,0.17724818151830685,0.025688960187702312,2,0.5,1.0355659799448492e-05,1
1,19,19,9,0,0.40943371948151136,0.2509365844781724,3,0.3333333333333333,2.677294538071994e-06,0
0,15,10,10,0,0.32855200751344027,0.12477321411390693,0,0.0,1.5316372081016734e-05,0
0,7,11,5,4,0.3389043559353543,0.2209493869323875,2,0.4,1.2276618393520431e-05,1
0,4,2,9,0,0.35745135992823285,0.14187625753495137,0,0.0,6.036702036772555e-06,0
0,14,13,9,3,0.5519758852494774,0.3251214028639444,0,0.0,4.434339703487957e-06,0
1,4,3,3,1,0.16770596685163736,0.4736266745347496,2,0.6666666666666666,5.032250653537467e-06,0
0,3,17,10,0,0.28610987800381044,0.5072007306370135,2,0.2,7.2871740984750035e-06,0
1,16,5,4,0,0.36741151883753537,0.4044780731350977,2,0.5,6.2827906984885366e-06,0
1,18,24,2,4,0.3858745568421308,0.1864236446903662,2,1.0,4.6578481162607965e-06,1
0,18,19,9,0,0.6712462444090419,0.15655938873118722,1,0.1111111111111111,9.431758401720036e-06,0
1,14,2,10,3,0.6894116239293298,0.11339800361568965,0,0.0,1.4604820658856995e-05,0
3,2,23,10,1,0.31567607945921433,0.45466305192778234,0,0.0,5.325008889297918e-06,0
0,7,11,7,2,1.084485598970591,0.5058149398606429,0,0.0,2.879710560709068e-05,0
1,3,13,10,3,0.18367536487803154,0.09077763320356907,1,0.1,3.4849989722135914e-06,0
2,18,17,11,4,0.22693981077453454,0.25036498041818644,1,0.09090909090909091,3.9283435782862536e-06,1
0,12,24,9,2,0.581215842835847,0.2856244571473601,1,0.1111111111111111,8.163618638918257e-06,0
1,16,14,8,0,0.28946642368532444,0.461107256702481,3,0.375,9.046789583512667e-06,1
1,16,14,4,3,0.324824119470535,0.3578840935196447,3,0.75,8.17048697529964e-06,1
0,18,23,11,5,0.34866983879671987,0.4227357876871101,0,0.0,9.009723156899254e-06,0
2,19,4,4,4,0.17075523672269674,0.3948119243551602,1,0.25,5.26403320393883e-06,1
1,19,12,8,3,0.2073006421131437,0.660572077247536,0,0.0,1.5080869665792694e-05,0
3,2,19,8,0,0.21820501273065335,0.09337509276298143,2,0.25,2.255942532795292e-06,1
2,17,16,7,1,0.23162033110670152,0.50033350298688,1,0.14285714285714285,4.0538293839300934e-06,0
2,15,11,7,4,0.36396464934103157,0.6150593598436956,1,0.14285714285714285,7.827408744630978e-06,1
0,6,11,9,1,0.2405317089269399,0.5066385217174582,0,0.0,4.731402448965984e-06,0
2,3,8,7,4,0.2512591439511295,0.39484807695209984,0,0.0,5.593841165783418e-06,1
2,2,18,3,5,0.28023414686031084,0.2922804676523086,0,0.0,1.1524060134050583e-05,1
1,17,8,7,1,0.22710014289130387,0.2932710290894988,2,0.2857142857142857,8.060264479184715e-06,0
1,9,6,6,1,0.29903390577298333,0.2711521733032583,1,0.16666666666666666,1.0129031332480592e-05,0
1,19,10,2,3,0.5175282306351239,0.3460710043528693,0,0.0,1.5142799017533874e-05,0
2,17,7,8,5,0.4512133396678085,0.4245523396752065,0,0.0,1.9354717997260913e-06,0
0,14,22,4,4,0.09934688304804372,0.38531694723334026,1,0.25,3.467711402737568e-06,0
3,10,13,6,4,0.35851053234571306,0.3653288934781222,0,0.0,4.0361782866260435e-06,1
2,12,9,10,2,0.41820934732859333,0.4061484560900829,0,0.0,3.0714953578879922e-06,0
0,2,5,10,2,0.907464664498611,0.3436136677555992,3,0.3,9.924579464047187e-06,1
1,1,19,6,5,0.4996119666300643,0.5276314158154009,1,0.16666666666666666,2.135052808605293e-05,1
0,15,2,5,0,0.42945060653649547,0.031104087716145545,1,0.2,7.502395260437316e-06,0
0,11,4,8,4,0.20834081405907307,0.5332413425922803,0,0.0,9.500216352519271e-06,0
1,3,13,6,1,0.7635711411617159,0.2015752578771599,2,0.3333333333333333,4.118721167587539e-06,0
0,6,8,10,4,0.2092644593973029,0.3775349435530541,1,0.1,1.3184477980188745e-05,0
1,9,20,8,2,0.240220150236219,0.1778920891232438,0,0.0,9.347140206802616e-06,0
0,12,20,7,5,0.2139610577820893,0.24229988513624084,0,0.0,6.754303186092504e-06,0
1,14,2,8,4,0.5224530951674462,0.24150706710765507,2,0.25,1.0748877388064096e-05,1
1,13,15,2,0,0.4151739429903439,0.4968784289127989,2,1.0,9.407356061113148e-06,0
1,18,7,9,5,0.3113712313622225,0.38714004115889633,2,0.2222222222222222,1.4515442078597115e-05,1
2,6,20,3,1,0.1134648516887859,0.49509684134342447,1,0.3333333333333333,4.485257592927598e-06,0
1,16,2,10,4,0.3321251607258137,0.13542775890730296,1,0.1,4.019472941847453e-06,0
0,13,23,8,5,0.6288880308204341,0.30966304746727763,2,0.25,9.35246431694873e-06,1
0,10,3,4,1,0.546158101200405,0.134392205423457,2,0.5,2.639820095537436e-07,0
2,5,13,8,5,0.5644334203359728,0.8648142614640987,1,0.125,1.3022721567964899e-05,1
0,9,23,11,1,0.23465582996973414,0.7271216540227928,1,0.09090909090909091,7.906102286674832e-06,0
0,10,9,4,5,0.3238274691050513,0.36416583795983026,0,0.0,6.046017754557782e-06,0
0,18,2,9,3,0.26481669141631925,0.19072947970621962,0,0.0,6.087857379948207e-06,0
0,3,5,4,4,0.3761060759862847,0.3212567995820268,1,0.25,4.196066486975929e-06,0
1,9,5,7,0,0.3366146771583386,0.3776130157898268,1,0.14285714285714285,1.3395946289061136e-05,0
0,16,5,5,1,0.49601920816716993,0.5278526970032394,3,0.6,5.664779721540819e-06,0
0,4,10,3,1,0.47946253172785547,0.5566911349358031,2,0.6666666666666666,1.3458534026682454e-05,0
2,14,19,9,2,0.6026693585579626,0.7973501084358734,0,0.0,3.712254689046583e-06,0
2,12,18,8,1,0.3138463945121381,0.5676360352091537,0,0.0,1.0951532381540881e-05,0
0,16,14,5,0,0.30303924273119764,0.32943050014765557,2,0.4,1.3189414322564891e-05,0
1,7,2,4,1,0.26224757243997443,0.26440981195336083,1,0.25,9.80072676844003e-06,0
0,1,2,5,0,0.10926696261238165,0.2982827425866117,5,1.0,4.464790167714272e-06,1
0,16,22,3,1,0.21959961874721687,0.24757387843949216,1,0.3333333333333333,5.77939392898397e-06,0
1,3,12,9,4,0.21749462008945156,0.3668221650697354,0,0.0,9.509215991092821e-06,0
1,10,5,3,0,0.3403947204700028,0.3310355166173326,4,1.3333333333333333,8.866103687340045e-07,1
0,15,13,9,5,0.08123903024747632,0.2730957103901746,0,0.0,1.2254325851699352e-05,0
1,10,21,9,1,0.5780309851719864,0.3729143478364914,0,0.0,1.8307490738564858e-06,0
1,5,18,7,0,0.6882666742954235,0.4631300367587442,0,0.0,2.0819701930095674e-05,0
1,8,3,2,2,0.35673050949610846,0.4484080487884102,2,1.0,6.118992412201308e-06,0
3,14,9,5,4,0.5913538539719919,0.535982180914832,1,0.2,5.252130443900026e-06,1
1,12,13,6,1,0.6691284936139192,0.4234397370086947,0,0.0,2.276537802905827e-05,0
1,8,10,10,0,0.1908568811465489,0.6574554154032034,1,0.1,1.2568758231019641e-05,0
3,17,4,10,0,0.39480921398428326,0.5795271620869601,0,0.0,4.550488522745325e-07,0
0,16,19,3,2,0.3981474291155729,0.17222076117128035,0,0.0,3.986422109124924e-06,0
0,15,7,3,1,0.33038516502071674,0.43866799255104544,2,0.6666666666666666,8.992424547152006e-06,0
0,19,3,2,3,0.21358399358269717,0.1762308577908463,1,0.5,3.4390292000946543e-06,0
1,2,7,6,0,0.11508212940135366,0.18874466831336037,2,0.3333333333333333,7.875688817938696e-06,0
0,19,19,10,1,0.1966721352981271,1.1062878848001572,0,0.0,4.676951159456942e-05,0
1,17,16,10,4,0.5115960646307997,1.0632955581868753,3,0.3,1.4840816070850161e-05,1
1,5,21,2,2,0.2664035186389471,0.3553266349759445,0,0.0,8.289785648219829e-06,0
2,12,13,9,3,0.2397041259240531,0.4381537783563076,1,0.1111111111111111,9.938976876573938e-06,1
0,14,19,3,1,0.3619680393134124,0.6324644245958271,2,0.6666666666666666,1.6871261497328685e-05,0
0,18,6,11,5,0.05570850370193426,0.4387303966215993,1,0.09090909090909091,7.85612955472786e-06,0
2,19,14,10,2,0.4312918454903059,0.22185843358279458,0,0.0,1.2870069541852871e-05,0
2,13,13,4,2,0.21462729539106826,1.420793561781423,1,0.25,6.681993193866214e-06,0
2,5,7,2,5,0.4682409002282126,0.5197237913359626,1,0.5,1.4005877698460952e-05,1
0,11,5,10,0,0.3752300817907848,0.479947245102334,0,0.0,1.6195868459341804e-05,0
0,14,15,3,2,0.5733506302631215,0.4524440571262393,3,1.0,7.455393822580644e-06,0
1,4,10,9,2,0.2433520538194821,0.36338647440427735,1,0.1111111111111111,1.2569822288710373e-05,0
1,7,4,9,1,0.3141356381338396,0.5448656938935038,3,0.3333333333333333,3.0668766326869397e-06,1
2,3,9,9,2,0.21319644560264434,0.025422203546837913,0,0.0,4.252222464511404e-06,0
0,14,22,5,5,0.42451002473128524,0.3314026840514715,0,0.0,1.8097601298183404e-05,0
0,8,12,9,4,0.42491334702991174,0.4051094531135453,1,0.1111111111111111,3.7731580255992405e-06,0
0,8,23,5,2,0.2505142913673782,0.3025393755334975,0,0.0,5.518216221751966e-06,0
0,9,12,11,4,0.4555647709763947,0.254214148065696,0,0.0,1.8577944768336112e-06,0
1,9,14,3,5,0.2579714566907278,0.16350853136399843,1,0.3333333333333333,1.0813156953902635e-05,1
1,17,15,5,1,0.12124564650383512,0.24132995935662163,2,0.4,6.527896335680985e-06,0
0,3,21,5,3,0.447701175680487,0.2979375418074235,1,0.2,5.3682669012438566e-06,0
1,17,16,10,2,0.895988029402546,0.625372193224793,2,0.2,8.096937064463376e-06,1
0,12,2,8,4,0.31305699812269133,0.2260791763932792,0,0.0,1.085275294916444e-05,0
2,1,10,10,3,0.419873306097514,0.47738238333854616,0,0.0,7.6098183637171135e-06,0
0,7,6,8,1,0.2720300520352231,0.22755741317300515,1,0.125,1.1895482169001144e-05,0
0,1,17,9,1,0.33673134011389355,0.25897074540216564,1,0.1111111111111111,3.851086122957836e-06,0
0,1,23,2,0,0.4226261404422358,0.6109116554558275,1,0.5,9.802174464641395e-06,0
1,14,14,4,5,0.11588952632365467,0.19493951613183386,2,0.5,2.642552158999075e-06,1
1,12,24,7,3,0.5449302267095172,0.2609523028457198,0,0.0,1.0399782040848642e-05,0
2,5,11,3,3,0.24005350723719657,0.3570038739787585,1,0.3333333333333333,4.016095390393707e-06,1
2,16,18,4,2,0.28403013489256745,0.3051758864090386,3,0.75,1.0767392736745655e-05,1
0,10,9,4,4,0.14407122518435042,0.3294734319877552,1,0.25,1.0603255809767446e-05,0
2,13,7,6,2,0.12953933579864949,0.4675146996487404,1,0.16666666666666666,9.600110404233205e-06,1
0,16,24,11,3,0.32855200751344027,0.23818553653733368,2,0.18181818181818182,1.2086080173474438e-05,1
0,7,7,5,2,0.2882573687708404,0.4828880668547904,1,0.2,1.747178426928519e-05,0
1,15,7,10,5,0.16164386163364727,0.03924728563209175,1,0.1,2.311644526949581e-06,0
0,13,22,8,0,0.5404965887005387,0.8232565545722843,0,0.0,2.569223196698046e-05,0
0,17,6,4,1,0.20082395543998346,0.1138213849641133,2,0.5,4.95900023214181e-06,0
0,13,18,2,4,0.24951674940509347,0.5862627887643275,0,0.0,3.4961811929067554e-07,0
2,19,16,4,0,0.4768714721218504,0.47191662240729987,2,0.5,6.449825703824307e-06,0
2,9,10,8,0,0.7856476703541128,0.5666881798833876,0,0.0,2.5386243475638333e-05,0
1,15,12,8,2,0.340557343094014,0.19918180522757412,2,0.25,1.844421363448668e-05,1
2,8,22,6,3,0.1342188153545895,0.3307721905808188,1,0.16666666666666666,1.973718008266071e-06,0
0,2,21,4,3,0.438827596763296,0.32248758506211855,1,0.25,6.37187513358655e-06,0
1,2,8,7,2,0.8537691481138909,0.34205309894854424,2,0.2857142857142857,1.2669181379461726e-05,1
0,6,9,5,4,0.2568491456147673,0.23869006573951054,0,0.0,4.719314562962092e-06,0
0,13,4,2,5,0.2586578603941485,0.5405043253352914,3,1.5,1.3882038176185822e-05,1
1,8,16,7,3,0.1674553127110652,0.3628293394648269,4,0.5714285714285714,6.89869058759247e-06,1
0,18,19,4,0,0.25273485081877284,0.27876299115603476,3,0.75,9.602405692796164e-06,0
1,4,10,11,5,0.5326828588568222,0.37044222174459285,1,0.09090909090909091,1.2589246218324926e-05,1
0,9,8,3,1,1.1488447520915965,1.762502327472819,3,1.0,1.5414353045976221e-06,0
1,11,20,5,4,0.2535036671084381,0.18901707069842424,3,0.6,3.0645888065545153e-06,1
1,7,4,7,2,0.5132722844814155,0.6298316978184968,1,0.14285714285714285,1.0214596198704562e-05,0
1,7,2,4,0,0.5604554379416217,0.700801091300069,0,0.0,5.9854416930405295e-06,0
0,2,20,9,3,0.2724448419251259,0.026095368056374243,3,0.3333333333333333,2.764916528543811e-06,1
0,11,6,8,5,0.38133503130603,0.06197145381230376,2,0.25,4.2980201646584115e-06,1
0,3,3,3,4,0.24461617226388285,0.3820651568055941,0,0.0,2.249621159717477e-05,0
0,6,16,6,0,0.3728224874578791,0.38821217972073674,2,0.3333333333333333,1.3223923544859575e-05,0
1,18,19,7,0,0.23711500398541596,0.36852294151748755,3,0.42857142857142855,7.402365691392767e-06,1
2,1,6,3,5,0.29864290158696305,0.5366957694192013,1,0.3333333333333333,5.427603281054128e-06,1
1,11,14,4,1,0.24972530079791355,0.5374062416671226,0,0.0,1.9240810667901936e-05,0
2,13,8,5,2,0.29323960174072594,0.09136715945317947,1,0.2,1.4510227911723977e-05,1
1,10,20,6,1,0.0898959106792418,0.3034490813016449,0,0.0,5.213999153397727e-06,0
2,9,7,7,4,0.21865631502037472,0.26624773047433603,1,0.14285714285714285,7.05742574631923e-06,1
0,2,6,5,2,0.4442758102937826,0.47083222493633586,1,0.2,1.8761761481635054e-05,0
2,7,2,10,2,0.32855200751344027,0.32194999306683814,2,0.2,9.749285921159752e-06,1
0,16,15,7,4,0.21482150576862247,0.1661434515813099,3,0.42857142857142855,3.3360384996311987e-06,1
2,5,8,4,5,0.22783902384392116,0.2561969675873644,0,0.0,6.454001417697093e-06,1
1,11,6,8,3,0.2836202035707904,0.19506856145619716,1,0.125,2.8867941009259123e-06,0
0,2,20,8,5,0.2656907296596129,0.337395156592018,4,0.5,4.372579951563769e-06,1
0,8,16,9,2,0.5095726178945027,0.26923261668983134,3,0.3333333333333333,1.242348977229263e-05,1
2,8,2,8,0,0.26608300199634444,0.4961348691600526,3,0.375,7.5742705121911095e-06,1
1,15,23,4,3,0.8903195496960643,1.0859386722133633,1,0.25,1.908165824811892e-06,0
0,3,8,7,1,0.4352581829197635,0.3493238651711068,2,0.2857142857142857,2.014908054466548e-06,0
0,4,4,7,3,0.8870610126816828,0.6624941694086995,1,0.14285714285714285,1.2089270883924574e-05,0
1,13,2,2,3,0.05648746575912433,0.17108856918135032,2,1.0,4.279367394210139e-06,1
0,3,20,4,3,0.302605111414196,0.21691697853209746,3,0.75,6.412679567133962e-06,1
2,5,23,11,0,0.9362162826243877,2.2520448917745948,1,0.09090909090909091,5e-05,1
1,3,19,10,1,0.09202323645251692,0.32086943666982504,2,0.2,2.0562983748707058e-06,0
0,11,10,9,4,1.2382097093313944,0.07196081778359567,1,0.1111111111111111,1.295850450189778e-06,0
0,7,5,4,0,0.62245612681461,0.21760510021059926,1,0.25,1.2424761144745071e-05,0
1,1,23,11,0,0.3879539619230963,0.612635189162406,0,0.0,8.120510922320575e-06,0
1,7,4,2,3,0.2519845806074833,0.44329395836173796,1,0.5,4.180977621032423e-06,0
0,15,17,3,3,0.7731039165871786,0.31176325418424955,3,1.0,6.002675171226548e-06,1
0,10,3,3,4,0.2359011599402708,0.44274050178148133,0,0.0,1.030908789377915e-05,0
2,18,15,3,1,0.3186630306813914,0.15347776246654318,3,1.0,1.3363876195406434e-05,1
1,16,20,7,0,0.2899213375093304,0.45457939753858145,1,0.14285714285714285,1.5298860827898708e-05,0
0,1,14,2,5,0.3346057167994693,0.27833112032979496,2,1.0,3.554111701884204e-06,1
1,10,23,2,5,0.49404942376157635,0.2911657259942254,1,0.5,2.9678877721646053e-06,0
2,19,22,2,5,0.14775849044650774,0.09892017319070405,2,1.0,8.75287897077283e-06,1
0,11,16,2,1,0.2652540266639436,0.34910891209970435,2,1.0,5.580833068766292e-06,0
2,15,3,2,2,0.29047964563466266,0.2317288751815392,2,1.0,3.541270780029615e-06,1
2,18,2,9,1,0.4085342902709979,0.1385168897066348,1,0.1111111111111111,1.2291758258046898e-05,1
1,15,22,10,0,0.3426281816497888,0.16957266643652552,0,0.0,6.284393224499841e-06,0
0,1,8,10,5,0.32628588415836374,0.3474112740587798,1,0.1,5.810341405672714e-06,0
0,16,15,2,5,0.5301164117916626,0.4574735827713148,0,0.0,7.940042708769284e-06,0
2,3,23,9,1,0.20948032880822115,0.5521754658628493,1,0.1111111111111111,1.4404529334432937e-06,0
2,2,19,11,2,0.2762514131244721,0.3994298082752172,0,0.0,2.903961355734727e-06,0
2,6,16,6,3,0.47453683251246115,0.31947256637051236,2,0.3333333333333333,2.5695771469985958e-06,1
0,12,20,8,2,0.3495486155429129,0.027400364620798385,1,0.125,1.2277335444823478e-05,0
0,8,14,2,4,0.2455871336077291,0.23453901304799346,1,0.5,6.0192400652270166e-06,0
0,15,18,4,3,0.13753377370090036,0.24622038623565157,3,0.75,1.096671104910145e-05,1
0,17,17,7,1,0.42219921225893914,0.39061113049996105,5,0.7142857142857143,1.0545818843979736e-05,1
1,4,11,10,5,0.2952591280685105,0.44086284788229246,0,0.0,5.955835822721514e-06,0
0,8,14,9,5,0.33157668075263025,0.19877193107763352,2,0.2222222222222222,6.562227641552638e-06,1
0,18,18,3,2,0.20390787321434156,0.1759602186602457,2,0.6666666666666666,4.53015033562662e-06,0
1,16,20,4,4,0.37464219763219553,0.435429794436771,0,0.0,5.029966356017807e-07,0
1,19,22,5,4,0.14332566289059495,0.3431286201904025,1,0.2,1.2760504132798817e-05,1
1,12,15,4,1,0.23076845887771805,0.49834230325070744,1,0.25,5.584420308509738e-06,0
1,10,6,3,4,0.6064312866812899,0.3575047803867721,0,0.0,1.4091940254045366e-05,0
4,12,23,5,3,0.33125145996529326,0.023367690297923384,0,0.0,3.5928002523968855e-06,1
0,10,14,4,0,0.5285360628987628,0.9260133962199749,1,0.25,4.983438267011374e-07,0
0,4,15,3,5,0.19121697250686534,0.48782972255219986,2,0.6666666666666666,5.9508949988163965e-06,1
1,11,22,9,0,0.16102362231377762,0.5868982751799159,1,0.1111111111111111,5.103893249649231e-06,0
0,7,10,3,4,0.3024466326968065,0.053632133739892944,2,0.6666666666666666,5.860087534690246e-06,0
0,16,22,5,0,0.2730297468508066,0.30036309393100724,0,0.0,9.778171832886634e-06,0
3,15,18,3,5,0.4518881888221871,0.4961029658972988,0,0.0,8.850133862878249e-06,1
0,6,19,6,2,0.33496268970899634,0.25123325842451744,2,0.3333333333333333,3.203022145905568e-06,0
1,14,17,8,0,0.4601675458640749,0.16512987357159653,2,0.25,8.735941182257429e-06,0
0,17,13,6,3,0.24004540447736236,0.24881518388877638,0,0.0,4.9404997642289335e-06,0
1,10,7,6,4,0.552113137686315,0.4800776437620856,1,0.16666666666666666,1.2234573512811332e-05,1
1,19,9,3,2,0.17954140255697124,0.670466778843838,0,0.0,5.392863143462524e-06,0
2,14,19,8,0,0.4169033655513434,0.603837236345458,2,0.25,5.0855258852723105e-06,0
0,5,7,8,2,0.20807845366223554,0.5075259042571415,1,0.125,3.96960099487828e-06,0
1,1,3,7,3,0.6090722035648259,0.03161990675160947,1,0.14285714285714285,4.692087045722808e-06,0
3,8,5,11,0,0.2393988575602755,0.1810500285315491,0,0.0,3.319273145312646e-06,0
1,13,9,7,1,0.29297080612032494,0.5259787378643207,3,0.42857142857142855,2.4923897408251306e-05,1
0,7,3,7,2,0.14173377830261,0.1945858764363188,1,0.14285714285714285,2.9093828608568235e-06,0
3,7,9,5,4,0.6697973285439124,0.7721020036702454,2,0.4,2.1114252808046475e-05,1
0,5,18,2,1,0.12837698202934397,0.23081856200030032,1,0.5,1.0243434995899153e-05,0
0,3,6,8,3,0.32936107992019664,0.19002474189469032,0,0.0,1.5160312972112648e-05,0
2,19,14,3,5,0.4202893839609407,0.5341145403629796,0,0.0,2.7730837589157823e-06,0
0,3,19,8,5,0.27232770314846805,0.46505849246926423,0,0.0,5.623465482444391e-06,0
1,10,20,10,0,0.5044327410323063,0.5975644730319591,3,0.3,6.068790343541889e-06,0
1,12,5,4,2,0.7250680005499002,0.34273141766517884,2,0.5,1.9235650849568933e-05,1
0,14,11,2,4,0.29794810496461344,0.39578115442423667,1,0.5,4.574603187929561e-06,0
0,3,2,2,5,0.4462385937606821,0.43997090878551925,1,0.5,3.0618342410334955e-07,0
1,17,8,5,4,0.4354032518564794,0.3601299390087189,0,0.0,1.4274292639032951e-05,0
0,11,5,8,4,0.11780415368396756,0.26914868723584146,0,0.0,8.95176009282045e-06,0
0,14,20,8,1,0.3238563112481742,0.3588554743407869,1,0.125,1.0210270307901419e-05,0
2,1,6,5,5,0.926039921476638,0.455135156319715,0,0.0,8.174177371319599e-06,1
1,11,24,5,3,0.25792688588731294,1.008135980629742,0,0.0,7.481462020909852e-06,0
0,13,19,9,2,0.2067025103181159,0.20394036849315797,0,0.0,3.929798907636211e-06,0
0,18,22,7,0,0.24393195463225426,0.721141707495195,2,0.2857142857142857,4.689312498884295e-06,0
1,18,9,4,0,0.7600820446453832,0.8590283774015646,3,0.75,1.3532150319946273e-05,1
1,1,14,7,3,0.5019136528541003,0.4342698390137911,2,0.2857142857142857,1.263343453946054e-05,1
0,7,9,5,5,0.5620186302533645,0.3432326086675793,1,0.2,7.159874596876082e-06,0
0,8,5,6,1,0.5156303588975297,0.4510147722260399,1,0.16666666666666666,2.0381027422028827e-05,0
1,13,24,9,4,0.29001416240727945,0.02260845176060024,1,0.1111111111111111,1.0163876750239303e-05,1
0,4,4,4,3,0.45576494497126285,0.35174228236284033,0,0.0,3.037806862933994e-06,0
0,2,19,4,5,0.27294194936278643,0.2998671269026466,4,1.0,5.143759345684116e-06,1
0,8,14,5,2,0.261912261311066,0.4268748036852843,1,0.2,8.206214434470893e-06,0
2,9,15,5,3,0.1259895855452693,0.5478337971965412,1,0.2,5.011661148921448e-06,1
0,3,23,5,4,0.25925331945569197,0.22733329681436562,2,0.4,4.452733703172133e-06,0
1,17,13,9,1,0.7346351543790888,0.3440246516589842,1,0.1111111111111111,1.0616750617001665e-05,0
0,16,9,8,4,0.6302361252342127,0.18804724351700047,2,0.25,1.2160811156273395e-05,1
2,18,12,3,5,0.27908768782457866,0.27532535461550955,4,1.3333333333333333,6.053290187024378e-06,1
1,15,18,11,1,0.25875621745526756,0.21106767339737262,0,0.0,8.930267926675245e-06,0
1,10,18,8,1,0.2943710018570164,0.4080622105516156,2,0.25,5.5689755916929945e-06,0
0,5,7,7,2,0.18120394466264772,0.4219375915707223,0,0.0,5.785087184879983e-06,0
0,14,12,6,4,0.16129409867530248,0.20326725375743762,3,0.5,3.009626523265918e-06,1
0,13,5,3,5,0.18888541088442326,0.4172134471460414,1,0.3333333333333333,1.4537722349444074e-05,1
0,9,18,3,1,0.4769681245275645,0.24519732094663152,0,0.0,4.366221905706075e-06,0
2,9,3,8,5,0.3356216498662053,0.110090983258101,1,0.125,3.3225191149531827e-06,1
1,10,18,10,5,0.16426732664436658,0.19567615735955435,0,0.0,5.204762881888768e-06,0
1,5,12,6,1,0.16793947953270638,0.2840196182287728,3,0.5,1.1833984160149322e-05,1
1,19,18,5,2,0.2858280458306267,0.440954283051108,1,0.2,4.790922627548919e-06,0
0,19,3,6,2,0.792842993313027,0.8239266964669343,0,0.0,3.489309121968574e-05,0
1,10,23,9,0,0.4079527803393932,0.2312728914525578,2,0.2222222222222222,1.3398350695539955e-05,0
0,18,2,11,0,0.09971420827947715,0.12488303206649512,3,0.2727272727272727,3.2692991015696735e-06,0
0,7,20,10,0,0.2916299805954931,0.2642141497412192,1,0.1,1.1235619783907436e-05,0
0,17,7,4,1,0.6479259404360995,0.45110384950000665,0,0.0,1.6469405448395284e-05,0
1,6,9,5,1,0.42360783354547926,0.5317106462502168,1,0.2,8.231374001415137e-06,0
1,10,12,2,5,0.4330971168358415,0.5791970151261776,1,0.5,9.03992224301147e-06,1
3,9,16,5,3,0.5017703970568392,0.4571763509294894,0,0.0,6.655956974177321e-06,1
1,11,13,3,4,0.17097096922836355,0.138622358487485,0,0.0,2.451508083412717e-06,0
0,6,10,9,3,0.3871947710400296,0.1865752854368503,0,0.0,6.178144516861433e-06,0
2,14,11,2,5,0.23425671114178084,0.5218082955795087,2,1.0,2.7214894043160185e-06,1
1,15,10,6,2,0.4299619362914708,0.28937847169243747,3,0.5,8.890977911405175e-06,1
2,19,6,9,2,0.11798197691848628,0.24930323957478268,1,0.1111111111111111,1.1069144723442705e-06,0
0,19,16,9,1,0.4184964074842758,0.5541012656072131,0,0.0,1.9566411216716713e-05,0
2,2,4,6,2,0.1648507044500387,0.13059925583317944,1,0.16666666666666666,3.0805981393859217e-06,0
0,11,5,4,4,0.5713356669141945,0.7534912383675978,3,0.75,1.312822528689665e-05,1
2,18,13,9,5,0.13695434360104752,0.08714348460793524,3,0.3333333333333333,5.442415344808073e-06,1
3,13,15,5,4,0.5104262954429305,0.8859735778836032,6,1.2,1.6921892559143477e-05,1
1,9,16,10,1,0.5042936240990277,0.8577074531018964,2,0.2,1.1085439025630669e-05,0
0,11,20,11,1,0.34358148467216715,0.0518965542129944,2,0.18181818181818182,3.8839278579432745e-06,0
1,10,15,10,3,0.269436140189405,0.10034487105877031,2,0.2,1.3898225000833835e-05,1
0,16,22,6,3,0.371365664173599,0.48478205631620586,0,0.0,1.374946780951641e-05,0
1,11,22,11,0,0.11727237366229104,0.10988838416449834,1,0.09090909090909091,9.120865312706213e-06,0
1,8,14,10,0,0.28792319628500057,0.18604806290020562,0,0.0,7.733048962229892e-06,0
2,16,6,9,3,0.4305262273939454,0.3173954363765378,0,0.0,3.8288097703505236e-06,0
1,17,12,7,1,0.13748035595920147,0.2042687943341285,1,0.14285714285714285,1.1263756205819943e-05,0
0,17,14,6,2,0.36401665717460785,0.06774783877021077,1,0.16666666666666666,7.650304697308388e-06,0
1,15,19,9,2,0.329923026615013,0.4530062335143857,1,0.1111111111111111,3.6356937232138186e-06,0
0,7,16,6,4,0.5619146117862657,0.5268118134999494,1,0.16666666666666666,6.7875899908009666e-06,0
2,15,18,5,2,0.3063056692334662,0.2266396389723094,1,0.2,3.111145927626083e-06,0
0,12,8,7,3,0.37016399684287943,0.09649125531209876,0,0.0,1.2691296530527386e-05,0
0,11,23,9,3,0.25627448846580836,0.2125718498320443,2,0.2222222222222222,6.148676554711806e-06,0
1,6,9,11,3,0.3344235067441903,0.3684963592773637,1,0.09090909090909091,6.085301998739055e-06,0
0,19,14,3,0,0.36803938580971723,0.3567551408891582,0,0.0,3.3156359292757226e-06,0
1,12,18,8,0,0.38160689060650543,0.1734692643474869,2,0.25,2.5998601003186567e-06,0
1,16,24,2,1,0.5375272844225636,0.2772062732410565,2,1.0,2.321451965707832e-06,0
3,4,7,5,5,0.406241317034758,0.493411193222038,5,1.0,1.5239107186184406e-06,1
0,17,2,6,2,0.2193893231546807,0.40151969372046936,1,0.16666666666666666,6.9649354162860224e-06,0
0,5,7,8,2,0.5980383914132394,0.8164616276157716,0,0.0,2.6564375836310636e-05,0
1,13,23,9,5,0.45044393586893905,0.34273066512376255,0,0.0,7.09883658007492e-06,0
2,15,15,4,0,0.3778435732027483,0.30124176385194645,3,0.75,6.773758553911309e-06,1
1,17,2,11,0,0.4810586434597127,0.4502298485822251,2,0.18181818181818182,1.963231166861188e-06,0
0,16,24,3,5,0.7486859663378143,0.4258551687038636,0,0.0,2.3498130054216804e-05,0
1,7,16,4,2,0.31821833106509356,0.2106339908652147,0,0.0,1.404707469033641e-05,0
1,18,8,2,4,0.440764687079499,0.3417442452498249,0,0.0,1.8519195210775933e-05,0
0,9,10,5,1,0.3408539558286427,0.3854989145865345,4,0.8,1.2400393831798406e-05,1
1,9,14,4,3,0.3660590387722422,0.0432194666253011,0,0.0,9.656098357151107e-06,0
0,6,5,6,2,0.28804217563460693,0.25867121945971483,1,0.16666666666666666,4.977856448433003e-06,0
0,8,24,2,4,0.14919858964760233,0.7372692338560467,1,0.5,1.2647628452184353e-05,0
1,10,12,6,4,0.10481051849890688,0.3242795545625367,2,0.3333333333333333,8.166160412820133e-07,1
0,7,24,9,3,0.4017653937167156,0.9456029558269099,1,0.1111111111111111,3.4283569125032647e-06,0
0,12,17,2,5,0.21656850460964736,0.07278052226623949,1,0.5,4.449169619468132e-06,0
0,17,5,11,1,0.33457502053170834,0.6567863666194192,0,0.0,5.343476589933263e-06,0
1,19,4,7,0,0.2955868003930403,0.30679489743301946,1,0.14285714285714285,2.8368024842105425e-06,0
1,6,15,10,5,0.07818713190812933,0.5442036615508148,1,0.1,6.870375262981311e-06,1
0,1,8,8,1,0.3544477953607281,0.5699473088376052,1,0.125,2.678983080011305e-06,0
1,16,21,4,1,0.8031444575560819,0.5480149615496896,1,0.25,4.145116775516075e-06,0
1,1,6,2,1,0.4119375321040232,0.5459169653040453,1,0.5,1.0518383869103454e-05,0
0,11,24,2,5,0.7088495323400352,0.6578578154062127,2,1.0,7.284838182466209e-06,1
0,4,11,4,2,0.23803790148655804,0.27778257726497096,3,0.75,7.997509770448867e-06,1
1,8,23,11,5,0.4137314116863294,0.2705866023504707,0,0.0,8.781163836934185e-06,0
0,19,10,10,5,0.42616975246125854,0.40837695773868093,0,0.0,1.0303360167111536e-05,0
3,12,2,8,1,0.525879466139489,0.3818577155712813,0,0.0,1.9137929129336457e-05,1
0,14,15,2,3,0.4098827463367203,0.41528704161123076,0,0.0,8.408276130701078e-06,0
2,18,16,4,1,0.3208846204951665,0.3035921566332001,1,0.25,4.275333850179128e-06,0
0,13,7,11,2,0.14575719769144146,0.2257757594171678,2,0.18181818181818182,1.7558318701794939e-06,0
0,14,16,5,3,0.3815440988967004,0.1766333182575498,0,0.0,1.014418618814492e-05,0
1,9,23,10,1,0.0311202516368308,0.19366190934141717,1,0.1,5.724220383168768e-07,0
0,7,2,2,5,0.5326651934502816,0.23299044708791417,5,2.5,2.0850875262564227e-05,1
0,15,13,4,4,0.3042375372085775,0.4545773995630257,3,0.75,8.889122971375947e-06,1
0,11,5,11,5,0.32968023834820526,0.33692565522674073,2,0.18181818181818182,8.50209998310883e-06,1
1,13,20,7,5,0.5620452922942728,0.23981656598109524,1,0.14285714285714285,4.442707853024067e-06,1
1,11,6,9,0,0.24595955753715257,0.3984613372781599,3,0.3333333333333333,6.620044202323723e-06,0
2,1,20,8,0,0.37921399212725876,0.2805388705809962,0,0.0,1.2960430606178645e-05,0
0,4,11,9,0,0.10637222684734361,0.23244223821971804,0,0.0,2.195704931678573e-06,0
2,10,16,6,3,0.2894770536581895,0.36721227837329024,3,0.5,8.69551976955372e-06,1
0,15,2,6,5,0.6196650199524468,0.329488734516217,2,0.3333333333333333,4.770580065027426e-06,1
0,4,7,6,4,1.072551664896712,1.0575167015559264,5,0.8333333333333334,3.251149387273039e-05,1
1,7,6,10,4,0.3178419915946192,0.40715234256584265,0,0.0,1.3269528508650478e-05,0
0,13,17,11,0,0.12158407690850236,0.17915614161007723,0,0.0,8.295555965333994e-06,0
1,3,20,2,4,0.7775704714400358,0.5627507145145321,3,1.5,2.1830281768525056e-05,1
0,13,15,11,5,0.30797366696056533,0.6453045644815081,2,0.18181818181818182,1.0564476970970748e-05,1
0,11,14,8,5,0.3053677048876382,0.4716370948843411,1,0.125,1.7199867887126324e-05,0
2,17,7,11,3,0.08988979820195712,0.32023071389264807,2,0.18181818181818182,3.643007041405269e-06,1
1,1,7,7,2,0.30936405618623314,0.4565469396713833,0,0.0,5.070363820375517e-06,0
1,7,10,11,5,0.5170799254740621,0.21047955708125618,1,0.09090909090909091,1.5316372081016734e-05,1
2,19,5,2,2,0.5164300087042539,0.3978830859723036,1,0.5,5.913538171908884e-06,0
0,14,7,2,5,0.6359745320546399,0.3921515012199984,0,0.0,2.8009223005958247e-06,0
2,15,12,10,4,0.5964892394070699,0.19113461302024787,1,0.1,4.349557207665751e-06,1
2,18,2,11,0,0.25173720837843505,0.2763034870716069,0,0.0,8.00033595103534e-06,0
2,13,9,9,4,0.4411709123547825,1.2388156489053852,0,0.0,4.656935959960743e-05,1
1,1,24,9,4,0.5798174012869606,0.30729066747295464,2,0.2222222222222222,1.204521717009986e-05,1
0,18,16,3,1,0.4071862008808719,0.509224669668603,2,0.6666666666666666,1.4504790721841659e-05,0
1,17,21,3,3,0.18645965321493319,0.19564944145480298,2,0.6666666666666666,2.6379883941794016e-06,1
0,6,14,11,4,0.43726917937611387,0.03234313577277549,4,0.36363636363636365,1.5951814130644e-05,1
0,16,6,6,4,0.24189489665391742,0.21945370833473593,5,0.8333333333333334,4.611169396678574e-06,1
0,1,4,4,1,0.41394149783480627,0.46089379080003817,0,0.0,3.6332672101853785e-06,0
1,16,18,10,4,0.22416769375179008,0.2367095393315873,0,0.0,3.6664048950206094e-06,0
1,6,13,3,0,0.34534307362323136,0.5311129147733648,0,0.0,6.108936200853975e-06,0
4,2,11,8,1,0.7005969016750269,0.40246092521830273,2,0.25,9.370987547872176e-06,1
0,18,2,10,5,0.16527718243170647,0.12206517254833323,2,0.2,9.634946798407146e-06,1
0,12,3,10,0,0.07450625639836421,0.4200550391996378,1,0.1,1.5152554308267016e-05,0
0,13,10,5,0,0.4285939529946135,0.25871841577986854,2,0.4,1.3608471142495617e-05,0
0,5,22,7,3,0.29531132339857774,0.4850500468455612,3,0.42857142857142855,1.1596519396472055e-05,1
3,18,12,5,0,0.4498075034569538,0.16501794142477622,0,0.0,5.763842947609259e-07,0
1,4,17,11,1,0.16136899261469256,0.29483022729290853,2,0.18181818181818182,4.24641357302145e-06,0
1,19,2,6,5,0.35422866929387326,0.026658888172248596,0,0.0,1.7682684399952375e-06,0
0,13,9,10,0,0.2345983187273981,0.1751276505735833,3,0.3,2.3744008799382957e-06,0
0,6,16,9,4,0.19492306731774733,0.18452474637801666,1,0.1111111111111111,2.6442771915501235e-06,0
0,13,10,11,4,0.15378422600569505,0.2777424450063964,0,0.0,8.437443660009664e-06,0
1,9,14,6,5,0.3962368865267424,0.18417227191475663,2,0.3333333333333333,1.4679153288100092e-06,1
0,10,5,2,4,0.3981910895016667,0.1733356896403939,3,1.5,8.327761373438248e-06,1
0,12,11,4,0,0.20107412389126567,0.18853392331432045,0,0.0,5.261899220863887e-06,0
2,9,21,7,3,0.6076004317558567,0.7640413090132367,1,0.14285714285714285,8.095722643151263e-06,1
0,3,10,9,2,0.2538814141744146,0.6479789436590084,2,0.2222222222222222,1.5531602370598237e-05,0
1,15,21,2,3,0.5254577176035725,0.2426943181796246,0,0.0,1.2515046741801523e-06,0
0,14,3,2,0,0.32967281522801034,0.3082577344683115,2,1.0,9.799544084406324e-06,0
3,4,24,3,5,0.1548451367805061,0.12204460049122902,0,0.0,2.420693678268216e-06,1
0,18,5,11,2,0.15626957752856893,0.4022201834551384,0,0.0,3.0835129361994175e-06,0
0,5,24,7,0,0.37471670809265384,0.4093892598673475,1,0.14285714285714285,7.822155081746462e-06,0
2,18,24,10,0,0.15141706678921932,0.12060037887784171,2,0.2,2.4834864579034486e-06,0
1,6,12,4,0,0.3110134119135409,0.40167776820054923,0,0.0,7.553023074335243e-06,0
1,1,22,10,1,0.1582996535604571,0.540423099861908,0,0.0,4.776500063943911e-06,0
0,3,4,2,3,0.3275456809779014,0.21770127465226205,1,0.5,1.526945935091362e-05,0
1,2,17,10,1,0.6301632093216792,0.3266652163489643,3,0.3,1.048878234372329e-05,1
0,7,5,5,0,0.7700729022777573,0.3051407085802449,4,0.8,2.7642110229016332e-06,0
0,19,20,9,2,0.116422104553168,0.36822915243508225,1,0.1111111111111111,1.1962139244084782e-05,0
1,8,6,9,4,0.2323162297409291,0.029722117845937535,0,0.0,6.4789323830083985e-06,0
0,7,7,10,5,0.29102112232308824,0.3589225537330118,3,0.3,4.047118865273358e-06,1
2,5,18,7,3,0.4701833802222084,0.20554980767079023,1,0.14285714285714285,6.895969816895141e-06,1
1,17,3,2,5,0.422550175805043,0.03689709701146153,1,0.5,1.8448548505730765e-05,1
1,7,19,3,4,0.1933038817527828,0.28261629375721475,2,0.6666666666666666,1.997495061797469e-05,1
1,3,15,6,4,0.1439920093074025,0.47204175109276775,2,0.3333333333333333,1.1814120281925959e-05,1
0,17,5,6,2,0.26321723151136406,0.24936541736354187,0,0.0,4.350887103236502e-06,0
0,12,10,11,2,0.03514155326806046,0.15284710721805217,0,0.0,2.9320493910743476e-06,0
1,4,16,2,2,0.24895022121149643,0.3579698187798347,1,0.5,5.8377736621867485e-06,0
2,4,22,3,5,0.35665583557594915,0.388585883666543,0,0.0,5.883722320159991e-06,1
1,8,18,10,3,0.3729392344136686,0.19246267427874575,0,0.0,4.33935397158528e-06,0
1,2,22,4,4,0.17717172065695216,0.26426392265851295,0,0.0,5.5654567250530005e-06,0
2,3,18,5,3,0.32855200751344027,0.539424397009799,2,0.4,1.3051094563503183e-05,1
2,19,14,6,5,0.08145922920255284,0.26378220137539676,1,0.16666666666666666,3.999986778208279e-06,1
2,12,19,11,1,0.18202645114066887,0.3448519929558627,0,0.0,6.032346930487607e-06,0
0,17,5,9,4,0.2581366789695687,0.24377540291888636,2,0.2222222222222222,1.2266786397939883e-05,1
1,5,4,6,0,0.40279144913658016,0.6062779916731773,1,0.16666666666666666,6.801173919091909e-06,0
0,2,17,7,0,0.33929558971286383,0.32384710910632614,1,0.14285714285714285,2.202839613661212e-06,0
0,3,16,8,2,0.029700236286977717,0.2494063736474861,1,0.125,5.3103157440460635e-06,0
1,18,4,7,4,0.19958595876687843,0.42858638911281227,0,0.0,1.0109181689762779e-05,0
1,7,16,11,2,0.43912025655213477,0.14025485558777875,4,0.36363636363636365,9.48644017198322e-06,1
2,8,6,7,3,0.1610897287519914,0.41070045791459486,2,0.2857142857142857,7.941947399706868e-06,1
1,7,5,4,5,0.3496731386530048,0.32522954912115004,1,0.25,7.054394899103027e-06,1
2,12,21,8,1,0.43124632205348584,0.4847512327015928,2,0.25,3.834153293545988e-06,1
0,3,12,5,5,0.4384828477675858,0.26513954177453736,0,0.0,9.924619039281468e-06,0
0,2,16,3,3,0.40608022485408923,0.49223785185928953,0,0.0,2.0346180178368727e-05,0
1,19,22,3,1,0.16995153625783996,0.17180045030573796,1,0.3333333333333333,7.300876877926509e-06,0
0,9,21,6,2,0.2714628443105677,0.3906074493604144,0,0.0,7.133360423091871e-06,0
1,3,16,11,2,0.24245486281506823,0.046213418076189075,0,0.0,4.350044801740519e-06,0
0,9,23,6,0,0.285849556681131,0.2709765022736047,1,0.16666666666666666,1.2549334873510755e-05,0
0,15,12,7,1,0.2919750958509988,0.4762151194738199,0,0.0,1.0468466201324168e-05,0
1,7,11,8,3,0.25377092193879214,0.11555871510286465,2,0.25,4.113582978988758e-06,1
1,6,13,9,0,0.42175951896410735,0.4006278559237265,1,0.1111111111111111,7.463582726181167e-06,0
0,10,22,2,2,0.2395885088882515,0.26819840188636185,1,0.5,2.9860573641037815e-06,0
0,15,5,10,3,0.24065870311658588,0.046681723214511715,1,0.1,4.567795527740114e-06,0
0,19,9,6,4,0.30183909465755027,0.1531876487205294,0,0.0,5.993695883350948e-06,0
1,5,5,11,4,0.16097543322909513,0.30265204437431414,0,0.0,9.429281690943465e-06,0
2,3,12,7,4,0.7207004936151328,0.15192648362476044,1,0.14285714285714285,1.3560271772298341e-05,1
1,12,5,8,0,0.25315933712480415,0.24376070275688777,1,0.125,6.053734752678326e-06,0
0,6,19,10,0,0.18235922280140687,0.4452940768071423,1,0.1,2.16294610868201e-06,0
0,14,9,11,5,0.2004873724590106,0.21048016506204928,1,0.09090909090909091,4.92840182713218e-06,0
1,11,6,7,3,0.40372226016069285,0.6786114650598775,1,0.14285714285714285,1.5004930844469602e-05,1
1,1,7,5,5,0.21017818391531506,0.3008680682953103,0,0.0,3.2994540772098872e-06,0
0,14,16,8,4,0.8898106568726701,0.34002674019829426,1,0.125,1.4891981177397422e-05,0
1,12,13,3,4,0.5428527698878912,0.37162178027561,1,0.3333333333333333,1.7681525640761111e-06,0
1,5,2,4,2,0.20075846812806872,0.43002446422219365,3,0.75,6.591077256199791e-06,1
1,2,13,6,1,0.36742792250468265,0.3577835246318027,2,0.3333333333333333,5.428084913025168e-06,0
3,19,16,6,1,0.14919748160779048,0.33024654720380686,3,0.5,7.930364926199748e-06,1
4,17,23,6,0,0.5830201559279516,0.4097966261262204,2,0.3333333333333333,8.94729404764874e-06,1
1,2,22,11,1,0.37332942068809116,0.9690791635392686,0,0.0,6.468729618986273e-06,0
1,10,22,6,4,0.3485051289489104,0.30883580665624083,2,0.3333333333333333,1.4334324231026512e-05,1
1,14,5,7,0,0.11086910252155838,0.1023187357047903,1,0.14285714285714285,1.2061657130156803e-06,0
1,10,13,11,3,0.502162422055807,0.350580578277642,1,0.09090909090909091,9.038380969863053e-07,0
0,3,12,7,1,0.3449383201152734,0.6852022722785951,1,0.14285714285714285,1.34453174751039e-05,0
2,17,8,10,0,0.642399209557939,0.39832888747954026,0,0.0,1.9433790387730144e-05,0
1,7,22,7,0,0.4514201964283725,0.673845448780034,4,0.5714285714285714,1.9483466478907276e-05,1
1,11,20,3,4,0.400046630133181,0.524209301648804,1,0.3333333333333333,4.7357009555845065e-06,0
4,17,24,3,0,0.33962118760369114,0.11299369430630427,3,1.0,4.610021483030685e-06,1
3,18,18,3,5,0.2433470351488458,0.10616836694839542,1,0.3333333333333333,2.5560465188290912e-06,1
0,12,14,8,5,0.5273761805492935,0.028071135093458478,1,0.125,6.53201016610133e-06,0
0,2,7,5,5,0.6698684195627962,0.5400873946202046,1,0.2,7.624204792947357e-06,0
0,14,4,5,0,0.30584233852119613,0.1975434493740661,0,0.0,8.494054200806507e-06,0
0,19,10,4,4,0.2554700236681048,0.45527890256133546,1,0.25,1.0366949100083268e-05,1
1,7,4,5,1,0.24548584626813405,0.3123760081681162,3,0.6,3.2948780457933174e-06,1
0,7,10,5,5,0.13735160349422376,0.31816707335027294,3,0.6,2.6863048234549772e-06,1
0,9,8,8,2,0.5402547926188689,0.4229633629084027,2,0.25,1.2355442840596024e-05,0
1,10,13,6,3,0.33995607103533987,0.3408734848471113,1,0.16666666666666666,2.873162103036152e-06,0
0,13,22,8,4,0.3732003659245449,0.511299084383865,2,0.25,2.1849450890665683e-06,0
1,8,18,7,1,1.6797473379346035,0.4619673242515858,0,0.0,1.7847275033760595e-05,0
1,11,7,9,5,0.6485823730356847,1.141769336927701,3,0.3333333333333333,2.3034899627406167e-05,1
0,5,18,4,3,0.3528899950242992,0.46480736811352785,3,0.75,1.028435307765966e-05,1
0,11,22,5,2,0.06127302204124195,0.5146670520149652,2,0.4,9.060808842139499e-06,0
0,10,12,11,2,0.28131722616390215,0.02887886658339255,0,0.0,5.1516054447168006e-06,0
0,6,7,5,3,0.1769436229142011,0.44317446889739903,3,0.6,2.4939473870521925e-06,0
0,12,17,5,1,0.5082162966501201,0.29838669575458315,2,0.4,9.688260307248803e-06,0
0,18,5,11,4,0.02058421664780358,0.17633812452865835,0,0.0,4.658829322937508e-06,0
1,9,3,5,3,0.05951214092066848,0.2573348244525063,0,0.0,1.3336575521151985e-05,0
0,9,17,3,3,0.25000166281042063,0.7785434902377006,0,0.0,9.633487903900393e-06,0
0,13,13,3,4,0.818163378436956,0.5534144535390235,2,0.6666666666666666,1.123345474030739e-05,1
0,2,13,9,3,0.09190507550379222,0.21299159617471577,2,0.2222222222222222,1.8781224935405381e-06,0
1,7,15,11,2,0.5657454264503783,0.4347273302376189,0,0.0,1.201071023264277e-05,0
2,2,6,8,1,0.50246616163895,0.7119346137045013,1,0.125,1.39025035207608e-05,1
0,1,3,6,1,0.39785040174965985,0.19664127725701544,0,0.0,1.2543911706243576e-05,0
2,12,2,3,1,0.3083969799508285,0.18064182869461,1,0.3333333333333333,1.143140054393179e-05,1
1,16,18,6,1,0.3157291319971888,0.2468899175012977,1,0.16666666666666666,2.5488276757991758e-06,0
0,17,22,8,4,0.29169743327238384,0.19485214391238515,2,0.25,4.9670017443024115e-06,0
1,15,4,10,4,1.0602200990465391,1.3069173546699588,0,0.0,1.558320305550784e-05,0
0,18,17,3,4,0.30660125523636594,0.22184434909233935,3,1.0,8.18757354181783e-06,1
0,1,18,8,2,0.46964849696197025,0.38809449209749786,2,0.25,8.673356845539781e-06,0
2,2,23,7,5,0.10161231829878443,0.2594756119850222,3,0.42857142857142855,5.341965036295624e-06,1
0,11,21,9,3,0.11890173132278128,0.3239193928936949,1,0.1111111111111111,6.026092965641356e-06,0
0,7,11,8,4,0.4919273544345608,0.37529683139479036,0,0.0,1.5029824328159902e-05,0
0,5,8,2,1,0.568044853679085,0.14571996988174574,2,1.0,3.266431562972535e-06,0
2,17,19,5,3,0.10039720717610347,0.11559447372613095,0,0.0,2.4930043937901554e-06,0
0,9,18,10,5,0.26060672568819704,0.2235573916296844,0,0.0,5.682761110075693e-06,0
0,2,21,5,2,0.22954726382734844,0.169876223911442,0,0.0,1.0701207626962972e-05,0
1,3,4,2,2,0.2723015791042204,0.4165954717356239,1,0.5,5.68942028535768e-06,0
0,11,16,10,3,0.9670685232132293,1.811211477642911,5,0.5,3.3035989796787376e-05,1
2,1,9,11,1,0.40258978201377077,0.16632177027938247,2,0.18181818181818182,8.579870885975536e-06,1
0,16,14,2,1,0.38281865354844397,0.4006749300425506,1,0.5,6.441074422354489e-06,0
2,17,6,5,4,0.2469528146527285,0.025404824672041193,0,0.0,1.1822789247295238e-05,1
2,3,18,5,5,0.37810068537031677,0.22099417186936127,4,0.8,5.2935239461946935e-06,1
1,16,22,8,1,0.33596697805643466,0.2289424359659447,0,0.0,4.076100699446367e-06,0
1,7,18,3,4,0.33625286772129975,0.5679212947954657,1,0.3333333333333333,7.342875375423039e-06,0
2,14,3,4,4,0.3968976540568824,0.3705822431649006,0,0.0,5.128181325751733e-06,1
1,4,4,11,1,0.44598484721559944,0.4142482340498361,1,0.09090909090909091,1.715044017887682e-06,0
1,1,4,11,2,0.3273558388460219,0.3336048060685042,0,0.0,9.107266545033264e-06,0
1,9,23,6,2,0.6262144599765165,0.8041705992452387,0,0.0,1.1984097930720114e-05,0
0,5,16,8,3,0.27713190046967123,0.3044121866872229,2,0.25,9.285941895671674e-06,0
2,1,13,2,3,0.1460040566279812,0.451035379625614,0,0.0,3.392348913293265e-06,0
0,17,18,4,4,0.815364343156494,0.40644640117841246,1,0.25,3.413407507327445e-06,0
0,10,3,8,0,0.1379120638539077,0.42807713182193047,0,0.0,1.0443626351601644e-05,0
0,4,24,9,1,1.641528497357448,1.5504926033103674,3,0.3333333333333333,3.1275816920431097e-05,1
1,6,6,10,3,0.38054499772234035,0.268467355525341,0,0.0,2.4064451675747737e-06,0
0,4,24,7,3,0.4073888379300579,0.49709433148601745,0,0.0,1.2402721702002744e-05,0
0,16,9,6,3,0.13406627674469904,0.3239632065944199,0,0.0,1.2317231730038567e-07,0
2,8,22,4,2,0.5109681110457697,0.306312853504209,0,0.0,7.306547879399287e-06,0
1,13,3,2,0,0.4921657909606688,0.40637733868867876,2,1.0,7.725111356107418e-06,0
0,11,7,6,5,0.3351088603615801,0.3826008858927997,1,0.16666666666666666,3.211621635510331e-06,0
1,9,12,8,5,0.1366133712430062,0.29819646352455564,2,0.25,9.278563056598206e-06,1
1,13,18,6,0,0.3180126025986488,0.20690408007248828,0,0.0,1.4825048200791043e-05,0
2,14,11,4,4,0.1880791895188787,0.256978504522982,2,0.5,3.509630188395063e-06,1
0,5,24,3,5,0.17514726349284765,0.19969084677392923,1,0.3333333333333333,1.4474203729058252e-06,0
1,18,18,7,5,0.3984894634826844,0.27323942525589523,0,0.0,1.0823155056098762e-05,1
0,17,15,11,0,0.64723528013338,0.5295275267674401,0,0.0,4.4524126986385706e-06,0
0,9,23,6,0,0.5996617895966692,0.5579377309653928,1,0.16666666666666666,1.0680186206312531e-05,0
2,3,20,6,0,0.19177432898242597,0.2664117766662264,3,0.5,2.4648211973992323e-06,1
1,10,15,7,0,0.272464181509233,0.4089805288304161,0,0.0,1.0222328620259032e-05,0
1,2,3,9,4,1.144983885093647,1.0496813467612753,0,0.0,2.102826474675512e-05,0
2,16,11,7,0,1.1035739751827367,1.178715444531078,0,0.0,2.835001391232367e-05,0
0,17,14,4,4,0.26201995374650455,0.6409290967255409,1,0.25,6.183862877142542e-06,0
3,18,19,7,5,0.8799012244474441,0.2759674366278809,2,0.2857142857142857,9.460434333574005e-06,1
1,7,15,11,1,0.20838624211179801,0.34564465830467694,3,0.2727272727272727,9.529235004440952e-06,1
1,10,13,9,0,0.4115704449319248,0.2808099522142255,1,0.1111111111111111,5.764848203873336e-06,0
0,12,3,2,2,0.21384275620262796,0.531923850913262,1,0.5,1.5316372081016734e-05,0
0,1,11,8,1,0.49904232398436366,0.29791619554308596,0,0.0,2.169071313152392e-05,0
0,12,2,2,1,0.2397444785234713,0.27993024944334105,2,1.0,1.5464215512242093e-06,0
1,17,2,11,0,0.22837454389704562,0.27197116886852907,0,0.0,4.2840929581886896e-06,0
0,18,19,9,2,0.2116615132083262,0.29401199900314023,0,0.0,5.189531917128132e-06,0
3,19,16,11,5,0.3902356434882463,0.5916254291869278,3,0.2727272727272727,8.85794056140825e-06,1
0,4,8,7,0,0.9702651957139476,0.8948405184724786,2,0.2857142857142857,3.4461128834227823e-06,0
0,10,5,10,0,0.3179903044483683,0.02126543123731631,1,0.1,1.0632715618658155e-05,0
1,5,24,5,3,0.08093930208166378,0.26692761265044385,0,0.0,5.617306437572992e-06,0
0,7,15,9,4,0.36652854149339525,0.16644661029224533,2,0.2222222222222222,6.170257198097519e-06,0
1,2,4,5,2,0.3538404163005352,0.30431782996435924,1,0.2,1.873113986734622e-05,1
0,2,17,2,3,0.6932459949966902,0.4221331381850545,2,1.0,1.8353709155352176e-05,1
2,8,19,4,1,0.41817918071023047,0.26887473884048785,2,0.5,4.618363475149936e-06,1
1,15,13,3,3,0.7982128255396576,0.5273378802640569,1,0.3333333333333333,1.2083739686590312e-05,0
3,11,23,6,1,0.189478439474518,0.29289661300012704,1,0.16666666666666666,7.28853851877604e-06,1
2,8,11,4,0,0.3701038571384282,0.21852482150629512,0,0.0,1.0207588711069681e-05,0
1,8,20,3,0,0.4239219308924672,0.3387896428673111,2,0.6666666666666666,1.0873947522532346e-05,0
3,12,6,10,1,0.4285936684758268,0.3519208309478349,0,0.0,5.692709117094377e-07,0
1,1,12,10,1,0.16622071017095766,0.10272596082400881,0,0.0,3.955598354728139e-06,0
0,19,22,5,5,0.2509755408811794,0.12785876844069774,0,0.0,1.0759213192588103e-05,0
1,3,3,2,4,0.09522683007202588,0.5639039073605726,5,2.5,6.7039187861165e-06,1
2,17,22,3,5,0.46034275981609823,0.7703073419236013,1,0.3333333333333333,1.7669733489604896e-05,1
1,6,16,5,0,0.5740099591454212,0.4011775198599538,1,0.2,4.706901187725779e-06,0
0,15,16,11,5,0.27817977256581355,0.45109445798848224,0,0.0,3.312646308461254e-06,0
0,10,20,8,3,0.29539002969984096,0.06493008198278172,2,0.25,4.938076735282078e-06,0
1,9,22,9,3,0.24310545108704532,0.23617256040897033,1,0.1111111111111111,4.083825915809868e-06,0
0,15,18,6,4,0.31606879660456594,0.24354716385880418,1,0.16666666666666666,8.693983402431344e-06,0
4,9,22,11,2,0.24586142026927155,0.39347048488225667,0,0.0,1.251817648144326e-05,1
0,17,8,3,2,0.06226625956281656,0.42098166805889214,1,0.3333333333333333,2.0351758664215123e-06,0
1,12,5,9,2,0.3922165231567265,0.3130039586732276,2,0.2222222222222222,1.1049769799627487e-05,0
1,18,17,5,3,0.6042072586458496,0.31309162788729433,0,0.0,5.452789429047805e-06,0
0,8,9,8,5,0.37035556808015874,0.3918741904167098,2,0.25,5.393588624247742e-06,1
0,18,23,5,5,0.5612494862601349,0.29986010427090437,0,0.0,1.325762491690418e-05,0
0,9,19,9,5,0.3321495726529983,0.3137709164646177,0,0.0,1.44477917305614e-05,0
2,13,7,7,4,0.2924928311706275,0.2877457769524555,2,0.2857142857142857,1.3719483216308884e-05,1
1,3,13,11,0,0.2811096097517195,0.16690273765494054,0,0.0,9.477566189401836e-06,0
1,17,21,9,0,0.10039961433534754,0.24702987655706088,1,0.1111111111111111,3.626309960808822e-06,0
0,1,22,11,5,0.16206469477642996,0.24323284282098656,1,0.09090909090909091,1.6307804387638327e-05,1
1,6,18,5,2,0.5726288788227591,0.6156827922673164,1,0.2,3.2949252624854985e-06,0
1,7,2,11,2,0.29739259606586715,0.2885499691151762,1,0.09090909090909091,6.7869122277562215e-06,0
0,18,18,9,5,0.22638956261398435,0.2578254428205849,1,0.1111111111111111,7.824798055286421e-06,0
0,5,24,6,4,0.16873064849053074,0.39203233514838387,1,0.16666666666666666,1.160848736761719e-05,0
1,12,4,8,3,0.45532986954454996,0.4613284310734707,0,0.0,3.3503479751767144e-06,0
2,8,13,3,3,0.26080019541026805,0.27526516602199913,0,0.0,6.232407205831153e-06,0
1,5,24,2,1,0.06853207149231423,0.37866746460769674,1,0.5,1.186428868055969e-05,0
1,3,22,4,4,0.36877994826317606,0.7612447871936701,0,0.0,5.68393007968797e-06,0
1,9,10,11,3,0.0780642318907422,0.3106297887180653,2,0.18181818181818182,4.0139900079973846e-06,1
0,4,20,8,4,0.3629029884896259,0.3402387015650569,0,0.0,6.773724559963773e-06,0
5,15,3,5,4,0.15835080481369368,0.05547112829438092,1,0.2,8.571213359655013e-06,1
1,7,16,8,3,0.20417749265484444,0.39323622645012785,1,0.125,3.954691633926375e-06,0
0,12,2,2,1,0.7950920275154221,0.3782755578924741,1,0.5,9.52672088304546e-06,0
0,17,18,4,3,0.23592281217974806,0.22255546797108605,1,0.25,8.113668701629683e-06,0
0,19,14,3,5,0.2612281319379788,0.40338668752000717,1,0.3333333333333333,3.8046705222270647e-07,0
1,6,4,8,1,0.22612815205774017,0.3002825015044821,3,0.375,6.591259617653943e-06,1
0,2,5,10,1,0.26994164618509614,0.1671151019462854,0,0.0,4.0032430689903916e-07,0
1,9,13,4,2,0.5634140012528374,0.35207058949144276,0,0.0,1.2198781687719339e-05,0
0,14,24,11,4,0.25933688329184784,0.3009865961919665,1,0.09090909090909091,3.425205327587113e-06,0
1,1,24,3,5,0.3829598987740423,0.6327313331851078,4,1.3333333333333333,1.3854862123454448e-05,1
0,9,23,10,5,0.31765781869367454,0.1793903330958969,3,0.3,1.4681573004987826e-05,1
4,17,24,10,4,0.48420928461390816,0.42443429052121395,0,0.0,7.929742632135657e-06,1
1,5,4,3,1,0.3439026469523963,0.04322467064974314,1,0.3333333333333333,1.6686529052229545e-05,0
0,17,15,8,0,0.922712426889584,0.5732455129051518,1,0.125,1.2202444030252086e-05,0
0,18,19,11,3,0.13819716513000638,0.1904988073226824,2,0.18181818181818182,8.63006116006065e-06,1
0,4,17,11,0,0.5228299705604345,0.25589735359661364,1,0.09090909090909091,3.1922529091698256e-07,0
0,5,12,5,1,0.3651246699031606,0.363192567295929,2,0.4,8.680506778539196e-06,0
0,2,12,6,2,0.4069638078938824,0.3592247568363862,3,0.5,7.248690560289085e-06,1
0,11,17,4,3,0.3630983132901313,0.7850050183173599,1,0.25,1.3638515079142325e-05,0
0,13,2,6,2,0.3754050969781743,0.6722069258348056,0,0.0,1.2607637089310424e-05,0
0,4,23,9,5,0.10946008626145518,0.2943275954238912,3,0.3333333333333333,4.459446566050558e-06,1
0,14,2,7,3,0.4825250904236773,0.5549527367913738,1,0.14285714285714285,4.2920221901325284e-06,0
1,17,21,5,2,0.1141558980054362,1.0952737657001537,2,0.4,3.145044194060535e-05,1
0,1,13,7,5,0.19106717152262664,0.37157603905069797,0,0.0,1.4309005171478818e-05,0
0,16,7,2,4,0.5243328483222742,0.2834949241152064,2,1.0,9.211308067395934e-06,1
1,14,16,10,4,0.2770453943648733,0.3702247590730572,0,0.0,6.223800543955096e-06,0
0,3,18,6,2,0.4267506508354409,0.2208004604007827,1,0.16666666666666666,1.1785254512843663e-05,0
0,16,7,3,0,0.1773145100495325,0.16200417407063927,0,0.0,1.5943980251273087e-05,0
1,9,16,10,1,0.2970760614311991,0.2444109691358894,2,0.2,7.958751794392909e-07,0
0,11,9,4,3,0.1899861425167712,0.5788764062349062,3,0.75,1.9258020371286246e-05,1
1,11,20,8,5,0.2944654059258976,0.6596669836222498,1,0.125,6.177196707259684e-06,1
0,7,18,7,1,0.09154288982298046,0.2634692450665232,5,0.7142857142857143,7.416040351687435e-06,1
0,17,23,11,3,0.2983590970824134,0.5193359179281932,3,0.2727272727272727,5.667855591542628e-06,1
1,1,17,5,2,0.23730734073442447,0.09966670406957462,2,0.4,1.5033274945795658e-05,1
1,15,5,3,4,0.3773073626680887,0.24790419923876408,3,1.0,3.0964819862342465e-06,1
1,11,10,2,3,0.1474201901723959,0.16056029074037104,1,0.5,6.272152854895143e-06,0
0,18,3,11,0,0.8954940592353978,1.2733620081209753,1,0.09090909090909091,1.980369937990731e-05,0
1,3,17,5,5,0.44931887329017345,0.2606901720949742,2,0.4,1.7840079430653053e-05,1
1,14,13,8,1,0.3431544381279392,0.6494644411797051,1,0.125,8.648080901693725e-06,0
3,12,8,11,5,0.04761235194518663,0.5888030122256431,3,0.2727272727272727,1.9750700505890682e-05,1
1,7,10,8,3,0.2078682963092825,0.196032606639301,3,0.375,9.76764605310393e-06,1
1,7,5,9,4,0.49202454378891974,0.23781320579291929,0,0.0,3.839764989395815e-06,0
2,2,18,6,0,0.630047622159241,0.4585090306383809,2,0.3333333333333333,1.4600383292632812e-05,1
1,6,18,11,4,0.23286481870555564,0.11654280444235839,0,0.0,3.557788848245067e-06,0
0,6,22,7,0,0.1494786989496846,0.4271975368445138,1,0.14285714285714285,2.5605973867934235e-06,0
1,16,22,10,0,0.3654270114607683,0.47945510549542036,1,0.1,1.1631194296700956e-05,0
1,9,12,3,4,0.27987303197474217,0.20121339527049076,2,0.6666666666666666,8.015527790994757e-06,1
3,8,19,3,3,0.17069480816285582,0.32216749280817397,2,0.6666666666666666,1.640915749230378e-05,1
0,4,4,10,1,0.416964248138773,0.2746481825595118,0,0.0,5.704057603948768e-06,0
1,14,22,10,5,0.3883239023430955,0.1856041005220947,0,0.0,6.2572540095817775e-06,0
2,11,5,9,0,0.5264075535564137,0.24908462980547177,3,0.3333333333333333,1.2099301117550679e-05,1
0,15,23,7,1,0.4358098719297374,0.4951049970830654,2,0.2857142857142857,5.30299537190243e-06,0
2,10,4,11,0,0.19353946829161298,0.10079714137657911,2,0.18181818181818182,1.4077401325945208e-05,1
0,12,22,11,5,0.6876760016428548,0.4818907475611639,1,0.09090909090909091,1.0849278039954391e-05,0
0,1,9,6,0,0.2488368603638634,0.1941725912916842,0,0.0,5.89554778519366e-06,0
1,3,9,3,4,0.7607168840105512,0.24608345846511923,0,0.0,9.239828899943315e-06,0
0,13,4,2,5,0.3333812362720462,0.2360488764121324,0,0.0,1.6266925373302255e-06,0
4,2,4,4,5,0.7773470791762908,0.6104973044772007,1,0.25,8.187403357946415e-06,1
0,12,5,9,3,0.5930569590486937,0.9419898173531117,2,0.2222222222222222,6.109883430628021e-07,0
2,15,20,4,3,0.11851160681299695,0.36674843516217837,4,1.0,1.069634072036933e-05,1
0,7,17,3,1,0.5306840476569261,0.574019226348978,1,0.3333333333333333,1.592394658119743e-05,0
1,14,5,3,4,0.4230267729061474,0.2102969424867353,0,0.0,6.048376794112094e-06,0
0,8,4,2,4,0.7996348952819169,0.04613700103137974,1,0.5,4.414134004969683e-07,0
0,11,15,8,5,0.06559688878012146,0.2593591104988839,1,0.125,5.822621235256488e-06,0
0,17,13,5,5,0.33093472561084436,0.2706456127033568,0,0.0,3.98808333679002e-06,0
1,16,17,2,1,0.13604236677832904,0.5762976570618035,1,0.5,6.802543828598179e-06,0
0,7,7,6,0,0.08674160411498352,0.023610243875550736,0,0.0,9.015028878549465e-06,0
3,2,18,8,0,0.33050224095967645,0.7732136584438741,0,0.0,7.337913260803644e-06,0
0,13,15,10,4,0.30910958495696444,0.4136217642274783,0,0.0,1.238384518585003e-05,0
2,4,15,5,1,0.7565079058254937,0.12470767991535499,2,0.4,1.139976866965229e-05,1
2,2,8,7,4,0.5368040323956603,0.34627891853051473,1,0.14285714285714285,5.9638947872865915e-06,1
0,14,7,8,0,0.1968922679110678,0.19106886882794727,3,0.375,1.2205707560688313e-05,0
2,4,18,2,5,0.1074867203623355,0.29402442622583375,0,0.0,4.7121806527182976e-06,0
2,9,3,10,3,0.3847108885201341,0.16529418798183088,1,0.1,2.564101906367645e-06,0
1,11,9,7,0,0.3529442684911095,0.3818209943157217,1,0.14285714285714285,1.6453485647476874e-05,0
1,18,20,10,0,0.36340710314014213,0.5979748201328652,2,0.2,1.056599402203846e-05,0
0,6,11,7,4,0.7567072928094476,0.6306055040568148,1,0.14285714285714285,6.237382535788347e-06,0
0,1,7,7,2,1.1608239148942392,0.2064391679746561,2,0.2857142857142857,2.4039767846263258e-05,1
0,19,19,4,5,0.3579737822172802,0.20093082956358874,2,0.5,6.358457238402389e-06,1
1,11,18,8,1,0.22656638212287497,0.4891215451022814,1,0.125,4.562068851351065e-06,0
1,10,8,2,2,0.48010502441049396,0.028622124784003573,0,0.0,4.621122688046102e-06,0
0,10,8,11,2,0.5433058013635854,0.5014659147697683,1,0.09090909090909091,8.311551910388228e-06,0
0,2,5,3,5,0.33129816404919665,0.9436895370908109,1,0.3333333333333333,3.884184942286922e-06,0
1,6,12,5,1,0.46406716602132736,0.45593397992009493,2,0.4,6.546189609940271e-06,0
0,2,20,4,2,0.4939337814710536,0.2469490213977063,1,0.25,7.160039800321321e-06,0
1,7,22,11,2,0.34236015040241013,0.2507811501493388,2,0.18181818181818182,3.571121171739173e-06,0
0,17,22,8,5,0.2973503887806474,0.34965207328736975,0,0.0,2.911881213163299e-06,0
0,19,13,4,1,0.19651297738880044,0.12853185682753654,0,0.0,8.02943501255844e-06,0
0,10,12,7,5,0.5679234323769908,0.9515512130107133,0,0.0,2.1752127396954478e-05,0
1,16,11,8,4,0.36227039170132985,0.31572231000545836,3,0.375,1.27591978227613e-05,1
3,1,24,5,4,0.35618982506443597,0.5574326826847144,0,0.0,1.5076289753885566e-05,1
1,6,11,2,3,0.31687671776548393,0.4668156620745159,0,0.0,1.229019010515298e-05,0
1,10,5,11,0,0.22289603088581345,0.18066989784595583,1,0.09090909090909091,3.7797311279549724e-06,0
1,16,15,6,5,0.2276876844917744,0.15428003669779833,1,0.16666666666666666,6.53207224756198e-06,1
2,7,17,5,3,0.44199906198228506,0.35888719380641304,0,0.0,4.652229428709865e-06,0
3,13,6,8,3,0.4211175931595083,0.15821546257868085,1,0.125,7.701169867071728e-06,1
1,6,6,4,1,0.5597941966561861,0.42411142291481535,0,0.0,1.609447876407016e-05,0
0,7,2,11,2,0.6115095225186888,0.13983551224555385,0,0.0,3.85781310161806e-06,0
3,17,15,5,1,0.4677339319462401,0.6543481505551497,1,0.2,1.3921683779445548e-05,1
2,4,22,6,4,0.4070246449936227,0.3543505135273621,0,0.0,5.297501415804379e-06,0
0,17,21,5,4,0.1545937197913586,0.43675430035016255,1,0.2,2.5195432705865854e-06,0
0,5,20,2,5,0.11947938291552157,0.4110973092347441,0,0.0,2.425167472596709e-06,0
0,4,13,11,3,0.2996171098714212,0.2741090659275533,2,0.18181818181818182,1.1281865675676183e-05,1
0,14,12,8,3,0.6716277474691542,0.6463501969017258,0,0.0,7.715595462777981e-06,0
3,18,18,8,2,0.04535114186152007,0.5981181421885612,2,0.25,1.930209219876004e-06,1
1,16,2,5,0,0.6595413932523176,0.5778369252695801,1,0.2,1.1353117301182098e-05,0
0,11,10,3,0,0.27807808590262884,0.14806392032183646,2,0.6666666666666666,5.604173324779115e-06,0
0,8,23,9,2,0.23271444588210427,0.31735842928178204,0,0.0,1.3718657385410108e-05,0
1,19,7,6,0,0.4051255553101594,0.24736168740552203,1,0.16666666666666666,5.78788067687137e-06,0
3,13,21,11,2,0.37783149377187775,0.2957494793607454,2,0.18181818181818182,5.4714373361413424e-06,1
0,12,21,5,0,0.5554490498620914,0.38951471218568245,2,0.4,8.26939904405149e-07,0
1,12,6,10,4,0.6239439722009131,0.41752700247437047,2,0.2,2.4354594925654927e-05,1
3,2,12,4,5,0.40335708535477766,0.09142846168284789,0,0.0,5.041139656764084e-07,1
0,9,18,8,2,0.21313923745011898,0.3520302211889435,0,0.0,3.225477029851495e-06,0
0,15,2,8,0,0.3573193803485627,0.4452036600265802,1,0.125,1.2471455456522055e-05,0
0,19,10,7,1,0.2518842472018493,0.2687811816399493,1,0.14285714285714285,3.870951143965715e-06,0
0,11,17,9,0,0.2568238006783961,0.08817297602297515,2,0.2222222222222222,1.913203297477198e-06,0
0,1,10,4,0,0.12611711638483597,0.2371142412067979,1,0.25,1.2816778728196018e-05,0
1,9,12,11,3,0.5542245909999963,0.882165955082459,0,0.0,3.821585331762612e-06,0
0,12,23,6,4,0.41433511123767053,0.34178011321400287,0,0.0,1.2411995611768664e-05,0
0,4,21,7,5,0.3169021867102086,0.38181722092097614,2,0.2857142857142857,6.531191192374118e-06,1
2,5,12,3,3,0.35795307037681795,0.2769990930614735,1,0.3333333333333333,3.5598126426217176e-06,1
0,8,7,2,3,0.49758748035689987,0.42131828362000506,0,0.0,2.688038851902025e-06,0
0,7,14,8,2,0.9267582122834761,0.4391234156318311,3,0.375,3.622706269617166e-05,1
1,6,15,4,1,0.19161929533120123,0.22799704950305583,1,0.25,3.654332795608163e-06,0
0,18,6,8,4,0.39334051702236,0.3225800354831513,1,0.125,5.616173818955496e-06,0
1,4,19,8,1,0.16768841812313037,0.898491400159486,2,0.25,1.6859970631245635e-05,1
0,16,19,10,1,0.3084887828213479,0.10500689313823106,2,0.2,8.033655959815561e-06,0
0,16,7,6,1,0.26910126390023087,0.22409539707286655,0,0.0,5.718788542067878e-06,0
1,10,7,10,4,0.17861821294417707,0.24247696451960402,2,0.2,9.737882863554065e-06,1
0,15,10,5,5,0.13535518158403087,0.19700775869068876,5,1.0,1.1600686532587033e-05,1
0,9,23,9,3,0.3189742060613671,0.14070980520490523,2,0.2222222222222222,2.3881807949992145e-06,0
4,15,6,10,0,0.5777419419196708,0.38446908357647613,1,0.1,1.829788068022703e-05,1
1,16,23,2,4,0.12805518249671977,0.5142314044472907,1,0.5,2.311981726167401e-06,0
0,11,2,3,3,0.14716076395602565,0.30991587149825744,1,0.3333333333333333,3.057631080874596e-06,0
2,12,9,7,0,0.31107291697947476,0.3301300708189241,2,0.2857142857142857,9.895025973816384e-06,1
1,6,5,7,0,0.30059632661982194,0.47074947149206503,0,0.0,6.888555949193588e-06,0
0,8,6,3,0,0.3700046468094204,0.7301155820493818,1,0.3333333333333333,2.086164164769233e-05,0
0,17,24,10,0,0.6654002861514845,0.3834538244409932,1,0.1,1.2117803592824344e-05,0
1,9,7,9,1,0.2658032085017278,0.3103044951158577,0,0.0,1.0207791842305856e-05,0
1,12,16,6,5,0.30928318360781515,0.2569789049365822,0,0.0,5.700906145800958e-06,0
1,10,3,2,5,0.20021094806356593,0.4780284827413844,0,0.0,1.4833127454368272e-05,1
0,12,7,8,3,0.12115596581951914,0.752771649552564,1,0.125,2.012312820041038e-06,0
1,3,22,8,2,0.12818714477620163,0.21562769871953177,1,0.125,5.267852533280417e-07,0
0,15,21,5,2,0.29877938749627875,0.7211339010089695,2,0.4,2.378337783414964e-05,1
0,3,6,11,2,0.6006159490748254,0.7081124848619925,1,0.09090909090909091,9.592994447024135e-07,0
0,16,17,4,2,0.17521752215938716,0.3144167595877595,1,0.25,6.190854640833384e-06,0
0,11,7,6,4,0.26959974286127514,0.3862848967263084,2,0.3333333333333333,1.3081874727227338e-05,1
0,12,13,10,4,0.03993498164789756,0.20965763407409913,0,0.0,7.535538385154621e-06,0
1,12,16,4,0,0.4138427531875121,0.524721158291389,1,0.25,2.974512214960928e-05,0
1,9,21,2,2,0.2599118708584896,0.7241631117931366,4,2.0,1.3200867371191422e-05,1
1,5,16,2,4,0.4194657302684714,0.40452551866190395,2,1.0,1.2117777525354352e-05,1
1,7,16,4,0,0.4601909759644595,0.45293786746808157,1,0.25,9.051120567090391e-06,0
0,8,9,10,4,0.29249422673078157,0.23295503224301128,2,0.2,4.368617374189158e-06,0
1,12,15,10,3,0.35619080778299667,0.48542053624987547,0,0.0,1.4784354219585022e-05,0
2,5,9,8,5,0.1125603640451674,0.2104250327046118,2,0.25,8.69825370147998e-06,1
2,18,24,5,3,0.68264935072076,0.5429668305355412,1,0.2,2.236892989974138e-05,1
0,16,17,6,2,0.3193109344280188,0.600179873849621,4,0.6666666666666666,1.617985234530759e-05,1
0,11,4,9,2,0.2735542637777927,0.07452714107671529,0,0.0,2.236054483911131e-06,0
0,1,13,6,3,0.3768587685318175,0.2418295452195189,0,0.0,7.618837726980018e-06,0
1,7,13,5,1,0.5533965134942483,0.2890441765989326,0,0.0,1.5718703467826675e-05,0
1,17,20,10,0,0.31043314469467786,0.816871539390519,2,0.2,2.1014547709376092e-05,0
0,3,8,10,3,0.25302141705950143,0.12127093420392165,1,0.1,3.694351277510928e-06,0
1,13,14,11,4,0.40032993337804734,0.06426114285097553,1,0.09090909090909091,1.0559855346724872e-05,1
0,6,6,2,3,0.19949327766378927,0.04071352307707385,0,0.0,4.993116009339501e-06,0
0,14,2,8,3,0.402659436039328,0.24358008889214633,1,0.125,1.2437535510263001e-05,0
0,10,5,9,3,0.12469714998972802,0.9127890695900003,0,0.0,5.03901711543894e-06,0
0,5,18,5,5,0.7261473111971192,0.046077350406927384,1,0.2,3.0645605018959563e-06,0
0,6,5,3,5,0.316908939703588,0.42334182190066927,3,1.0,5.671831374912371e-06,1
1,3,10,7,1,0.42952058580780295,0.3179307554236441,0,0.0,5.326524981016653e-06,0
1,3,4,4,0,0.24144257502707925,0.49582351478506514,1,0.25,1.705154909902812e-05,0
1,7,24,10,2,0.23688349379249352,0.3412746393757677,1,0.1,4.104791267478954e-06,0
2,14,12,7,1,0.21834906804562448,0.45414868031374145,0,0.0,6.3590464107241675e-06,0
0,18,9,3,1,0.26866884804830543,0.2500981671199745,2,0.6666666666666666,9.463510962816277e-06,0
0,17,20,8,0,0.25480407547585165,0.15473070087202814,1,0.125,6.692711457199133e-06,0
0,17,23,10,5,0.42415656573924515,0.3401866232488419,1,0.1,7.346874675171964e-06,0
2,2,12,7,4,0.5661210318891535,0.4173190489905453,2,0.2857142857142857,1.2449320300133995e-05,1
1,16,22,9,4,0.06155052775379009,0.238409944837986,1,0.1111111111111111,2.6454516292933835e-06,0
0,11,18,8,0,0.11008250357074936,0.4310288622540065,0,0.0,4.305844556423658e-06,0
0,8,18,6,4,0.30375215381016424,0.42476021764997846,1,0.16666666666666666,5.228567049096114e-06,0
3,7,20,10,3,0.7629617680416549,0.3974597421813749,1,0.1,1.877899256315728e-05,1
1,17,23,4,1,0.7236177353806262,0.34423433755894545,1,0.25,5.258650259469762e-06,0
3,10,15,11,1,0.2861771075925496,0.21599729732963802,0,0.0,5.923659931930816e-06,0
2,4,4,10,0,0.20832121079246613,0.22264013692866602,2,0.2,1.8279029210216057e-06,0
0,4,11,5,4,0.20526586694876325,0.3376485402886349,0,0.0,5.065775032002387e-06,0
2,12,8,3,2,1.176959525163514,0.6626118878728162,2,0.6666666666666666,1.4924759908571747e-05,1
1,7,4,10,1,0.6439322076496659,0.6593245395509306,1,0.1,5.354197168308652e-06,0
3,16,24,2,4,0.4195218006596464,0.343675162607533,2,1.0,1.2942548934246168e-05,1
0,14,15,3,3,0.8735758811840291,0.5314749914773618,0,0.0,1.8106579725992752e-05,0
1,1,5,7,3,0.21795730133373187,0.3654067722910449,1,0.14285714285714285,7.265811015069676e-06,0
1,2,5,6,1,0.4781996085557909,0.12087645847035035,1,0.16666666666666666,6.2825776625646985e-06,0
1,17,11,8,3,0.27691241205615574,0.23772566116041297,3,0.375,2.5481862702819836e-06,1
1,1,24,7,3,0.26869313565142955,0.0778607222742639,2,0.2857142857142857,3.2835167873606433e-06,1
0,14,17,9,3,0.2173421529784958,0.7065356559072431,0,0.0,1.0420678476298834e-05,0
0,2,22,2,4,0.267749213317295,0.13490736302608697,0,0.0,6.98508087818118e-06,0
0,8,15,8,2,0.4376689759001877,0.4656080835155559,4,0.5,1.2133521380909496e-05,1
0,6,24,2,1,0.2588711184018768,0.3049990894865644,2,1.0,1.1267150152849097e-05,0
0,6,4,5,1,0.38839267444169207,0.8575178846468352,0,0.0,2.710166308248418e-05,0
1,1,14,4,1,0.44475532624539343,0.2758651949514899,1,0.25,4.6145247113726005e-06,0
2,13,17,5,4,0.23795360164190754,0.3897591434166338,6,1.2,1.3979191496925065e-05,1
1,10,21,6,2,0.4842590202351711,0.17093296707931369,2,0.3333333333333333,8.790849434636796e-06,0
0,3,7,2,0,0.22477339304416674,0.1276536180217772,1,0.5,7.834093722685945e-06,0
0,18,20,5,0,0.3436054954455456,0.44821492498932686,4,0.8,1.6018132584719602e-05,1
0,8,21,2,0,0.4883612757945702,0.06264297394423002,2,1.0,1.1786379894924082e-05,0
2,8,17,9,1,0.21620343213941515,0.3880644345407598,0,0.0,5.926399408583427e-06,0
0,7,18,7,5,0.2067113077319856,0.2880147188248623,2,0.2857142857142857,6.735095598270794e-06,1
0,9,23,2,4,0.41299365796437004,0.23166639813475012,1,0.5,5.540195381149783e-06,0
0,13,6,10,3,0.3942463592076543,0.5513212222365335,3,0.3,6.510653872241853e-06,1
0,12,5,6,3,0.2474959152978465,0.1986236302720518,1,0.16666666666666666,9.534530033513169e-06,0
1,16,3,7,1,0.45752226486612324,0.9255506592000436,0,0.0,5.469197812873734e-06,0
1,2,11,3,4,0.215762080466893,0.07003395198197145,1,0.3333333333333333,3.7773062688578158e-06,0
2,10,24,3,5,1.1029332857922804,1.0539660398765422,1,0.3333333333333333,1.064539343553482e-05,1
2,14,9,7,2,0.25408401554148424,0.2626286138627371,0,0.0,5.269240439983896e-06,0
0,12,16,11,1,0.25080978422000155,0.14902604024583815,0,0.0,8.145238996887569e-06,0
0,15,13,3,4,0.42365595127368255,0.620223007207912,1,0.3333333333333333,6.60883090552219e-06,0
2,13,16,4,3,0.33973890598779055,0.3688744684319333,1,0.25,6.404884707267364e-06,1
0,5,19,5,3,0.22095849212644578,0.3532898426382336,2,0.4,7.719016217337147e-06,0
2,2,6,2,0,0.3739672907648102,0.2149974175917082,3,1.5,1.5316372081016734e-05,1
2,13,22,2,3,0.1648932835013734,0.3911460567107201,2,1.0,2.414099165103956e-06,1
0,1,23,7,1,0.16191331495809358,0.4467221917382699,1,0.14285714285714285,8.313606282095738e-06,0
1,13,17,8,4,0.3619922550211182,0.653744634817732,1,0.125,2.410213459246888e-06,0
3,12,24,10,3,0.3565108136447869,0.5921736008537914,3,0.3,1.1619848123712514e-05,1
1,11,13,7,2,0.39170523461348195,0.35900598378787374,1,0.14285714285714285,4.482225625331951e-06,0
0,10,20,6,4,0.26035297688600345,0.1631536421345388,1,0.16666666666666666,4.223612130964238e-06,0
1,17,8,2,0,0.2580587646158859,0.3424555620951898,4,2.0,4.588906595573534e-06,1
0,16,17,7,4,0.5271825309231875,0.1787369808372708,1,0.14285714285714285,4.791498538046889e-06,0
2,3,10,11,4,0.06155670539965967,0.26308772108744144,1,0.09090909090909091,1.1045853675358204e-05,1
0,13,23,2,0,0.3611261205373753,0.4087904334948656,1,0.5,8.026618959339768e-06,0
0,2,17,11,0,0.19372371020552137,0.4042873441103637,0,0.0,9.846236651827283e-06,0
1,9,24,11,1,0.05373599295404832,0.25144521573099066,1,0.09090909090909091,5.141280860619554e-06,0
0,10,9,11,4,0.3443279742195902,0.4230732503566626,1,0.09090909090909091,1.053274006713104e-05,0
1,8,19,6,5,0.22937164223776785,0.2992953223093162,1,0.16666666666666666,7.425693459468197e-06,1
2,15,4,10,1,0.5709769131602961,0.34967038496581504,0,0.0,1.650848033673775e-05,0
0,3,24,3,5,0.4798487731631524,0.1602646598530609,1,0.3333333333333333,5.421002707673657e-06,0
1,19,21,4,1,0.28674664331555105,0.4396267549541729,2,0.5,6.693916423453381e-06,0
1,6,20,4,5,0.5403603908659226,0.2639121974482426,1,0.25,1.092896299229162e-05,1
2,16,6,11,2,0.6497818475550126,0.47642648150017275,0,0.0,1.5443705223411628e-05,0
1,2,13,4,2,0.1256067351623498,0.4319687515705448,1,0.25,1.7773128246782447e-05,1
1,14,14,2,1,0.16076876316456248,0.47024977269421875,1,0.5,4.392086901840243e-06,0
1,13,20,6,4,0.6035300565336165,0.5200017829616798,1,0.16666666666666666,9.211121144753258e-06,1
1,13,4,5,5,0.38734303779021123,0.41346916203666617,3,0.6,1.1902554849691158e-05,1
0,4,21,11,4,0.25798637151580595,0.08565702350804065,2,0.18181818181818182,1.1247377713974646e-05,1
0,18,8,8,2,0.29769259523224106,0.5518902516926898,1,0.125,1.6507329468338225e-05,0
0,15,21,2,1,0.1345717116852876,0.1292001928385705,2,1.0,1.2247118521851452e-06,0
0,18,19,7,1,0.22130763896547076,0.10694833689006755,1,0.14285714285714285,7.340691683388562e-06,0
1,14,22,2,0,0.3095924896108705,0.11559357059347944,2,1.0,5.444312918357451e-06,0
2,14,5,10,4,0.07824647299240502,0.2898355347694032,0,0.0,1.3876769848060001e-05,1
1,16,14,5,1,0.45473666832463017,0.1691459730767032,0,0.0,5.324271755793001e-06,0
0,19,24,4,3,0.5098515988971187,0.7367087178788572,0,0.0,1.1129243997381754e-05,0
2,13,21,8,4,0.11475549899759531,0.044751266157339625,2,0.25,1.1747312095576482e-05,1
0,14,10,7,4,0.24350866955683817,0.1877232587544101,1,0.14285714285714285,1.7925939460488736e-06,0
1,3,20,10,5,0.37468614266806427,0.29655832650152253,0,0.0,4.979649160088828e-06,0
1,9,12,8,3,0.19981207072612567,0.6253457553336633,1,0.125,1.4137813842689277e-05,1
0,15,21,7,2,0.2632947781759793,0.3845922349345908,2,0.2857142857142857,1.0900804975125633e-05,0
0,6,14,4,4,0.6038048136710373,0.45020670095923976,1,0.25,1.5173481253160502e-05,1
1,12,21,7,4,0.6944173864048362,0.5007133045524024,1,0.14285714285714285,1.4563936241574725e-05,1
0,4,2,10,4,0.38569729415535964,0.2847000331384593,0,0.0,1.2930748949652742e-05,0
0,5,23,9,5,0.47004954393701237,0.43384892109607964,0,0.0,7.519115602468953e-06,0
0,19,19,11,0,0.32529222929603835,0.5167501972650566,0,0.0,2.002226583755873e-06,0
2,5,19,2,0,0.40725089166402567,0.23728530440042675,1,0.5,1.0511712570727692e-05,0
1,4,10,7,0,0.619630798236863,0.861838804659619,1,0.14285714285714285,3.497979253708017e-05,0
0,10,19,6,4,0.18203745678806948,0.29749830306565783,2,0.3333333333333333,1.1282688926256928e-05,1
0,15,3,4,2,0.30889439366495697,0.030792005871904147,3,0.75,2.6115351212968026e-06,0
0,1,21,5,2,0.3757088161738725,0.42490216569347067,1,0.2,5.085031120029974e-06,0
1,13,20,9,1,0.20911729446995928,0.35811564087053566,1,0.1111111111111111,7.382818119385573e-06,0
0,12,10,7,4,0.024084222528662966,0.2462294197359835,1,0.14285714285714285,8.21605778927413e-06,0
0,1,20,9,4,0.41405173496748776,0.5476851682522765,0,0.0,6.628822161693008e-06,0
0,14,9,6,4,0.46694128599959767,0.2512279017677716,1,0.16666666666666666,5.278419411794508e-06,0
1,14,23,3,2,0.11857262694388829,0.3866634818912183,1,0.3333333333333333,4.661129794376068e-06,0
0,3,14,2,0,0.23574121861302869,0.45229527330258573,3,1.5,1.4747591653763378e-05,0
0,10,11,2,4,0.11906221048510757,0.29331988075558935,3,1.5,5.326386833815671e-06,1
0,15,20,2,5,0.6927722948639999,0.36858626203458744,1,0.5,6.57848435826958e-06,0
0,13,2,11,5,0.2573043715741057,0.7025698281405919,3,0.2727272727272727,1.6515139691754363e-05,1
0,10,24,6,0,0.24901816307132538,0.27973272373209085,3,0.5,3.188724466855726e-06,0
1,14,7,9,4,0.43371602259673175,0.33707464005826954,2,0.2222222222222222,1.6259275072690664e-05,1
0,11,10,8,5,0.6651088345233047,0.48297807558208894,2,0.25,9.622274505896755e-06,1
0,9,3,6,2,0.6685088600679887,0.704920056715684,2,0.3333333333333333,1.0816461527447434e-05,0
1,3,18,5,3,0.1847757930447961,0.6843671714550315,0,0.0,4.639609716032739e-06,0
1,11,2,6,3,0.48476824076092156,0.3874398123965974,1,0.16666666666666666,1.952905876227245e-06,0
3,4,24,6,4,0.06905468189793817,0.17440666939297292,2,0.3333333333333333,2.7875170914102725e-06,1
2,17,3,8,1,0.28360098732198524,0.025277554411462132,1,0.125,7.3114803564397114e-06,0
2,11,6,2,3,0.2549652514817858,0.4476633657930808,1,0.5,1.5316372081016734e-05,1
1,12,6,11,2,0.32855200751344027,0.28819027569820593,2,0.18181818181818182,9.803991039078282e-06,1
0,13,19,8,0,0.30206135513770527,0.21518713788455765,0,0.0,9.817677130661456e-06,0
0,12,13,2,1,0.8429007174722338,1.5413939673582184,1,0.5,5.675652997698025e-05,0
0,10,4,4,3,0.39310827438137275,0.47113246658958596,0,0.0,3.057814698430151e-06,0
3,10,11,10,0,0.06918996964855484,0.2739833386212715,1,0.1,9.031562784280484e-06,1
3,12,9,9,5,0.35320542583115133,0.4960841269781888,2,0.2222222222222222,6.7580223129740015e-06,1
2,9,22,10,2,0.08636583161582309,0.4687168079201058,1,0.1,3.490049261066372e-06,0
2,11,8,3,4,1.0155610050544202,1.2326658405234021,0,0.0,1.3247655498353326e-05,0
1,1,2,5,2,0.23740469695135547,0.6527881455455905,2,0.4,1.2692102476417881e-05,1
0,15,22,9,2,0.4585184646015826,0.03252936365283819,0,0.0,5.542396581000228e-07,0
2,7,14,9,5,0.062853371020877,0.4040624222247698,4,0.4444444444444444,1.2411016480259376e-05,1
1,8,13,2,2,0.3854638033063778,0.24947844144009632,0,0.0,7.248184836118892e-06,0
1,18,21,7,3,0.03533908035499239,0.33197321963478155,1,0.14285714285714285,2.8928015950853767e-06,0
0,1,24,7,2,0.5146745001641481,0.5191243499117945,3,0.42857142857142855,8.420948514926323e-07,0
0,7,6,7,0,0.3419119644535282,0.8874480051838147,1,0.14285714285714285,3.078069058073982e-06,0
1,17,10,9,4,0.40410463544251585,0.4235197894064561,1,0.1111111111111111,5.494071469923568e-06,1
0,14,17,3,5,0.6480406784512822,1.4648468869734876,0,0.0,2.623595328821348e-05,0
1,4,3,4,0,0.04431885722028504,0.16788085640093522,1,0.25,1.2311036198793208e-05,0
1,2,13,9,1,0.5143548663493404,0.5479730174675865,1,0.1111111111111111,6.942503233972171e-06,0
0,10,23,2,3,0.7545419488354049,0.9322991287475024,2,1.0,6.094629230575275e-06,0
2,13,3,2,1,0.3028606144909253,0.29235498716783503,3,1.5,4.3614313411988236e-06,1
2,11,16,11,4,0.27872323466174415,0.19948195633462254,0,0.0,3.933146589495635e-06,0
2,6,4,2,2,0.38253071445930154,0.2681787514469116,0,0.0,1.2217172355764836e-05,0
0,2,21,11,4,0.031261777958123196,0.16828384790361436,1,0.09090909090909091,2.601014953858562e-06,0
2,13,15,2,3,0.32718633175133816,0.39478540164393267,5,2.5,1.10067851149472e-05,1
2,11,4,8,3,0.4415195477169444,0.18599728597160836,2,0.25,8.617366315743e-06,1
0,7,16,6,0,0.1501259815519091,0.11554444998377093,1,0.16666666666666666,3.71655311110226e-06,0
0,12,6,3,5,0.1695842756300355,0.43513330565999403,1,0.3333333333333333,1.6516480660646944e-05,1
1,12,23,8,5,0.24866287556107738,0.32275450129172945,0,0.0,6.3573434487861086e-06,0
0,16,4,2,0,0.22538301786362602,0.09013004029077894,0,0.0,1.0707548361535232e-05,0
2,12,5,4,2,0.23977302494756308,0.2590776210017811,4,1.0,6.7597275504742275e-06,1
0,14,3,2,1,0.3612876885380936,0.37050505049742977,0,0.0,3.852212675788395e-06,0
0,7,4,10,4,0.4167502551981458,0.5508309481030415,2,0.2,1.0777169495705144e-05,1
1,18,24,8,1,0.38309712268198876,0.35011167534361576,2,0.25,2.0758249398694976e-06,0
0,14,6,6,5,0.31480314159918993,0.2799734293338977,0,0.0,1.5316372081016734e-05,0
2,7,3,7,5,0.12,1.1503814114507993,1,0.14285714285714285,4.470055423739955e-06,1
4,18,13,4,3,0.19513649874099592,0.41941060277851133,1,0.25,5.268632779709376e-06,1
1,5,7,2,3,0.22507525937072975,0.26330955114317334,0,0.0,3.134180258840483e-06,0
1,17,12,4,0,0.5784114905715788,0.425951440050984,1,0.25,2.081655517278156e-05,0
2,5,12,11,3,0.1552378997897312,0.040201315955381345,0,0.0,7.298187846213489e-06,0
2,7,11,2,5,0.541841053575777,0.3414606208232989,1,0.5,7.329972296915446e-06,1
1,9,13,8,0,0.25180655631554494,0.16704746133530501,0,0.0,5.881612042312974e-06,0
0,9,11,4,2,0.23451560352147066,0.3838261684472115,1,0.25,5.147811581549488e-06,0
0,8,15,2,0,1.0289778167821626,1.2882286094300464,2,1.0,8.151472475494855e-06,0
0,2,16,6,3,0.29042057897033186,0.36980390408886604,2,0.3333333333333333,2.858171556137714e-06,0
0,9,14,7,5,0.6728501148742938,0.20218671573457214,0,0.0,9.557795632048518e-06,0
1,16,17,2,5,0.12822587517466752,0.2725653662674924,1,0.5,1.0993338671295318e-06,0
1,14,16,9,0,0.31168056825787027,0.781359428602157,3,0.3333333333333333,1.4109281620088318e-05,1
0,13,14,3,2,1.0515032578685017,1.3977673623106945,1,0.3333333333333333,1.594135044387754e-05,0
0,10,2,5,0,0.6585459196890616,0.6412766740154424,0,0.0,1.037830487599e-05,0
1,18,8,11,1,0.19582231671078904,0.3102687983688601,1,0.09090909090909091,1.260600833981125e-05,0
3,3,4,3,4,0.3632484064952155,0.6339754527656692,1,0.3333333333333333,9.104692903874981e-06,1
1,14,6,10,3,0.29186419237247374,0.11870968352966711,1,0.1,4.7705539033065496e-06,0
1,12,19,9,3,0.31253781420605964,0.1614203050778996,1,0.1111111111111111,9.963893363615815e-06,1
1,2,2,8,5,0.5614605748152086,0.4225559839917701,1,0.125,1.2986929510640157e-05,1
0,13,21,3,3,0.47450230745189387,0.38351490662519455,0,0.0,1.5504334236974123e-05,0
0,13,8,2,5,0.5041939645316992,0.4985342745269971,2,1.0,7.899772251988997e-06,1
1,18,19,9,1,0.37898064571179424,0.8841285614559421,0,0.0,1.0530736012774762e-05,0
0,3,14,2,2,0.3975550900484711,0.5841533022455718,1,0.5,1.113504597581314e-05,0
1,18,8,10,1,0.4641443196620785,0.3316301724853234,1,0.1,1.2008630321645807e-05,0
1,8,20,7,5,0.1456307801304005,0.7392436631291959,1,0.14285714285714285,1.8772512486682722e-05,1
1,1,12,9,4,0.7338596009395535,0.0387690096479365,1,0.1111111111111111,1.2782395148125833e-05,1
0,7,7,3,5,0.3355293579583557,0.21357715506694314,2,0.6666666666666666,3.4733280421819246e-06,1
2,10,16,9,4,0.43021526543729566,0.7043399678144454,0,0.0,2.9334702474910117e-05,1
0,13,3,2,1,0.0879187793356145,0.5745484217008835,0,0.0,1.3878788505404548e-05,0
2,16,13,8,2,0.10505166953621373,0.4775179752963097,1,0.125,7.316687524539304e-06,1
0,12,13,2,1,0.3363585380041692,0.5340738206105059,0,0.0,7.850106789398963e-06,0
0,19,7,4,1,0.5016286389500221,0.5904726111173793,1,0.25,1.1394095033294715e-05,0
0,11,5,5,0,0.500885997280475,0.6472861002166368,0,0.0,5.715430785817668e-06,0
0,5,3,4,0,0.14480799707311504,0.09551592922459512,0,0.0,2.8568307418260498e-06,0
2,11,18,3,5,0.23557232767758035,0.43100826468242814,1,0.3333333333333333,1.5316372081016734e-05,1
1,12,13,6,0,0.2948951710095234,0.32454029731341716,2,0.3333333333333333,7.06280186843892e-06,0
0,8,13,7,2,0.3646994589806775,0.39666784191659943,1,0.14285714285714285,4.8186299108772705e-06,0
2,1,4,5,3,0.38107886694223153,0.700672248168243,5,1.0,9.663176788095626e-06,1
1,12,18,2,4,0.751375998009181,0.7007321685525965,0,0.0,9.864098859767968e-06,0
1,12,20,4,5,0.27134757244597757,0.02627271598222365,2,0.5,7.2025604152553105e-06,1
2,19,22,4,4,0.6716693171163962,1.061805283270213,0,0.0,1.6101317960928098e-06,0
0,15,23,10,2,0.3653317028330932,0.12618239006907436,0,0.0,9.14872818945097e-06,0
0,14,17,5,2,0.6215516284493614,0.49816560223254,1,0.2,1.2618419857819524e-05,0
0,14,23,9,0,0.14287848720704996,0.2605594142475482,0,0.0,6.98155582646058e-06,0
1,19,15,10,1,0.05108452812358273,0.30425002278455726,0,0.0,8.583871292609365e-06,0
2,10,18,3,0,0.26564671833257725,0.3157704152836322,3,1.0,3.1483330607215863e-07,1
1,2,17,5,0,0.636266945434254,0.3265123586376372,1,0.2,2.6965650323642702e-05,0
2,3,7,6,2,0.3148987745969728,0.3918437170049094,2,0.3333333333333333,2.6077100148387614e-06,1
1,11,13,9,0,0.20353643333091923,0.16706313533515044,0,0.0,1.022837981213219e-05,0
0,13,24,10,3,0.3905545165890906,0.2646551952639255,1,0.1,1.0006459143816988e-05,0
0,12,3,3,2,0.5815386043874745,0.7312358908111344,2,0.6666666666666666,3.874978090900325e-05,1
0,19,5,7,1,1.0172112628427021,0.1865067253347607,0,0.0,1.2583885579713897e-05,0
0,13,22,11,0,0.19960401766103808,0.10846125766285473,1,0.09090909090909091,7.448119189497873e-06,0
0,1,6,3,0,0.45385799335071964,0.4993235550682862,0,0.0,7.273953496687332e-06,0
1,2,2,11,5,0.43060869612478975,0.2112099615340296,0,0.0,1.2600216687458566e-05,1
1,3,19,5,5,0.37674158772458693,0.10861172908745717,2,0.4,1.4137176537496468e-05,1
1,1,15,10,3,0.38333543385289265,0.3064589603228073,1,0.1,7.70377590325269e-06,0
0,3,19,6,4,0.8715216159944441,0.2936626019135222,1,0.16666666666666666,7.4827614160103325e-06,0
2,13,24,5,4,0.3843018170110946,0.42735110082600586,2,0.4,1.7915305601996495e-05,1
0,15,7,8,0,0.5843523731955039,0.4401316512746235,2,0.25,1.5545332169812663e-05,0
1,3,18,8,4,0.3330432748533641,0.23539852119916946,3,0.375,7.4225847618016514e-06,1
0,4,13,7,4,0.42401178986057525,0.44550120236841306,2,0.2857142857142857,1.0402280763989824e-06,0
1,14,14,11,1,1.0177246219898837,1.44923994185845,2,0.18181818181818182,1.926267689100513e-05,0
0,1,12,7,1,0.21929442495631923,0.48311698832298083,1,0.14285714285714285,1.6528138726394973e-05,0
1,16,24,4,1,0.18932573938075084,0.27147484150599416,0,0.0,5.733095764007843e-06,0
0,4,22,6,4,0.4818896508682213,0.3093187922835741,0,0.0,1.7193005471601e-06,0
0,5,20,3,5,0.19033541446559513,0.28424865982798275,2,0.6666666666666666,7.812953230306211e-06,1
1,14,20,4,0,0.3352874787544923,0.6406485462978198,0,0.0,1.4777418511279178e-05,0
0,19,10,7,0,0.4849700697646576,0.32552142957350977,1,0.14285714285714285,5.949373852011974e-06,0
0,13,11,5,2,0.22963447045157567,0.018113668442654576,3,0.6,5.449895227747863e-06,1
0,4,21,11,1,0.48903788892865496,0.31738298587242175,2,0.18181818181818182,6.796340927242157e-06,0
0,15,2,11,4,0.3801376740236983,0.3988775894172196,1,0.09090909090909091,7.421708767975953e-06,0
2,2,17,6,2,0.26376025794868074,0.38285444743083247,0,0.0,1.0347783666730058e-05,0
1,19,20,5,2,0.1580215711905184,0.5317109506859404,1,0.2,1.0595612858351949e-05,0
1,17,16,6,2,0.4073732973131345,0.5438643861485047,1,0.16666666666666666,7.84346660666972e-06,0
1,9,14,6,2,0.43898339858371105,0.3804648550196276,1,0.16666666666666666,6.77476155894178e-06,0
2,16,22,6,4,0.5010021602706863,0.7532748968070839,1,0.16666666666666666,1.4342588245858165e-05,1
3,13,15,11,1,0.3023694718175939,0.35099011681940373,3,0.2727272727272727,8.1440206827948e-06,1
0,18,13,10,2,0.3274695116205714,0.1323279835699655,5,0.5,7.615765229853162e-06,1
0,12,2,4,0,0.56394404487764,0.40862881370227916,0,0.0,1.739128787899399e-05,0
1,2,19,10,3,0.16788336560752928,0.16971409984002686,0,0.0,9.280934745176721e-06,0
0,2,2,10,2,0.1368558275796281,0.3098948723793546,2,0.2,2.9568455763549203e-06,0
0,19,7,8,4,0.21768090833422044,0.25889723401168885,1,0.125,5.912893910396812e-06,0
0,3,4,9,4,0.2264199550011441,0.274930581955611,2,0.2222222222222222,1.811936455327267e-05,1
0,11,11,4,3,0.6528840509703937,0.26514430306238834,2,0.5,1.603209994296437e-05,1
0,9,19,5,1,0.9141252334332279,0.6995059855769972,2,0.4,1.0507972341918163e-05,0
1,6,24,7,2,0.3957232348551376,0.3031964319085258,1,0.14285714285714285,5.126355608049811e-06,0
1,9,21,2,1,0.41032115573589095,0.19119774893059352,2,1.0,1.8204826793155753e-05,1
1,6,16,4,5,0.3471911451566056,0.4863787182418383,2,0.5,1.7991018824606835e-05,1
0,16,3,10,4,0.1953902850011156,1.0365060933975097,0,0.0,3.28791232642936e-05,0
1,10,19,8,4,0.6381957741615512,0.6225930639510872,2,0.25,5.101183639578917e-06,1
1,17,8,8,0,0.3642153185388857,0.20220072394490524,0,0.0,9.959425213785261e-06,0
0,8,4,5,2,0.2969384897849279,0.30421677382646567,2,0.4,7.776048478814977e-06,0
0,10,12,4,4,0.22160264780695643,0.6170288487690977,4,1.0,8.337257258659206e-06,1
2,14,19,7,0,0.5648202572077167,0.17757016334759546,2,0.2857142857142857,5.960432407680248e-07,0
0,2,5,3,2,0.5510454594852467,0.4943678954863414,1,0.3333333333333333,3.5376498685052694e-06,0
1,4,7,5,3,0.38164473638806073,0.14459536481232374,1,0.2,2.859464345957271e-06,0
1,7,13,7,2,0.39843467169953745,0.2641150088297877,0,0.0,1.1918350144560822e-05,0
0,6,6,4,1,0.7407421547297286,0.25907905174105583,2,0.5,6.957795420186584e-06,0
2,9,14,8,0,0.39995976907483205,0.3126453962276303,1,0.125,1.4766018196162358e-05,0
1,13,19,7,3,0.20880979874992556,0.21971452130560537,2,0.2857142857142857,4.000121906150295e-06,1
2,2,2,2,0,0.1467130343259359,0.4065777774721432,0,0.0,9.42700231252285e-06,0
1,3,10,6,3,0.22115241621391193,0.2739700080275267,0,0.0,7.199379635224234e-06,0
2,2,17,9,0,0.8270781853614968,0.329511802948163,0,0.0,9.159178199214546e-06,0
0,14,11,11,4,0.14601358036024226,0.25251254000077356,1,0.09090909090909091,3.247669477974887e-06,0
1,19,15,7,4,0.32207615555756036,0.16838321201234843,0,0.0,4.147324923890139e-06,0
0,11,2,2,1,0.07734771149624617,0.17653657465642136,2,1.0,7.1404034499985176e-06,0
1,2,2,10,1,0.40817176627054486,0.2723038858183222,1,0.1,6.450248121964631e-06,0
2,2,8,3,2,0.19258516242699023,0.28410006420997874,1,0.3333333333333333,6.4829586853830185e-06,1
1,11,3,7,0,0.10862758198495333,0.35372015392042394,2,0.2857142857142857,6.605078692366117e-06,0
1,4,6,10,2,0.2318404984826426,0.9382877298208699,3,0.3,1.0562856820408162e-05,1
1,7,23,5,1,0.2856135799451091,0.5577091874631406,0,0.0,7.521332563129993e-06,0
0,9,19,10,1,0.22644745655835466,0.6039025158224024,0,0.0,1.1402916373221452e-05,0
1,10,18,10,1,0.03378663730023377,0.14716375939623927,1,0.1,8.127243666332332e-06,0
1,2,10,4,5,0.3150337334639137,0.09265593605658301,1,0.25,7.2929170644822855e-06,1
2,18,11,9,2,0.42787328679471925,0.39315500955599675,3,0.3333333333333333,9.595853952025472e-06,1
0,1,10,9,2,0.16151438417908365,0.25307078562258484,0,0.0,1.3023926440584398e-06,0
1,19,20,10,1,0.11246578300618236,0.6846902526461712,0,0.0,1.0315835877359516e-05,0
0,8,19,10,2,0.1593318844190143,0.2539051271503404,0,0.0,3.950613904060939e-06,0
0,14,10,10,3,0.29721942858631184,0.38387638506243427,0,0.0,1.1144792306440285e-05,0
0,3,20,2,0,0.7082381580029063,0.5490045700946439,2,1.0,2.467579179974561e-05,0
1,13,10,4,3,0.4339601208004897,0.49928544978809203,2,0.5,3.479824333583313e-06,1
0,9,21,9,3,0.26993025456150493,0.2216885371518152,2,0.2222222222222222,4.1375435445100445e-06,0
1,16,24,3,5,0.2940204820794909,0.4784909742824759,3,1.0,1.3733638042271105e-05,1
1,7,19,9,4,0.43210963314674167,0.46019505556266455,0,0.0,6.46267494699597e-06,0
1,11,10,2,1,0.0683739612782939,0.3677526742292045,3,1.5,9.564190314636102e-06,1
0,3,5,9,4,0.44955630582961514,0.32995061213186583,0,0.0,4.906550486598297e-07,0
0,2,11,5,1,0.3715749015600691,0.3338636008550164,0,0.0,5.83712550757169e-06,0
1,3,6,11,3,0.29349062429325745,0.32398492221018316,0,0.0,7.815175508030127e-06,0
0,18,12,7,0,0.395611279696121,0.3768235819638637,0,0.0,1.531141586377735e-05,0
0,5,8,5,1,0.44155171192996917,0.1762845202590517,3,0.6,2.3349313155124317e-06,0
2,2,22,6,0,0.413357166999032,0.4617487725305908,1,0.16666666666666666,5.39819658314071e-06,0
0,19,14,6,0,0.39615369698053665,0.4273786842718939,0,0.0,5.2790927341910425e-06,0
1,19,3,11,2,0.19878730016383192,0.45931089215208065,1,0.09090909090909091,4.102225770761023e-06,0
1,14,16,3,0,0.1856568641403338,0.38222963286128636,1,0.3333333333333333,1.8853557775355946e-05,0
0,4,19,4,1,0.5529767221801812,0.6350842789000505,1,0.25,2.4428386210561054e-05,0
1,17,20,4,1,0.47514183638225993,0.3548414542425207,4,1.0,1.2204402941589885e-05,1
1,2,7,2,2,0.2945183601075678,0.4481535797187493,0,0.0,1.545039960207632e-05,0
2,11,23,6,4,0.44773565175044494,0.43179688379572057,3,0.5,6.531775616291437e-06,1
0,16,10,7,2,0.7112137729338536,0.869208092736537,5,0.7142857142857143,1.0916849454174985e-05,1
1,7,8,7,3,0.25750027075024623,0.20014274546893904,0,0.0,4.627360723260599e-06,0
1,12,2,3,2,0.13010038063343699,0.532750646179777,2,0.6666666666666666,7.098103404902447e-06,1
1,11,10,2,2,0.1268001245811974,0.4994766378933462,1,0.5,1.0142215758905805e-05,0
3,19,8,6,5,0.626862305399379,0.46080785638634164,3,0.5,5.399377479849063e-06,1
1,18,15,10,1,0.5375439052419543,0.3337158664162227,1,0.1,7.650470925870278e-06,0
1,3,13,8,2,0.024053400165730193,0.17421225879402666,3,0.375,3.521581367098738e-06,1
2,18,17,6,0,0.42749302667791333,1.0909514511665082,0,0.0,5.892797699409493e-06,0
0,4,11,10,2,0.3827634864340498,0.20513388980469116,0,0.0,5.332253930069234e-06,0
0,3,21,11,5,0.5345559812593028,0.6721079624792534,1,0.09090909090909091,1.4413506490899222e-05,0
0,12,10,6,5,0.2768678864150243,0.4229607192360986,1,0.16666666666666666,1.0950914434453848e-05,1
1,9,19,10,0,0.2271120051238578,0.23975661613025545,2,0.2,1.3626279038306924e-05,0
0,3,15,6,1,0.5697847042992074,0.475366345626788,1,0.16666666666666666,3.3554550732738338e-06,0
3,16,11,10,2,0.3777103136118256,0.43101891589166025,2,0.2,6.002143141129166e-06,1
1,14,2,5,4,0.2845121336537059,0.4341964398471572,1,0.2,3.871592622969436e-06,0
1,1,14,2,5,0.1432704313075103,0.2936872813950635,1,0.5,1.3348218944490743e-05,1
1,11,21,8,0,0.4549932239451872,0.30208226292512436,1,0.125,3.1616502360434884e-06,0
0,12,21,4,0,0.17847127091253123,0.12369161400926511,0,0.0,4.362657610306416e-06,0
1,1,13,10,5,0.22130571680689742,0.32745419096656253,2,0.2,5.270370813598802e-06,1
1,13,3,5,0,0.33817692741302563,0.4164435380211276,0,0.0,1.3610977825196427e-05,0
0,19,24,2,0,0.34497752117458214,0.2376750544176911,1,0.5,6.6844378168532754e-06,0
1,9,24,6,5,0.6756196862084335,0.3373008419789204,1,0.16666666666666666,2.796623740218135e-05,1
1,15,21,2,5,0.369827638795988,0.47132225541889694,0,0.0,2.2203084419795757e-05,1
0,8,15,7,5,0.42338676008533144,0.21401559811917698,2,0.2857142857142857,1.755556364690697e-06,0
2,15,16,8,0,0.0390820950759131,0.35912649251595147,2,0.25,1.1009931321164522e-05,1
0,14,17,3,0,1.1013217109383004,1.2439259287074396,0,0.0,6.512731629344576e-06,0
2,2,23,8,2,0.2698675395182464,0.10404081798747718,0,0.0,5.124001138887866e-06,0
1,3,3,9,2,0.37957218013938976,0.37502827887154644,1,0.1111111111111111,1.0787542362186948e-05,0
0,5,24,10,2,0.9051747902717161,0.6300969129687759,3,0.3,2.306091087883528e-05,1
0,15,21,9,2,0.03675929299444016,0.2252160807279454,1,0.1111111111111111,9.111406423481004e-06,0
2,18,14,5,5,0.1368140320990418,0.08957937833129898,2,0.4,4.791315223737458e-06,1
2,18,9,4,5,0.03675929299444016,0.23266965597945066,1,0.25,6.707313384376657e-06,1
0,19,7,10,0,0.35994155050966026,0.0793399895705825,1,0.1,1.1279042187332254e-05,0
1,7,22,9,3,0.7413017322967179,1.256749731916309,1,0.1111111111111111,2.1605272934421277e-05,0
1,14,13,10,1,0.3852874225274828,0.5939205234886059,0,0.0,3.6276965087576003e-06,0
0,17,13,3,3,0.583038602224877,0.40336261609659874,3,1.0,1.396253435569394e-05,1
0,6,14,10,2,0.6751132677631657,0.3360920560059374,0,0.0,9.950855270379348e-06,0
2,19,13,7,2,0.34915941035032266,0.6414386079924614,1,0.14285714285714285,2.199571676401334e-06,0
0,2,14,5,1,0.25151467826283785,0.08736434964017618,0,0.0,1.1725061201926297e-05,0
2,12,14,9,4,0.17476315689912403,0.336441425987399,2,0.2222222222222222,6.502182185050558e-07,1
1,9,18,2,5,0.2968592960943845,0.34414912388870084,0,0.0,1.5316372081016734e-05,1
2,18,17,10,4,0.3330296906435679,0.2453005630881703,1,0.1,2.3996505464301255e-06,1
1,4,16,3,5,0.21273306775146658,0.27402367220779267,0,0.0,8.294949140058143e-06,1
1,17,12,10,5,1.0465902768402577,0.8168433425268139,0,0.0,3.6862681114155345e-05,1
2,17,9,6,1,0.09782501728187781,0.3504455421336351,2,0.3333333333333333,7.954765449450625e-06,1
0,19,7,8,0,0.2711342390085906,0.07504958536222148,2,0.25,7.321644557640468e-06,0
1,19,18,11,5,0.526159417753515,0.8568114498057853,3,0.2727272727272727,5.838782765866457e-06,1
2,19,15,2,2,0.6162863948891375,0.147736506926325,4,2.0,1.1088617636936232e-05,1
1,9,15,5,0,0.2543990161367297,0.14624210153702477,2,0.4,9.055592698538874e-06,1
1,2,13,10,4,0.3445038703886819,0.14815525608837138,3,0.3,1.2395796978524512e-05,1
1,9,3,3,2,0.46662194958323255,0.6399247379196105,0,0.0,1.4597185340987884e-05,0
2,11,9,7,1,0.459496230447783,0.24154000837397185,2,0.2857142857142857,2.4591057256252478e-06,0
1,4,19,4,0,0.05873529164507829,0.2042879710847136,0,0.0,1.0630642730411162e-05,0
0,15,16,10,2,0.3791565250916866,0.3869499153457666,0,0.0,1.4851524813253999e-05,0
1,3,15,6,5,0.24384787671430094,0.20686233208672455,1,0.16666666666666666,3.756651443957828e-06,1
0,5,2,10,0,0.28131789388978784,0.29013149055477006,0,0.0,1.2078371832788025e-05,0
2,19,2,2,5,0.3537092230499186,0.1028084141022359,1,0.5,7.698284638143763e-07,1
2,6,23,4,2,0.36204962255057155,0.07293809064613868,1,0.25,1.3361674422690693e-05,1
1,1,5,4,3,0.09991837713371603,0.33839953210021584,2,0.5,7.380543239988197e-06,1
1,19,14,11,0,0.3186634626575486,0.33549534695439015,1,0.09090909090909091,6.691358266822252e-06,0
3,2,13,11,5,0.06440384910098111,0.30946272841418465,2,0.18181818181818182,1.5316372081016734e-05,1
1,15,15,2,4,0.3241226429117451,0.1428938417521649,1,0.5,4.786914275273113e-06,0
2,8,10,2,5,0.3919348304733674,0.43024595900358614,1,0.5,3.1349207964805204e-06,1
0,2,21,6,3,0.3502053213252882,0.12206497070262885,0,0.0,4.782260168634316e-06,0
3,5,5,6,3,0.33563735016387225,0.42332756690201995,0,0.0,7.933209742849042e-06,1
1,8,8,9,3,0.44993665312354914,0.2966328810880065,1,0.1111111111111111,1.6183115609442484e-05,1
1,18,5,9,4,0.2552094099592145,0.5576934678050629,2,0.2222222222222222,1.0235571647480572e-05,1
1,6,17,8,1,0.4528216543185919,0.1909646651348655,1,0.125,3.600447284405932e-06,0
0,4,23,4,3,0.06925135723254947,0.27615794352593065,0,0.0,1.3299415981483522e-06,0
0,14,3,5,5,0.25510200130002,0.5028119332125868,0,0.0,1.4030199772583532e-05,0
0,3,8,7,4,0.1528692570736313,0.4968601008493436,0,0.0,8.386357626725441e-06,0
2,4,22,5,5,0.4151859332844633,0.3508975615536868,1,0.2,1.931621124112703e-06,1
0,8,20,8,4,0.45482768450608546,0.5427026813287948,2,0.25,1.1714700277163532e-05,1
1,6,11,2,1,0.4425908424966863,0.32969568198708554,0,0.0,1.2000704653333395e-05,0
2,16,2,7,1,0.13377706372086712,0.09975478003597506,2,0.2857142857142857,5.8192624954392555e-06,1
0,14,7,4,3,0.39836726695283475,0.19738729154356904,2,0.5,1.4789880065363792e-05,1
0,8,21,6,2,0.3147388401194815,0.5609152656987897,0,0.0,2.0021705370264307e-05,0
1,19,8,6,0,0.3572495724246196,0.5263956295654365,0,0.0,9.072174462468219e-06,0
1,1,11,8,4,0.118369339843489,0.3005170123493002,0,0.0,1.362762086333243e-05,1
1,5,16,7,4,0.21691408991604674,0.4050045032063467,0,0.0,1.192769587325725e-05,1
2,14,20,2,4,0.12293920207439077,0.41993229156065204,2,1.0,1.583823920692903e-05,1
0,8,16,7,3,0.8447255257652281,0.5994762547747737,2,0.2857142857142857,9.786025344950814e-06,0
1,3,8,7,4,0.18808920286447736,0.4207971472007509,2,0.2857142857142857,1.2036780044177512e-05,1
0,19,18,5,1,0.18862420869036284,0.2652649962356278,1,0.2,6.628152839681998e-06,0
0,19,13,5,2,1.2155705971977613,1.5532496481590699,2,0.4,4.166462782815424e-05,1
2,2,5,6,3,0.559580642273675,0.28761391784405627,1,0.16666666666666666,7.118512208610249e-06,1
0,13,21,7,1,0.21322688295470726,0.25050397172709626,2,0.2857142857142857,6.341554058264169e-06,0
1,8,14,8,1,0.2788893914868197,0.31645762457479204,2,0.25,5.490297623957549e-06,0
0,8,18,7,3,0.04300546212651813,0.22491597042360023,1,0.14285714285714285,2.9285787218517408e-06,0
1,9,4,5,2,0.47181048509919393,0.5095001427940213,1,0.2,4.588241785715544e-06,0
1,7,19,7,4,1.117606965875235,0.4726396699216177,2,0.2857142857142857,6.620266127067199e-07,1
1,11,17,11,5,0.38580304515624414,0.809619626926914,5,0.45454545454545453,5.22767363081484e-06,1
0,14,4,6,5,0.44395281018390015,0.4178721746283476,2,0.3333333333333333,5.211089104135496e-06,1
0,14,13,10,2,0.9134675799930797,0.5120584630369387,1,0.1,1.2428654024437708e-05,0
1,13,15,6,5,0.3780307340663986,0.36981649491687657,0,0.0,1.5369729319839074e-05,1
1,5,21,3,3,0.37185271005381254,0.5994393848213515,1,0.3333333333333333,1.2868447895547378e-05,1
2,7,15,10,3,0.1839698410107144,0.38516233153489027,0,0.0,3.967293037535115e-06,0
1,13,24,2,0,0.12077026035772732,0.4910267005264414,1,0.5,2.3793132132504706e-07,0
0,13,22,5,1,0.3639603356217712,0.022163506165649254,1,0.2,5.531261906149338e-06,0
1,11,5,3,5,0.6872835325435173,0.7598238050755134,4,1.3333333333333333,2.1347051735688352e-05,1
0,12,16,7,2,0.15350351811619914,0.4469947944873861,1,0.14285714285714285,1.5316372081016734e-05,0
3,11,5,10,1,0.2125194777036935,0.6759623779254853,1,0.1,1.4531188628260716e-05,1
1,14,24,4,2,0.21245878444552843,0.3328194323454602,1,0.25,1.5662289940041983e-05,1
0,10,3,8,2,0.4171797931353975,0.36371236083913433,0,0.0,6.687986162039484e-06,0
2,11,23,6,5,0.10496257537282082,0.3110099521826216,1,0.16666666666666666,4.691495701781431e-06,1
2,17,21,4,5,0.5232658500059315,0.46957080436565385,2,0.5,8.542844017679173e-06,1
1,17,12,6,0,0.5425045206919792,0.08902359917707849,0,0.0,2.124143443027637e-05,0
1,3,13,11,1,0.09353085414154567,0.6082091615964345,1,0.09090909090909091,6.6451771947768524e-06,0
2,13,2,10,2,1.2174656370985872,1.499324103595572,2,0.2,1.0389881556345436e-06,1
2,11,20,5,5,0.05506740389173435,0.5920518354149567,0,0.0,1.2984060938506899e-05,1
1,12,2,10,2,0.2672253912317919,0.3771180856776414,1,0.1,3.183559631442774e-06,0
1,5,11,9,4,0.6544423001179351,0.42230641436848954,1,0.1111111111111111,2.661223046472838e-06,0
1,18,19,9,5,1.4174829279060137,0.45951291476040274,0,0.0,2.0867413861419773e-05,0
1,8,14,3,4,0.2457877931718109,0.46564781120252163,1,0.3333333333333333,5.489115898400475e-06,1
1,15,13,3,5,0.336459141698955,0.48472507592583225,0,0.0,2.9655166143058013e-07,0
2,16,22,10,4,0.2774779926334691,0.6705489082255123,2,0.2,3.5639973171321994e-06,1
0,5,19,3,4,0.1409350916444718,0.31786246425808523,1,0.3333333333333333,1.2135932074929457e-05,0
2,14,11,2,1,0.5752331168596132,0.4754791496749221,2,1.0,9.90835315698792e-06,1
0,16,20,2,1,0.3320079447542014,0.24154333492530852,1,0.5,6.73690616356478e-06,0
1,19,18,9,3,0.3263404295327699,0.03113221400906815,0,0.0,9.522744989999287e-07,0
0,2,7,9,1,0.20652573671491212,0.5478328941054106,1,0.1111111111111111,5.626561249199936e-06,0
1,11,13,3,1,0.4972165420863941,1.108679780313995,0,0.0,9.913476321611588e-06,0
1,11,15,5,5,0.35326942921619936,0.3892239781428469,0,0.0,1.5917281825976253e-05,1
1,14,13,8,0,0.5253262426099824,0.3527540583906911,0,0.0,1.5316372081016734e-05,0
1,11,24,3,0,0.5962514843528294,1.2698112086697833,1,0.3333333333333333,5.655096680667762e-07,0
1,7,7,7,0,0.3630215176649098,0.3409764817245119,1,0.14285714285714285,3.6370867279581286e-06,0
0,7,15,9,5,0.3252489551964626,0.33521291387560487,1,0.1111111111111111,4.659630885678327e-06,0
0,10,22,7,4,0.3635148408121632,0.45825135100740805,0,0.0,6.025915086109251e-06,0
3,12,13,6,3,0.39131845982406144,0.47930505782085303,1,0.16666666666666666,9.62668918374474e-06,1
1,6,10,2,4,0.4360403551613803,0.7138948264081301,2,1.0,1.398541646938722e-05,1
2,16,16,8,5,0.42736928353473236,0.17547915130026284,1,0.125,1.1587023737934018e-05,1
0,10,20,11,5,0.426951885558961,0.04883917626066292,2,0.18181818181818182,1.5032874822934736e-05,1
1,1,14,4,1,0.36641992346574226,0.34186227145148274,1,0.25,4.817901867462847e-06,0
1,17,20,10,0,0.39845471045180875,0.2516832505884938,2,0.2,4.6584785505881135e-06,0
0,8,9,10,4,0.21656708539693204,0.2681968877053172,2,0.2,6.166599259619945e-06,1
0,6,15,9,0,0.2170891307841434,0.36129891784246443,2,0.2222222222222222,4.588936508168938e-06,0
1,6,5,3,0,0.8414269329870597,0.8740812262392256,1,0.3333333333333333,3.0424305285312626e-05,0
1,14,15,10,5,0.23726313982325797,0.596661003587968,1,0.1,9.627921241354314e-06,1
1,18,19,9,5,0.28494746260729165,0.4988632770776584,2,0.2222222222222222,1.267029734171112e-05,1
1,19,3,8,0,0.3439813003253037,0.28424779956359186,3,0.375,2.0622784982493175e-05,1
0,12,2,4,4,0.24318839371400558,0.18139546580732926,0,0.0,5.7117484243733994e-06,0
2,9,22,11,3,0.036714831156906574,0.26999894076317377,2,0.18181818181818182,7.986580315251602e-06,1
2,3,8,6,0,0.3443028917545668,0.4298193942612518,2,0.3333333333333333,1.2285681373025791e-05,1
0,7,20,8,1,0.40617780744129545,0.2539807173047914,1,0.125,4.562213684181312e-06,0
0,3,3,10,2,0.21521144069163925,0.2325218641750955,1,0.1,4.115271824857766e-06,0
1,5,2,11,0,0.2546582334370577,0.13548276648300087,2,0.18181818181818182,1.9960834594698624e-06,0
0,12,14,7,5,0.23664873527683522,0.1548236589381233,0,0.0,6.615245217061432e-06,0
3,6,18,7,4,0.4811296214501231,0.10911171966016964,1,0.14285714285714285,9.216871085894523e-06,1
2,17,13,8,5,0.5893598831841073,0.5701766655472157,1,0.125,4.939189501368696e-06,1
1,11,3,2,0,0.3915124229451438,0.30099064927293673,0,0.0,1.3370268238534011e-05,0
4,19,7,7,5,0.44957624313061034,0.36119087762882685,1,0.14285714285714285,1.3627445258117772e-05,1
2,11,11,9,1,0.2619804318683059,0.5064098730888389,0,0.0,5.46940025629221e-06,0
1,5,8,2,1,0.2596543547113938,0.7331518560838209,2,1.0,6.5318170748140476e-06,0
1,1,24,6,0,0.4198786407188069,0.4587989072310384,0,0.0,3.975166055083028e-06,0
2,15,10,2,0,0.5830226440893908,0.8239727341379993,2,1.0,1.0777467705442845e-05,1
1,2,6,7,0,0.21751183867549595,0.2827898895352391,3,0.42857142857142855,4.1124851322839634e-06,0
0,18,23,4,2,0.3274604499191681,0.4593916861384334,2,0.5,4.258996021678498e-06,0
0,4,16,7,4,0.31659208380002596,0.4428524388911282,1,0.14285714285714285,4.266269669263425e-06,0
3,5,24,5,4,0.21114311205645178,0.14360397055885177,0,0.0,6.430671046704739e-06,1
1,19,16,4,0,0.36442379081672815,0.39648783140553495,2,0.5,8.688044379951144e-06,1
1,7,15,5,2,0.6180952262706272,0.3286963159993721,1,0.2,8.543497886368778e-06,0
0,3,6,10,2,0.1981405609442455,0.39714842544707435,3,0.3,1.2471538473906069e-05,1
3,13,8,5,1,0.3892264585678899,0.6218702800248153,2,0.4,5.117478880044913e-06,1
1,2,20,6,5,0.4258961653062171,0.26877875599293727,3,0.5,8.0181004776204e-06,1
1,17,6,10,2,0.3727097265581978,0.23686636464933847,0,0.0,1.526442741576015e-05,0
0,7,17,9,3,0.27390682274950434,0.08172745306502807,1,0.1111111111111111,6.040109404476679e-06,0
1,4,11,10,5,0.5892233001616164,0.41012100673190777,2,0.2,1.7162680697637284e-05,1
1,18,12,10,2,0.6424844805512866,0.7576390039460492,0,0.0,2.2048713878814816e-05,0
2,1,22,10,1,0.18517519968907603,0.22403844421543387,2,0.2,1.1116200013358542e-05,1
1,10,15,5,1,0.5519665119238467,0.15094041115273146,2,0.4,3.069871933107879e-05,1
1,8,8,6,5,0.3240373203130421,0.14431227170529343,1,0.16666666666666666,6.185153602314359e-06,1
1,2,21,9,5,0.44704566025810694,0.30565024849482275,0,0.0,5.527987219145811e-06,0
0,11,3,10,2,0.4458704834560306,0.46218565561105873,0,0.0,4.0332567567547574e-06,0
0,4,12,3,0,0.255664742191455,0.5808598641040496,0,0.0,1.046862341490349e-05,0
1,14,5,10,1,0.5242560840225805,0.7901030375427752,1,0.1,1.5306785423800554e-05,0
0,13,7,4,2,0.4164633383226779,0.6212653063325582,0,0.0,6.343585632790099e-06,0
0,16,7,7,2,0.3226437587313131,0.17282585814502055,1,0.14285714285714285,1.0399217693582134e-05,0
1,1,19,11,3,1.1764056446955407,1.5588840988975685,2,0.18181818181818182,1.766304180276085e-05,1
1,4,23,7,1,0.19579285127143548,0.22505876562135543,0,0.0,3.529389854855016e-06,0
1,5,24,9,2,0.3404016988728509,0.5481312886544332,1,0.1111111111111111,4.605079571095561e-06,0
0,16,20,9,5,0.15207553978500046,0.16745631134412212,0,0.0,4.574548700930209e-06,0
0,2,12,9,1,0.3903642806130878,0.5468211457356419,2,0.2222222222222222,5.357127617037919e-06,0
0,11,11,10,3,0.3301383093480386,0.6163748420413722,2,0.2,3.8475445372506323e-07,0
1,6,8,2,4,0.3030518669244425,0.4902405585035014,2,1.0,1.4127611603382612e-05,1
3,10,19,9,3,0.4073863065682945,1.0067846463220862,2,0.2222222222222222,1.935550993297164e-05,1
0,11,23,4,3,0.3187405327976577,0.36560964337064217,3,0.75,1.572001051480862e-06,0
2,9,11,10,1,0.15207512238263804,0.46492799681171765,1,0.1,6.610196569464248e-06,0
1,14,9,3,0,0.05187091811067389,0.3760340845672941,0,0.0,5.154620397280658e-06,0
1,15,4,3,1,0.16160581270060823,0.3589795419984733,2,0.6666666666666666,1.0999882699561172e-05,1
3,18,15,5,2,0.9680599208609308,1.2881942809445999,1,0.2,5e-05,1
2,15,8,4,5,0.11590822764085572,0.311154964308344,1,0.25,1.2803049571803407e-06,1
0,1,20,4,5,0.5051106487968051,0.41657282035022924,0,0.0,4.448125537461938e-06,0
0,19,9,2,5,0.1978479467883253,0.5213779132501718,2,1.0,2.883062376706297e-06,1
0,1,20,2,5,0.27734019436333823,0.6908868815196237,0,0.0,9.514090906873569e-06,0
1,10,5,4,3,0.4180657359128441,0.5453216597671269,1,0.25,5.695780742536025e-06,0
1,7,9,9,2,0.8397858351694504,0.6934119513630982,1,0.1111111111111111,9.80814703446704e-06,0
0,18,10,3,2,0.5562080153896558,1.0792469962344706,4,1.3333333333333333,1.0220591660111574e-05,1
3,6,4,5,0,0.4828731046148547,0.18131142818217238,1,0.2,4.131768681960615e-06,0
0,1,22,7,3,0.38375024352105414,0.34285859398784957,1,0.14285714285714285,4.997818160259637e-06,0
1,7,17,7,3,0.5938346897455248,0.3855682076271393,0,0.0,2.501309997191368e-05,0
2,2,12,7,4,0.5300491989187951,0.21675321752050977,0,0.0,1.5808365575070814e-05,1
1,16,23,9,2,0.4290827335796843,0.4170980881237602,1,0.1111111111111111,1.3769710571744755e-05,1
3,1,2,5,1,0.5170045128957332,0.3391099091126924,1,0.2,1.9455440065832166e-05,1
0,16,16,4,4,0.8029760351420085,0.5566157360042424,2,0.5,1.882396459042292e-05,1
1,17,19,5,2,0.6183507174194476,0.5045143834774715,0,0.0,2.195938247658601e-05,0
0,17,20,6,2,0.3064395666219462,0.30160828875226936,1,0.16666666666666666,8.999141579394887e-06,0
2,8,9,3,3,0.23618267928215642,0.5448296796521072,1,0.3333333333333333,7.310658839250351e-06,1
2,6,6,2,3,0.350205434258575,0.08904014598034772,1,0.5,7.719863612889736e-06,1
1,2,19,10,3,0.2307524248248658,0.06735029493934357,1,0.1,9.44808797544071e-06,1
2,4,15,8,1,0.23078045033110575,0.1259387654345762,2,0.25,5.45500352496324e-06,1
1,6,7,9,3,0.5499195845362591,0.4131017934329936,0,0.0,1.352494574512471e-05,0
0,19,10,7,3,0.27227038294857353,0.1838191602620545,2,0.2857142857142857,1.5422448507746542e-05,1
1,8,4,5,2,0.3068161060506508,0.18908560777565825,1,0.2,1.7129587793220737e-06,0
2,7,21,6,0,0.48129603048806124,0.5061620979994811,1,0.16666666666666666,1.212194797357874e-05,0
1,4,7,7,0,0.31378975696312467,0.27394380577611543,4,0.5714285714285714,1.004814054219312e-05,1
1,2,9,3,4,0.400960953561859,0.3166181898142666,1,0.3333333333333333,4.146397731727208e-07,0
1,5,9,10,2,0.10207856494773387,0.37055962754937294,0,0.0,6.44524992692921e-06,0
1,3,10,9,3,0.17910720266401362,0.34080580320624176,1,0.1111111111111111,7.155226090789253e-06,0
2,16,18,6,2,0.637973726113821,0.5647184494102793,1,0.16666666666666666,2.167410280566168e-06,0
0,3,11,2,2,0.2613328582914991,0.4014606064373406,2,1.0,6.305705010131579e-06,0
0,16,2,3,5,0.5739962262488917,0.2908944222127676,2,0.6666666666666666,5.3307494525210556e-06,1
1,2,2,8,1,0.49575478842545107,0.4680589785329067,2,0.25,1.0008568668816068e-05,1
2,4,23,5,0,0.5884030057173573,0.30515617725136734,0,0.0,9.647547780549994e-06,0
1,14,24,11,0,0.5187484635448647,0.4639170145413367,0,0.0,1.472834110320323e-06,0
0,1,11,3,4,0.24626786215274676,0.14800378542245107,1,0.3333333333333333,7.3509458105513195e-06,0
0,4,12,5,1,0.5155231107318899,0.6801969923875013,1,0.2,1.0102530686855502e-05,0
1,7,15,7,5,0.04167276979900997,0.08951698814761741,2,0.2857142857142857,1.1572438502821433e-05,1
2,18,16,11,3,0.2835331146579376,0.7977519529933531,1,0.09090909090909091,4.311470637509931e-05,1
0,19,9,9,1,0.14862656173018127,0.18008934532862494,1,0.1111111111111111,3.380474470253044e-06,0
0,2,7,3,0,0.1755578546014504,0.2000599355532257,1,0.3333333333333333,5.291126636595538e-06,0
0,1,17,2,0,0.2688333105931935,0.025064835512523535,2,1.0,2.4274242404070085e-07,0
0,11,12,3,0,0.3522227188209175,0.19865750749633426,3,1.0,9.435784015752924e-06,0
0,4,18,3,5,0.4669506958648288,0.5046588852001102,3,1.0,1.49875114990089e-05,1
0,16,21,3,1,0.11898487674582768,0.43063140387905713,0,0.0,7.220100993331725e-06,0
2,10,13,7,2,0.27823192524681856,0.3760481565039739,1,0.14285714285714285,2.0577138012186092e-06,0
0,5,5,6,0,0.36668744245678214,0.6071721668771247,1,0.16666666666666666,1.7225205036616494e-06,0
1,13,4,5,2,0.826529694609503,0.9924650032929966,0,0.0,2.0549261273684433e-05,0
2,12,7,2,2,0.35761988281281193,0.31914585522970845,1,0.5,6.511645862104292e-06,1
1,19,10,5,0,0.08089461917716298,0.39714751717702185,0,0.0,6.707502236422224e-06,0
0,19,10,10,4,0.2649697680658691,0.40340686057815606,2,0.2,4.127485086163354e-06,0
1,3,5,3,2,0.49708617948019745,0.9456534610392104,1,0.3333333333333333,2.663066978273138e-05,1
0,14,12,6,0,0.33947314976231635,0.6294898082977435,4,0.6666666666666666,1.4865840865079508e-05,1
2,2,20,11,3,0.2995298660524865,0.3276054261731765,2,0.18181818181818182,2.3574676127632667e-05,1
1,9,14,2,2,0.29231887118969885,0.1972077031084302,1,0.5,9.947847416929204e-07,0
2,10,20,5,0,0.27083945042734986,0.21512309937153917,1,0.2,7.378175962659986e-06,0
3,3,23,5,1,0.43575423265422436,0.47165966954482613,3,0.6,7.396011338276782e-06,1
0,9,21,2,5,0.29495738804364774,0.39834611066751224,2,1.0,5.805118256689264e-06,1
2,3,4,8,2,0.20547077877649447,0.2797812750007981,1,0.125,4.933233561946443e-06,0
0,7,7,10,0,1.0552597398683272,0.3749918219162336,1,0.1,1.3999764648803669e-05,0
2,11,8,11,4,0.9895810759543794,0.6253992705139636,4,0.36363636363636365,6.136521536833326e-06,1
0,11,4,9,1,0.3531831525304421,0.24615497372504133,0,0.0,4.93955699823176e-06,0
0,2,21,8,3,0.6520963144469126,0.027324175247205474,2,0.25,1.2329855026743106e-05,1
0,18,19,4,4,0.3205048364580836,0.6783119729797046,1,0.25,9.581191589969418e-06,0
2,6,7,2,3,0.3742506337161057,0.29969119908416225,1,0.5,2.885678298451629e-06,1
1,8,10,6,2,0.22929140258030262,0.216688703975997,0,0.0,2.4273342727494288e-06,0
1,5,9,6,5,0.23195565441298147,0.7669499578709353,0,0.0,2.5823792290339173e-06,0
1,14,5,3,2,0.04767642952275489,0.438421503406914,0,0.0,6.59742263873319e-07,0
0,1,11,5,5,0.6699923239126346,0.8286505437418704,2,0.4,2.7016894593382608e-05,1
3,1,12,4,4,0.6444599199056078,0.34597575956530724,0,0.0,1.1399864074691219e-05,1
1,10,6,2,0,0.1977012152548395,0.2718096528413758,2,1.0,3.7669130126934126e-07,0
0,12,20,6,4,0.2546029614334292,0.3232157234366492,0,0.0,5.412667236801414e-06,0
0,19,13,5,2,0.6286727452729246,0.29671227016832813,2,0.4,9.796015172548235e-06,0
0,12,24,8,0,0.5377513565105944,0.590844074208484,0,0.0,1.5981337208268512e-05,0
0,19,14,6,3,0.18775255074693062,0.08741232671896612,1,0.16666666666666666,2.411063385353754e-06,0
0,18,3,8,4,0.4608980882376858,0.2253556928485017,0,0.0,3.6116139063783206e-06,0
1,16,3,4,2,0.4718620646266117,0.2985622798239675,2,0.5,4.135394313241037e-06,0
0,16,8,3,4,0.4283479609047703,0.4529271170897914,0,0.0,1.1466129235360759e-05,0
1,16,19,5,4,0.4671233372473978,0.6171637767407656,2,0.4,8.753545345820159e-06,1
0,18,2,8,2,0.29490623235635705,0.6545872361890789,0,0.0,1.4998060078529273e-05,0
2,1,14,8,2,1.3790819269867658,0.8059457005378452,1,0.125,2.7822073387386685e-05,1
0,16,21,9,4,0.24832633440205507,0.5002574445178415,1,0.1111111111111111,3.685842048523257e-07,0
1,7,8,4,5,0.42339627299590565,0.1373530062903473,2,0.5,8.459162942154528e-06,1
0,15,24,2,4,0.36861801471978095,0.0793046600827078,1,0.5,6.949564264910013e-06,0
1,9,19,5,1,0.03666223067821112,0.17674862306760086,1,0.2,5.554792347281078e-06,0
0,12,2,9,5,0.266642710469002,0.5490332240794693,1,0.1111111111111111,5.3887164061797135e-06,0
0,3,13,6,4,0.05614559091835936,0.2285727678981365,1,0.16666666666666666,5.292838002883367e-06,0
0,8,14,10,0,0.2816471562576991,0.2519324108789013,0,0.0,8.167184165619668e-06,0
0,6,4,3,4,0.49339401798332455,0.313846314042026,1,0.3333333333333333,1.441650677823768e-05,1
0,17,20,5,2,0.516343253742955,0.2203731250638597,1,0.2,9.936349828460683e-06,0
1,4,7,5,3,0.27225362186063107,0.30348297983879574,0,0.0,9.610596801582397e-06,0
1,1,21,3,1,0.49418779013099506,0.6155577211681652,1,0.3333333333333333,1.2027926410337454e-05,0
2,11,21,7,0,0.4005688922077441,0.3117733469763418,0,0.0,1.4511758846986839e-05,0
0,16,18,9,3,0.9195149027427323,0.7874305480594824,0,0.0,6.121569205943655e-06,0
1,8,3,9,1,0.18202748543024383,0.1958993606304495,1,0.1111111111111111,6.375251661589874e-06,0
0,16,5,10,2,0.4821131292019739,0.6510347842923627,2,0.2,1.5251782457994966e-05,0
1,17,23,9,4,0.29822524958498603,0.1870422260902108,1,0.1111111111111111,9.540120141229196e-07,0
1,17,9,3,4,0.6451012445896731,0.36205479288842285,2,0.6666666666666666,7.599152632292726e-06,1
0,15,8,4,2,0.22673838247364458,0.33373961605239383,0,0.0,3.1714442128823353e-06,0
0,5,11,2,4,0.26266297984021325,0.4398135731963339,3,1.5,3.9437374882652543e-07,1
3,11,13,8,3,0.16072640540007094,0.4202069198846226,0,0.0,1.6424364327914606e-06,0
1,19,4,5,0,0.3073368724633281,0.32158108330179885,0,0.0,2.0019465200770296e-06,0
0,14,24,2,1,0.25702614667825113,0.36134073788688165,1,0.5,8.275975007008966e-06,0
2,6,20,2,0,0.18204810031808785,0.1884198148781588,1,0.5,5.282245561513535e-06,0
0,5,22,3,1,0.2729870543525947,0.1672286593109935,1,0.3333333333333333,1.2485287272426365e-06,0
0,4,5,4,4,0.31281514589104975,0.24121206278923912,1,0.25,5.0409110551831364e-06,0
1,16,3,10,1,0.6030526895769718,0.3698319976954766,3,0.3,6.4620001697264e-06,1
0,4,15,3,2,0.31431367353379736,0.2296724025854369,1,0.3333333333333333,6.959840469778064e-06,0
0,13,10,4,0,0.2632807620476705,0.37388208932101413,1,0.25,1.561961700882329e-05,0
0,4,14,5,3,0.6645683071373122,0.4053493570448193,0,0.0,6.685008140444448e-06,0
2,7,20,7,3,0.5512714813941315,0.14210511467794118,1,0.14285714285714285,5.688117067320869e-06,1
1,19,16,8,0,0.31226029969494307,0.09253860105023663,1,0.125,1.3148677651265355e-05,0
0,13,3,7,5,0.3500165517187371,0.1758504002671159,0,0.0,2.019887790966213e-05,0
0,9,21,4,1,0.38145147389797857,0.4031591125120103,1,0.25,1.2328705951678172e-05,0
2,16,3,5,1,0.4831674266039972,0.38758136421074063,0,0.0,1.4609902778509941e-05,0
0,13,4,9,1,0.669486745775233,0.7506910493394268,2,0.2222222222222222,2.2590713024092198e-05,0
1,5,10,6,2,0.13518348116703144,0.20362075146137898,2,0.3333333333333333,4.434845502033381e-06,0
1,8,9,10,3,0.6388621921425752,0.5369475451068654,1,0.1,3.218144648953759e-05,1
1,17,13,8,3,0.24547345030320483,0.25899326772497305,1,0.125,3.5366918970805335e-06,0
0,19,3,7,2,0.6831817115675076,0.8558960639920218,2,0.2857142857142857,1.5904930929505618e-05,0
1,2,5,4,4,0.31550984026545476,0.17370492483671243,1,0.25,6.461588281340753e-06,1
0,2,24,4,3,0.20216745865944494,0.4873044707049343,1,0.25,4.1251659428035745e-07,0
0,11,14,2,2,0.29914626395371385,0.204013113496155,1,0.5,4.978947570282401e-06,0
2,9,5,11,2,0.2748852787489693,0.04417043549078967,2,0.18181818181818182,7.270324525837997e-06,1
0,17,13,7,0,0.3340719648258482,0.1050485375193924,1,0.14285714285714285,1.2761537755764013e-05,0
2,3,8,8,2,0.10326882505186044,0.5819270736460241,1,0.125,5.9085183642076336e-06,1
0,14,6,4,2,0.30321158705210244,0.4478120247792251,2,0.5,6.924113661807924e-06,0
1,1,17,7,4,0.03188424349530603,0.28758035141191696,0,0.0,1.3285101456377512e-05,1
0,17,16,3,0,0.42738751712740175,0.5331244564796417,2,0.6666666666666666,4.81680802062071e-06,0
0,16,3,3,0,0.31749599425028024,0.12369414610930358,3,1.0,5.048629777933023e-06,0
3,1,4,6,1,0.28559763575173436,0.4458358113902319,2,0.3333333333333333,1.6466016569007157e-05,1
2,13,23,8,0,0.5605025952054158,0.5966476706548606,0,0.0,1.1373067957607087e-05,0
0,19,22,9,4,0.13422188537659038,0.11537919826946867,2,0.2222222222222222,4.884945281181796e-06,0
0,9,3,9,1,0.030028124596531824,0.3173724321607385,1,0.1111111111111111,7.005551926293563e-06,0
2,2,9,6,1,0.05297997165826945,0.21117766798504314,0,0.0,1.1898035881090563e-05,0
1,7,20,3,4,0.43957438744930605,0.375970683036639,1,0.3333333333333333,1.9205454109842587e-05,1
0,18,8,2,3,0.38254727502532293,0.5427632072206543,1,0.5,5.1715686027598885e-06,0
0,19,17,2,1,0.2924011247875849,0.038517334355782196,1,0.5,5.862081564533902e-06,0
1,14,10,9,4,0.3843498136929564,0.2581552069599312,1,0.1111111111111111,2.1157750771453833e-06,0
2,18,22,10,4,0.1553838990586621,0.5192589487737691,0,0.0,1.0375107778071388e-05,1
2,11,19,3,3,0.4875649267444322,0.45540597950073336,2,0.6666666666666666,1.1877579567081115e-06,1
1,2,9,2,3,0.3363306341237144,0.20707524265661365,3,1.5,3.771166299957649e-06,1
0,6,20,5,5,0.2966807979729585,0.08354921757843262,4,0.8,2.4850552786449287e-06,1
0,14,16,11,3,0.09449214866432248,0.3197179361007482,0,0.0,2.4917039983186526e-06,0
0,7,20,3,0,0.36003212835437703,0.5049554594148954,2,0.6666666666666666,6.864559660303219e-06,0
2,6,13,3,1,0.23141089664788062,0.2375740257164363,0,0.0,3.704317352109904e-06,0
0,17,14,7,3,0.539500884151265,0.4142804546499991,1,0.14285714285714285,2.5941118897379873e-06,0
0,13,2,11,1,0.32858383388550455,0.26679881524570553,1,0.09090909090909091,3.5803237008631213e-06,0
0,13,17,5,4,0.3703940180582726,0.1121312733177141,2,0.4,1.2595226391295578e-05,1
0,14,23,11,2,0.5068318688631548,0.3313656274965107,0,0.0,1.1120785718969974e-05,0
0,10,18,7,0,0.5114563171357979,0.21387682056390242,1,0.14285714285714285,5.7463130523481135e-06,0
0,14,9,9,0,0.7712041722197429,0.9183648052499628,1,0.1111111111111111,2.7188085089574737e-05,0
1,10,24,6,0,0.29530950325188676,0.26249395288562244,0,0.0,1.0577680054906038e-05,0
1,17,14,10,1,0.15696953126062385,0.17215965419919982,2,0.2,6.600766488323753e-06,0
2,14,4,10,2,0.5079806186155407,0.3687760818096687,1,0.1,6.781227563916503e-06,0
0,6,9,7,2,0.4276034343201003,0.23136728715438085,0,0.0,9.093807698363654e-06,0
0,19,9,6,1,0.31135000065419666,0.18301953061212492,0,0.0,7.6334343404888e-06,0
0,6,14,10,3,0.9046843308048736,0.9663414884160955,2,0.2,5e-05,1
2,1,24,6,2,0.34205197124030695,0.4691491760544475,1,0.16666666666666666,1.4743794980616087e-05,1
0,13,4,6,0,0.30199947740412736,0.42744673430090874,1,0.16666666666666666,7.77486576937732e-06,0
0,6,9,2,2,0.224029241536268,0.19453610944414876,0,0.0,7.194105106311233e-06,0
0,11,18,5,3,0.15108261932296263,0.38360662342333063,2,0.4,9.962971841539176e-06,0
0,1,8,11,3,0.27320638640600403,0.4131778428582453,1,0.09090909090909091,2.8305554386994302e-06,0
1,15,10,8,5,0.4074067465961776,0.36760077671645947,0,0.0,3.1580408214249846e-06,0
0,13,21,3,1,0.9688953467727757,0.8458068308183253,2,0.6666666666666666,2.8122211957486487e-05,0
1,18,18,2,1,0.6080960202514698,0.3380289313586694,0,0.0,1.1306889206265306e-05,0
1,5,13,6,1,0.3032480843068002,0.368401557414908,1,0.16666666666666666,9.81932780936304e-06,0
2,1,7,2,0,0.3909925611753149,0.3908678534884174,1,0.5,1.5316372081016734e-05,1
2,12,9,7,2,0.7248132422181984,0.2832901170656635,1,0.14285714285714285,8.196447824331348e-07,0
1,3,9,6,0,0.19165833475445027,0.08070244169036321,0,0.0,9.607703194322537e-06,0
1,4,8,4,0,0.323021277371736,0.1300659676672804,0,0.0,1.2296274358112735e-05,0
0,3,18,9,4,0.3602499211435365,0.11703785079892824,1,0.1111111111111111,4.143038994636018e-06,0
1,17,8,4,4,0.5374919332445278,0.31196283835022043,2,0.5,7.755578850482678e-06,1
1,15,11,6,4,0.22846205935600578,1.32852372122861,0,0.0,2.880013213541037e-05,0
2,17,4,10,4,0.17330327225884265,0.04310038750411675,2,0.2,1.7280650010787296e-06,1
1,16,17,5,0,0.14225876678975022,0.20230904255140794,0,0.0,2.9315333889719904e-06,0
0,10,13,4,3,0.34371337698265897,0.36839264536315564,0,0.0,1.2078589944707277e-05,0
2,4,13,4,2,0.1414908551395943,0.3922409346523315,2,0.5,6.616160296810457e-06,1
1,16,7,3,0,0.1715396942417494,0.22876648844092115,0,0.0,5.7110081262744904e-06,0
2,17,10,7,1,0.0611281898049862,0.35419325086681985,0,0.0,6.251837993632385e-06,0
3,8,12,10,4,0.2687483406903701,0.40208846247113994,3,0.3,1.0838452812902863e-05,1
0,6,16,6,0,0.3801351077910077,0.25636342528301675,3,0.5,1.5278227900070728e-05,1
2,10,12,2,0,0.04297556037140008,0.27862711143232405,1,0.5,1.2778307484149194e-05,1
0,2,23,10,2,0.6592783197831409,0.3751668102285323,3,0.3,5.386109317029169e-06,0
1,16,21,9,0,0.3004746468558386,0.4088065732120258,0,0.0,6.175996994019432e-06,0
0,9,10,4,1,0.25620369648514973,0.5505449158090641,3,0.75,1.2871118692761677e-05,1
1,10,19,7,2,0.1286289067060528,0.6025650251818484,1,0.14285714285714285,1.0501785061204167e-05,0
2,14,17,11,3,0.3409401129542557,0.385448226888923,0,0.0,1.25117513554811e-05,1
0,16,14,3,3,0.28635495037170094,0.41963740319448367,1,0.3333333333333333,1.5325236455531133e-05,0
1,14,11,2,0,0.42191742298010443,0.44081451606247407,2,1.0,1.3045573445156423e-05,0
0,17,6,10,1,0.3221944067734489,0.7477697883495201,2,0.2,2.1757278464750985e-05,0
1,10,23,7,3,0.36451909310996633,0.3948907309672666,1,0.14285714285714285,3.5595866383682838e-06,0
2,1,4,5,3,0.3705079740789336,0.6981808398664996,1,0.2,4.499218064798031e-06,1
1,9,21,8,3,0.2857615148251498,0.70582354592779,0,0.0,6.186876384276257e-07,0
2,9,21,6,3,0.5094159402535612,0.3401858126177249,1,0.16666666666666666,9.0550612546937e-07,0
0,19,24,4,4,0.38780594259321155,0.4261452469952431,2,0.5,6.004437211368385e-06,1
2,1,18,7,1,1.004541274996972,0.06475209252945753,3,0.42857142857142855,5.31469750947152e-06,1
0,17,22,11,2,0.2367943412919119,0.3131847892873368,1,0.09090909090909091,3.238190842912707e-06,0
3,18,9,9,1,0.3218958804348932,0.3431817407246731,1,0.1111111111111111,3.87649596711437e-06,1
1,14,13,11,0,0.05662750465828154,0.5239228000978744,1,0.09090909090909091,7.476245014168088e-06,0
0,13,15,7,1,0.33872930415916114,0.329910369053299,2,0.2857142857142857,2.988584212035903e-06,0
0,17,17,5,1,0.3619777070850969,0.15516345966553502,1,0.2,1.4395652502219062e-05,0
1,12,14,7,2,0.3717412767931095,0.5790242257969468,0,0.0,1.8620333524775163e-06,0
0,15,4,4,0,0.5696389616705458,0.4155095990951764,1,0.25,1.4970165717694535e-05,0
0,17,11,7,5,0.3130420169015493,0.37908521556738034,2,0.2857142857142857,1.7299798796117549e-06,0
1,2,15,5,3,0.5137071603002359,0.24175121142806694,0,0.0,9.566896466182625e-06,0
0,15,9,9,1,0.2509259551837581,0.15926972211615495,0,0.0,9.279269462519835e-06,0
0,19,8,2,3,0.18799044278297483,0.14203584268139602,5,2.5,5.704511127307976e-06,1
0,12,17,7,5,0.575054083421289,0.7610105894495397,0,0.0,6.026691795804453e-06,0
2,17,16,11,0,0.31889465257754196,0.32824707290813615,0,0.0,2.259443872355559e-05,0
1,7,9,11,4,0.06814250625624471,0.32258813990334256,2,0.18181818181818182,5.800207499320242e-06,1
2,12,20,7,2,0.2621963150912684,0.49267844735918503,0,0.0,4.8906377824136336e-06,0
0,6,2,3,0,0.21403554503686675,0.527359637944089,0,0.0,2.752321003260784e-07,0
0,11,12,6,1,0.24255258119177006,0.4868123902939627,1,0.16666666666666666,1.200403581797378e-05,0
0,8,19,3,3,0.181310538184284,0.4677461819242962,0,0.0,3.5878676970165637e-06,0
2,8,9,2,4,0.04780440662530407,0.4545806528688566,1,0.5,1.0170991446330468e-05,1
0,12,2,4,2,0.2452080928288631,0.28911808703699465,0,0.0,4.874358542887561e-06,0
0,18,3,10,4,0.24636010399412492,0.15807466839951773,0,0.0,6.446895460613112e-06,0
0,12,11,6,5,0.42772733470473556,0.09240870820141762,0,0.0,1.9012142101770208e-05,0
3,11,5,3,4,0.34565013108600107,0.5965004063391447,2,0.6666666666666666,8.221790762322684e-06,1
2,12,8,9,5,0.23045236524401314,0.2712184185566391,3,0.3333333333333333,3.33424784954551e-07,1
0,7,5,11,1,0.36170552709404924,0.6157167798542649,2,0.18181818181818182,2.6378155401114996e-06,0
2,17,15,10,1,0.2997266738737555,0.2924337330059774,2,0.2,9.441081275772565e-06,1
0,17,23,7,4,0.8867936089350716,0.6210565707194272,0,0.0,8.53834941973573e-06,0
1,17,22,9,5,0.5270071364140366,0.24104377362012297,1,0.1111111111111111,1.7980279854009182e-05,1
0,17,6,4,4,0.32356824871710227,0.25013951068693463,0,0.0,5.924879592223203e-06,0
0,1,5,3,4,0.39795626416567564,0.09100079035876718,1,0.3333333333333333,6.888193397024185e-06,0
0,18,3,3,5,1.1874091344678015,0.5873405797131953,1,0.3333333333333333,1.5641154682413726e-05,0
2,6,19,11,4,0.34199292632510714,0.11985248356300075,5,0.45454545454545453,7.851710831385357e-06,1
0,10,16,2,1,0.2700029315435344,0.20720533001260824,1,0.5,1.21543815294179e-05,0
0,9,19,2,1,0.37442597682772377,0.20691090649220334,1,0.5,1.1284910485127023e-05,0
1,3,7,5,2,0.32977508604114036,0.1540239337721668,2,0.4,2.257238440639436e-06,0
2,1,5,11,0,0.22315670361529533,0.4736720428937765,1,0.09090909090909091,1.0423511313985852e-05,0
1,11,18,11,3,0.445213162755202,0.43183925257658934,1,0.09090909090909091,5.218224847642803e-06,0
0,7,23,9,5,0.2346468927491442,0.7208392522221996,1,0.1111111111111111,4.841106270572482e-06,0
0,14,22,11,4,0.3327913972012427,0.4204789253414325,0,0.0,1.994478156370641e-05,0
0,6,23,9,0,0.25731899441177153,0.14782682658709245,0,0.0,1.2003643006640493e-05,0
1,3,3,10,2,0.31712423002321044,0.5416231402964662,2,0.2,1.2571484999292117e-06,0
1,17,6,9,5,0.3264886533498414,0.20835986323881706,1,0.1111111111111111,7.709057080580361e-06,1
1,15,12,10,1,0.5327019698950695,0.8345326084461995,2,0.2,1.118994446451306e-05,0
2,11,6,5,1,0.1476315818763824,0.5069793914999573,0,0.0,1.0103625818341528e-05,0
0,1,20,5,4,0.2640951377219634,0.28484257866837653,2,0.4,6.82767230932632e-06,1
1,6,8,6,0,0.03128123398308625,0.17975774678567033,2,0.3333333333333333,2.248846276532839e-06,0
0,6,21,11,1,0.16190651984061552,0.5510830336546085,0,0.0,1.982614137707354e-05,0
1,5,3,10,2,0.3036251530094616,0.6723703883300973,1,0.1,8.263349125864295e-06,0
1,16,9,6,3,0.24334477318100886,0.03415333386945601,4,0.6666666666666666,1.0907302945392482e-05,1
0,16,9,5,2,0.3493767953986115,0.3551231022623581,3,0.6,1.2788545095680084e-05,1
0,13,5,11,3,0.2553443309973797,0.3453269935977831,0,0.0,4.10952736762305e-06,0
0,8,12,3,1,0.6284482061717228,0.532336674587831,1,0.3333333333333333,1.7182772732398118e-05,0
0,16,2,2,4,0.12343188880442368,0.25593002279093596,1,0.5,3.969516036660437e-06,0
1,18,7,7,4,0.37879555671798293,0.2831337996003086,0,0.0,4.1670108936363145e-06,0
0,1,15,9,2,0.4297021028278281,0.5731394907098375,1,0.1111111111111111,6.426129309578599e-06,0
1,16,17,6,1,0.6490769810098149,0.5503567907991452,3,0.5,5.603487789992072e-06,1
0,15,7,6,0,0.30950886530370864,0.5173836581211801,2,0.3333333333333333,7.633341764997358e-06,0
0,19,23,9,3,0.7824002501787267,0.4710864345366312,1,0.1111111111111111,3.023099711662935e-05,0
2,17,23,3,2,0.3128711429372657,0.340981052443318,4,1.3333333333333333,8.903484981160884e-06,1
0,1,24,11,1,0.8802998806460521,0.47064730741347577,3,0.2727272727272727,8.384803065586162e-06,0
0,10,15,7,3,0.47539502547765694,0.3853472093826617,1,0.14285714285714285,1.205950216898763e-05,0
1,3,16,9,1,0.30753588993816633,0.5848000482945647,3,0.3333333333333333,7.541787314740443e-06,1
0,14,10,6,3,0.5513824848768826,0.6752912651418472,2,0.3333333333333333,1.986155792691737e-05,0
0,16,7,10,1,0.5779517549629419,0.41786976608710474,1,0.1,1.4064204180024126e-05,0
1,16,18,6,5,0.2557640134077517,0.13859909527426398,2,0.3333333333333333,3.1073506859314175e-07,1
1,15,18,2,2,0.5148054850287759,0.23329197459970344,0,0.0,1.1856723859409888e-05,0
2,9,12,8,1,0.3635256361994817,0.1392617760469454,1,0.125,8.325693332954858e-06,0
0,16,22,6,3,0.500881843890691,0.24018632081938462,1,0.16666666666666666,1.625994980354062e-05,0
1,10,20,2,5,0.5551430508635292,0.15485108952874035,3,1.5,6.583108216856246e-06,1
1,11,21,8,5,0.07241976233183635,0.5594112001070749,3,0.375,1.1359746091066377e-05,1
0,19,12,7,0,0.6365085321731244,0.4084944041137706,3,0.42857142857142855,3.185055732719566e-05,0
1,3,4,9,1,0.23690514958104972,0.4884687513701673,1,0.1111111111111111,1.743159052218954e-05,0
4,16,11,3,0,0.3329494536614656,0.48406326002689554,1,0.3333333333333333,1.1917148992466432e-06,1
1,15,11,11,0,0.3622820370622866,0.19536032888453259,3,0.2727272727272727,4.913211667998166e-06,1
1,6,3,7,5,0.34475181851148134,0.40377652494020494,0,0.0,1.1474305759043937e-05,1
0,10,2,3,2,0.048122244847814945,0.5552684119535074,1,0.3333333333333333,1.3816749576313907e-05,0
0,15,14,9,5,0.4035620248611965,0.08534071206131437,0,0.0,1.8796231571277552e-05,0
1,3,8,9,1,0.05445425805181957,0.3828488414423269,2,0.2222222222222222,1.3785116089992729e-05,1
0,14,17,4,1,0.32855200751344027,0.38856154324611664,2,0.5,3.27010424720437e-07,0
1,17,18,10,5,0.666174707382262,0.21178826587383592,0,0.0,2.333654961275421e-06,0
1,12,18,5,5,0.544826258761232,0.45551851540083377,0,0.0,6.895965200402569e-06,0
1,4,21,8,4,0.49367619514295924,0.22816652167033488,1,0.125,6.253994330989623e-06,1
1,16,13,11,5,0.2714213626861584,0.39553928092304763,0,0.0,7.535658021963146e-06,0
1,9,19,11,2,0.28895201914954266,0.46761116592132757,0,0.0,1.1649621747161495e-05,0
0,19,21,3,1,0.4266023387902472,0.24427642818359135,2,0.6666666666666666,1.3352184289730508e-05,0
0,10,8,11,3,0.21804166934065447,0.16258247258756772,0,0.0,5.2231524540029484e-06,0
0,17,3,3,0,0.12,1.1525379856041473,0,0.0,5e-05,0
0,12,6,6,3,0.34679730957836297,0.316470385473606,4,0.6666666666666666,7.0996997437082e-06,1
0,7,4,5,2,0.2931481574033997,0.33896789069189576,1,0.2,7.435543112598664e-06,0
1,5,12,9,3,0.18293831642716846,0.20405094430901358,1,0.1111111111111111,6.222454172309241e-06,0
0,2,12,5,2,0.3943242893562106,0.5288105820950858,2,0.4,6.877703485861049e-06,0
0,18,16,5,2,0.44733842439880933,0.18188594151984078,1,0.2,1.0020189125123164e-05,0
1,10,6,9,2,0.24853586893683183,0.4524829239263941,0,0.0,7.159002090548037e-06,0
1,16,20,2,2,0.02545513117613644,0.3987103263301555,2,1.0,3.7320569448789203e-06,0
0,2,16,3,5,0.35285589297306114,0.40352684148092594,1,0.3333333333333333,1.1753772695662538e-05,0
0,16,11,9,3,0.7737504004288099,0.7964378969689493,0,0.0,3.7670210275879068e-06,0
0,5,4,9,1,0.2207991362221621,0.1940160604051817,1,0.1111111111111111,4.647865789905141e-06,0
1,2,11,4,1,0.1803800922479082,0.6549266268849384,1,0.25,3.5917488989614294e-06,0
1,8,18,10,3,0.5781677427732114,0.397669533346043,0,0.0,4.248950417457465e-06,0
0,13,17,6,3,0.31943746067094747,0.2295339162810306,1,0.16666666666666666,8.150478818231709e-06,0
2,7,21,11,2,0.29738631822991746,0.5194432405108252,1,0.09090909090909091,2.6323492064721467e-05,1
0,5,12,3,1,0.30479014104930824,0.20325063874529706,0,0.0,1.2313143633806666e-06,0
0,4,22,4,1,0.33690655216201804,0.4222245567506684,2,0.5,6.931634163227131e-06,0
0,18,17,9,2,0.14430494280953837,0.3783708228072929,1,0.1111111111111111,6.406262847555492e-07,0
1,4,12,11,4,0.2533109186899782,0.05912526434550465,1,0.09090909090909091,1.1571355697316205e-05,1
2,9,17,8,2,0.28628860537871725,0.3362055256650302,0,0.0,8.42272209661492e-06,0
1,13,14,7,3,0.22241610148648028,0.25669122529339694,1,0.14285714285714285,4.013581426089054e-05,1
0,3,17,10,4,0.7466190611828651,0.42625676174313515,1,0.1,8.185920683220125e-06,0
2,6,9,10,5,0.03974650176475167,0.3277779481275241,0,0.0,1.6561042401979862e-05,1
0,7,9,7,5,0.19100287062693433,0.254395912466067,2,0.2857142857142857,2.3385981695677346e-05,1
1,16,24,5,2,0.8168342139470423,0.24534485567159398,0,0.0,3.6642874911201206e-06,0
0,13,10,4,4,0.1663118335716736,0.11538340620337006,0,0.0,2.2277682519681502e-05,0
2,10,14,3,2,0.3168450507386247,0.592365121473873,2,0.6666666666666666,1.8414555875383677e-05,1
0,8,9,7,3,0.30290393859309445,0.38907932246202137,0,0.0,1.8218372560370224e-06,0
0,7,15,11,5,0.43342361560674036,0.6231082568253578,2,0.18181818181818182,1.6074308445177747e-05,1
1,4,3,10,4,0.35333875883290183,0.3145736656024596,0,0.0,9.184709568939659e-06,1
1,4,6,9,5,0.3057829186408704,0.30995197441439404,0,0.0,1.0516773658354364e-05,1
4,13,21,3,1,0.8108321471125262,0.6384333086609888,2,0.6666666666666666,7.430011061021637e-06,1
0,12,13,8,3,0.28433473820517324,0.4179074586808394,1,0.125,1.4270701807804837e-05,0
1,3,5,6,5,0.3901336702064016,0.5351261173575702,1,0.16666666666666666,9.439339388814241e-06,1
0,6,11,5,5,0.38417044322267613,0.2115901538602803,3,0.6,5.196815960750581e-06,1
0,6,21,3,5,0.3722520536250909,0.42903700050260674,2,0.6666666666666666,1.0537370680737633e-05,1
0,2,3,7,4,0.2993682300550479,0.4190225246545669,1,0.14285714285714285,7.4976601212072155e-06,0
0,19,3,2,4,0.2868246508077397,0.20140298609406806,1,0.5,1.506153390795815e-05,0
1,19,23,7,3,0.4678047882861378,0.4437686133693761,0,0.0,1.0127921054076117e-05,0
0,19,24,10,1,0.32411506766968695,0.48753897260170476,2,0.2,2.2619413347582851e-07,0
1,13,24,9,4,0.1930758314335862,0.24202845115710633,1,0.1111111111111111,4.9854327979560995e-06,1
2,7,15,7,1,0.07105685356958219,0.20034143062219711,3,0.42857142857142855,1.9189325231202354e-06,1
0,1,5,8,1,0.6196271928571192,0.6594466038352587,2,0.25,1.828405038401138e-05,0
0,3,13,2,0,0.27443068190545766,0.12666274877250538,2,1.0,1.2432557383678157e-05,0
0,15,6,11,2,0.14284942405904413,0.3492130101791982,3,0.2727272727272727,2.485192069750474e-06,0
1,3,20,10,3,0.5076242133555066,0.3296078385059394,2,0.2,1.0802743774599985e-05,1
0,15,8,2,2,0.15836818948026263,0.49710669669796337,0,0.0,5.605743743938727e-06,0
1,14,18,11,2,0.3691131097584635,0.24660690709903071,3,0.2727272727272727,1.2523610407052986e-05,1
0,18,3,7,5,0.361876047259956,0.3475193795177128,0,0.0,1.0647830579050088e-05,0
1,4,6,10,1,0.2632570206939975,0.19258204435640425,0,0.0,1.4596254906972885e-05,0
2,14,11,3,3,0.6751088209710681,0.472587072731472,2,0.6666666666666666,1.3393044499836037e-05,1
0,11,17,10,3,0.29718632151900415,0.10933989286125523,0,0.0,9.078182941664127e-06,0
1,18,21,7,5,0.06571587307549405,0.7144445110112098,0,0.0,1.019506691808001e-05,0
1,14,18,3,5,0.6812865363743308,0.26233576199575565,2,0.6666666666666666,2.5305891848722385e-05,1
1,6,4,4,3,0.023313244528494335,0.23345069254595183,2,0.5,4.498881252250263e-06,1
1,16,11,5,2,0.32526188973370196,0.17580939535246384,2,0.4,4.864084167778255e-06,1
1,5,8,3,0,0.4063147285594456,0.24687102965866212,5,1.6666666666666667,3.414962183869503e-06,1
0,18,23,2,4,0.30034072455903554,0.609754624925943,2,1.0,1.4005230901834562e-05,1
1,4,2,10,0,0.5643097537865831,0.19856381099473377,1,0.1,1.5685888566288958e-05,0
0,10,11,6,3,0.461316306938299,0.7846226357429206,2,0.3333333333333333,1.0052005611371393e-05,0
0,3,2,6,3,0.3082463782972916,0.22719594411490418,2,0.3333333333333333,5.252645724082206e-06,0
1,18,9,10,1,0.22697410526825668,0.32714809086292984,4,0.4,1.8741254643190458e-06,1
1,19,17,11,5,0.5792288410259707,0.7394846011637863,1,0.09090909090909091,2.4522019250067093e-05,1
0,10,15,3,5,0.39525610332430483,0.3395364956669966,3,1.0,2.5468984392832902e-06,1
1,3,3,9,0,0.2624056199952933,0.16267512651738855,2,0.2222222222222222,3.222725748131458e-06,0
0,9,16,5,4,0.31627373035840867,0.25206633638664644,0,0.0,4.418532774837414e-06,0
0,13,21,5,5,0.3845476634665811,0.33146508202074315,3,0.6,4.8551123406216466e-06,1
1,15,23,3,4,0.21759958567563234,0.19181874115453856,0,0.0,1.0276261203079766e-05,1
0,4,23,3,5,0.5005505819015575,0.4346849836698294,0,0.0,5.574128522386116e-06,0
1,18,16,2,1,0.051460778158417736,0.5634262141040391,1,0.5,1.4580179409461159e-05,0
2,8,20,5,3,0.38536296560315675,0.3948509271298834,2,0.4,3.989343165605505e-06,1
1,6,23,11,0,0.659000062393468,0.3509969955554171,1,0.09090909090909091,4.186393828521021e-06,0
2,2,22,7,5,1.1479659776351439,1.1677590013958978,1,0.14285714285714285,1.931264618608431e-05,1
1,14,6,10,2,0.46168403872831854,0.45576045584225594,1,0.1,2.46573426576924e-06,0
0,18,13,2,4,0.48489232437403756,0.36750563954227883,1,0.5,5.863380241849871e-06,0
1,18,6,2,4,0.12929169004607483,0.11816475855887583,1,0.5,6.589662046037634e-06,1
1,11,10,6,4,0.20800901204504213,0.259619576385748,2,0.3333333333333333,3.375633220893837e-06,1
2,5,21,7,1,0.3557756891819273,0.1698770020219227,1,0.14285714285714285,3.2080497072463087e-06,0
1,15,7,8,1,0.2815802572478021,0.07157148788029416,0,0.0,5.4057899313629e-06,0
3,4,5,2,3,0.2374098810037874,0.19160770472513933,1,0.5,9.034704872242843e-06,1
3,15,23,11,4,0.6923341860598577,0.31089562194092507,1,0.09090909090909091,5.203685348154124e-06,1
0,5,23,4,3,1.0337849783151327,0.5943981067978948,2,0.5,1.9141218597479353e-05,0
2,11,22,11,0,0.08074511912384873,0.3824837706067353,2,0.18181818181818182,1.5751823277618908e-05,1
1,17,15,9,4,0.5892962897064944,0.21410525554165033,0,0.0,1.4683077279539692e-05,0
2,11,16,2,3,0.27765863861425505,0.0331875141084052,2,1.0,1.0161377737152722e-05,1
1,9,16,11,5,0.2961246015708813,0.4539782522483409,3,0.2727272727272727,1.3500617499225087e-05,1
0,9,10,3,2,0.3970753509499077,0.09741257638748295,0,0.0,1.6605404343825137e-05,0
0,12,22,6,5,0.1382055521715983,0.20989082000898424,2,0.3333333333333333,8.787728609120529e-06,1
2,2,10,3,1,0.755502686808882,0.6272144643936703,0,0.0,1.8506652292456098e-05,0
2,19,17,2,2,0.13017031005786722,0.36007805754891414,3,1.5,6.5394651609364225e-06,1
0,14,20,8,4,0.28231506134775275,0.16310601145237677,3,0.375,3.54297411585888e-06,1
0,12,16,9,0,0.41217171950809756,0.41573586169662174,3,0.3333333333333333,1.2186383074175342e-05,0
2,10,2,3,5,0.42878806762829275,0.6694505719681076,2,0.6666666666666666,1.7260224456761487e-05,1
0,11,7,7,2,0.34494381382732725,0.3701483579401255,1,0.14285714285714285,1.5056511930259371e-05,0
2,4,9,3,3,0.12388288224547053,0.2520113487820994,2,0.6666666666666666,1.1394735803435154e-06,1
0,16,5,4,5,0.1656771066156051,0.499144540242225,3,0.75,1.2587398331692456e-05,1
0,8,21,11,0,0.25087320454661144,0.5789414086713689,3,0.2727272727272727,3.1504779210834412e-06,0
0,10,9,6,3,0.24079902015497498,0.18258173265611505,3,0.5,1.0801479240275552e-05,1
0,11,15,7,0,0.2909565216368189,0.3575677029269771,2,0.2857142857142857,8.9690860450114e-06,0
0,10,11,4,4,0.31812138287983793,0.27097411012791095,0,0.0,6.427299197864456e-06,0
1,10,10,10,0,0.27505600724979223,0.11496430183848645,0,0.0,5.589802271086659e-06,0
0,13,8,11,1,0.24043986421017077,0.4636061523502195,1,0.09090909090909091,8.675997677320431e-06,0
1,14,24,4,4,0.26239075482585217,0.37073002090937024,1,0.25,1.3661879094840805e-05,1
2,10,7,10,1,0.12290369175008223,0.45776481200506464,0,0.0,1.4182787786217945e-05,0
0,18,9,7,2,0.11358297373857541,0.42204529833437504,0,0.0,1.1947564145854989e-06,0
2,15,3,8,5,0.21893778727292512,0.19587372332035496,1,0.125,7.3288030349138145e-06,1
2,5,3,8,5,0.4098996169976086,0.909722263651891,3,0.375,1.685211439075408e-05,1
3,3,2,4,0,0.5812533203302199,0.6693064369612776,5,1.25,1.2752505451401582e-05,1
0,6,17,2,1,0.20045782387471908,0.47040094001035093,2,1.0,6.256492843293605e-06,0
0,13,19,7,2,0.9357437525578998,0.5232753056674023,0,0.0,2.762821315105589e-05,0
0,15,10,5,3,0.34535356321456384,0.2453041981933419,1,0.2,2.6794379241970254e-06,0
1,9,20,5,2,0.29168402330589704,0.21396465367203332,4,0.8,7.81561253463694e-06,1
0,14,10,3,2,0.40955055772383636,0.5746177922566464,0,0.0,6.193718546807616e-06,0
2,3,6,8,3,0.45644562531988064,0.5737002793353665,0,0.0,2.2418853553725673e-05,1
0,9,23,2,0,0.384780548329112,0.24850521959230404,3,1.5,1.0045772410679511e-05,0
1,19,13,3,2,0.7977872138205977,0.6192623577851,0,0.0,8.518002996074562e-06,0
0,2,18,8,1,0.1455405319831371,0.18289659343270584,2,0.25,2.0833344120095807e-06,0
1,6,23,2,3,0.25813823915374345,0.40470532149711264,1,0.5,3.5407219801815035e-07,0
2,1,16,10,5,0.2764302408027107,0.25301743977783125,1,0.1,4.2639556963890486e-06,1
2,3,16,3,1,0.691585236218356,0.1495931699780215,1,0.3333333333333333,2.815576835977197e-06,0
2,4,15,2,4,0.200434645126048,0.26398027752811,1,0.5,3.169964624185775e-06,1
1,19,11,11,0,0.34747671189915136,0.5452521361593038,3,0.2727272727272727,2.0906137040760416e-05,1
1,10,13,3,2,0.5324682242141439,0.316132426061304,0,0.0,1.4253233279719955e-05,0
2,12,19,4,3,0.5946096521630306,0.7686229521089417,2,0.5,2.2426120149589268e-05,1
1,10,5,11,1,0.036756955899720736,0.3121823714761325,0,0.0,4.900346715257651e-06,0
1,12,15,9,3,0.23895972170155197,0.34938552882792084,0,0.0,4.718675812816416e-06,0
0,19,12,2,5,0.32855200751344027,0.24555629282480654,0,0.0,9.51406036258368e-06,0
1,5,6,8,2,0.05656871233171221,0.2724653160139161,2,0.25,1.4165514597789569e-05,1
1,5,19,11,4,0.18074001916081475,0.2621228243107806,2,0.18181818181818182,8.449040892781825e-06,1
2,16,15,4,2,0.46032111416361393,0.34952487622407086,0,0.0,1.3939786695720215e-05,0
0,10,10,10,2,0.2602609932362419,0.3474795788203274,3,0.3,3.586682561927713e-06,0
1,9,9,5,4,0.3726089084936175,0.705201698400626,0,0.0,1.7196158892704484e-05,0
1,6,6,9,0,0.4086257202829712,0.41360877077972197,0,0.0,1.0798867342050895e-05,0
0,7,2,3,3,0.18270946962166074,0.10551483677569136,1,0.3333333333333333,1.9631470426853785e-06,0
3,12,5,6,4,0.19412742840246924,0.6454258767745904,3,0.5,1.6362697554046673e-05,1
0,15,4,10,4,0.41803519499284003,0.7439832868676927,1,0.1,4.656810481102722e-06,0
0,17,12,10,5,0.11460080400204194,0.2443222981540223,2,0.2,1.6452588404532947e-05,1
1,18,4,9,2,0.4126611604534885,0.3059084295516175,1,0.1111111111111111,8.154665380874971e-06,0
0,19,15,11,1,0.17326410328037917,0.237223290441195,1,0.09090909090909091,8.36496652257252e-06,0
3,1,5,3,2,0.5714952522005265,0.15720258800400327,3,1.0,8.352801959689303e-06,1
1,13,9,4,5,0.43701366733950575,0.24447954555169324,0,0.0,1.7628076489535186e-05,1
0,10,24,4,4,0.2824932657586532,0.06803451673353934,3,0.75,4.9158156231778e-06,1
0,9,16,6,2,0.17877169584787792,0.5079209410475848,0,0.0,1.060432878047114e-05,0
0,14,23,6,2,0.8724983140284814,0.9634238767400491,1,0.16666666666666666,2.35486428531519e-05,0
1,10,7,7,0,0.5332107064832546,0.23869498040412634,0,0.0,7.2540134974131755e-06,0
1,17,8,6,1,1.5832352584856935,0.30497609272072684,0,0.0,2.550161340756e-05,0
3,1,19,9,1,0.2945110893682368,0.3882832472091124,4,0.4444444444444444,1.1958113065729603e-05,1
2,15,6,3,1,0.40227094976047534,0.3595698421973095,0,0.0,9.488897913296777e-06,0
0,18,19,7,3,0.38947666452852137,0.11613218118494005,1,0.14285714285714285,5.7665689381122714e-06,0
2,2,3,6,5,0.07808697020266352,0.33115731768464046,0,0.0,1.5316372081016734e-05,1
1,10,23,5,2,0.07434031868738003,0.19153243843691242,0,0.0,1.298748427141064e-06,0
0,12,19,9,2,0.13604364138668237,0.3508085173708042,0,0.0,1.1501781353300878e-05,0
1,7,7,10,3,0.136695164093762,0.2216014380113052,1,0.1,2.795293528648842e-06,0
0,15,13,4,5,0.034560880395900606,0.2339791115812877,3,0.75,1.24474613075324e-05,1
1,12,2,10,4,0.16959071490919533,0.2443740795481277,0,0.0,5.754461658980866e-07,0
0,8,20,4,5,0.5565644483688955,0.24594400238544956,3,0.75,1.5800326471787675e-05,1
0,16,12,5,5,0.23405380180833218,0.3699230444813678,3,0.6,1.4017325398132767e-05,1
2,8,21,11,0,0.38451907525152973,0.1928801279900016,3,0.2727272727272727,2.553825311822579e-06,1
2,6,11,10,2,0.32198250605893164,0.3580239432249392,0,0.0,1.2841562106373606e-05,0
0,5,5,7,0,0.3610739412002662,0.3843938145129952,1,0.14285714285714285,1.2291942677255882e-05,0
1,11,19,4,5,0.1821614952128675,0.27790989201472543,4,1.0,1.4649528984105376e-06,1
0,6,23,10,2,0.3103570544118501,0.39743751016931333,1,0.1,5.550743040424378e-06,0
0,16,13,6,2,0.30407076990309406,0.1577672113890782,2,0.3333333333333333,5.980906896295235e-06,0
0,2,6,9,4,0.40984701570549026,0.19863253206515752,0,0.0,5.460653065977856e-06,0
0,19,22,10,4,0.2850094328389436,0.3335952884080289,1,0.1,1.3077150344787418e-05,0
1,12,14,7,3,0.12764764963982314,0.3062357245545217,0,0.0,4.023127804291642e-06,0
1,6,5,4,3,1.24633296879024,1.6590842741869873,0,0.0,2.845281576326683e-05,0
0,19,9,8,2,0.9366597966367901,0.9093267621662114,0,0.0,1.9400115067459247e-05,0
0,3,4,6,3,0.5952310540634015,0.9037086069457179,1,0.16666666666666666,2.1694453291594963e-05,0
0,2,4,7,4,0.838327977809719,0.688002836232787,1,0.14285714285714285,1.1779175686205301e-05,0
1,1,14,2,3,0.7824133379010397,0.4472153346654996,2,1.0,2.3683584855897633e-05,1
2,7,11,5,4,0.47399229908045787,0.41370899606890105,0,0.0,6.924187974652256e-06,1
0,17,8,7,1,0.2842951766207574,0.24163386882056398,0,0.0,3.732003642571818e-06,0
1,4,18,11,3,0.36471302868944605,0.29920985754544177,3,0.2727272727272727,3.3644451737328387e-06,1
0,5,18,4,0,0.30495772986389913,0.3264112103085877,0,0.0,6.946780978720536e-06,0
3,12,2,7,5,0.3313187039619814,0.21804316684240455,2,0.2857142857142857,1.734321290986794e-05,1
1,14,20,3,0,0.2538256325822583,0.08997559442928107,3,1.0,4.5618131619376065e-07,0
0,1,22,10,0,0.559020559029974,0.0933247635079359,1,0.1,9.668063929403617e-06,0
2,4,19,3,1,0.34450905608917215,0.40779267912646017,1,0.3333333333333333,8.756616050112706e-06,0
0,17,2,3,1,0.24320444041002076,0.1981020475130532,2,0.6666666666666666,1.0854382060609093e-05,0
0,13,10,2,5,0.35353399794659135,0.3436546350496243,3,1.5,6.820138948642499e-06,1
0,3,12,7,0,0.060343012999511864,0.3396946658426921,0,0.0,7.657668132330418e-06,0
0,19,9,3,2,1.246750793488686,0.8384478465577518,0,0.0,2.884775522761021e-05,0
0,2,10,6,2,0.27787042468370426,0.601156618091348,2,0.3333333333333333,9.928484085095962e-06,0
0,13,23,4,2,0.25384850429919664,0.36420929697432874,1,0.25,5.0592938174989e-06,0
1,3,13,5,0,0.14292847853214816,0.2850960429434685,1,0.2,4.2996826812284677e-07,0
0,3,24,7,1,0.16882217944307115,0.17544314285605425,0,0.0,2.932705841340993e-07,0
0,2,23,6,4,0.44210692843950056,0.41779124776116283,4,0.6666666666666666,2.1981703922850445e-06,1
1,18,14,6,2,0.3973839791852394,0.46728620244909513,0,0.0,1.4772663675396691e-05,0
0,8,19,8,3,0.4796871781452943,0.26972593490217295,0,0.0,1.4747696975967615e-05,0
0,1,11,2,0,0.2802886504722769,0.3324406921856982,0,0.0,3.94862887668113e-06,0
1,1,22,5,2,0.34859696930170925,0.1599310219418555,1,0.2,5.466731724419869e-06,0
0,19,2,2,1,0.38441044749965453,0.2389757617041813,4,2.0,1.1518839908531344e-06,0
1,9,18,4,0,0.28123868234757765,0.1313697165701637,2,0.5,1.930102935911049e-06,0
1,2,3,8,1,0.4880663262508524,0.3793707934156558,1,0.125,1.4301717436319042e-05,0
0,16,4,7,1,0.36178321673609276,0.05669826342949294,1,0.14285714285714285,3.3416240656296664e-06,0
0,5,13,11,5,0.4433917050364419,0.46293392116613524,0,0.0,3.1688393283340846e-06,0
0,18,2,4,2,0.3438589695369036,0.5156683270542133,2,0.5,1.398428571578956e-05,0
0,15,8,2,4,0.2346989030801762,0.33514456166617324,3,1.5,5.901097193036422e-06,1
0,11,6,6,1,0.5731955412145807,0.4555605570828045,1,0.16666666666666666,8.041762818762722e-06,0
0,14,13,4,1,0.11401715579824509,0.2689652120685414,3,0.75,5.556055849888381e-06,0
1,12,11,2,4,0.9858885536847599,0.968487160210534,0,0.0,3.8523407039093366e-05,1
1,12,22,3,3,0.08885799624323862,0.49272426822048837,1,0.3333333333333333,2.5769145202001492e-06,0
1,2,2,4,4,0.08933560818672838,0.3105633393783536,1,0.25,6.221362568124266e-06,0
1,12,21,6,3,0.2168961452567138,0.11791331370081391,0,0.0,8.526709350834125e-06,0
1,2,16,6,3,0.6896819387342806,0.2111759601900464,2,0.3333333333333333,1.9977718284611245e-05,1
2,6,21,10,4,0.5252345716489624,0.8167468585217419,3,0.3,5.712862541616348e-06,1
1,14,13,11,4,0.330725735582415,0.5115961116910311,1,0.09090909090909091,1.2420389517543818e-05,1
0,12,17,6,0,0.4471798705094822,0.5075308063734495,1,0.16666666666666666,3.4602461705657218e-06,0
0,19,3,4,4,0.20264834549100402,0.7438927734040458,0,0.0,4.42594674399367e-06,0
0,4,2,5,3,0.27350822277291875,0.601817565678734,0,0.0,1.1151534746291458e-05,0
2,13,15,4,2,0.1059648611414945,0.802514600950203,1,0.25,1.263781528641897e-05,1
0,18,21,7,3,0.08174759417477856,0.40746842358836727,0,0.0,1.0617031244987576e-05,0
0,9,5,2,1,0.7252626318234705,0.7900539018394235,0,0.0,1.7246961991257919e-06,0
0,13,3,11,1,0.35076360044329014,0.23007200990882834,2,0.18181818181818182,3.031172789512351e-06,0
3,15,7,8,0,0.19526841356014216,0.31945397652526253,2,0.25,4.8428432019301785e-06,1
1,3,12,9,2,0.3655767005833075,0.29386208997283486,0,0.0,8.568206900143348e-06,0
1,16,21,11,4,0.5426889274786668,0.42480414208215034,2,0.18181818181818182,1.2054618434032e-05,1
1,5,11,7,4,0.35827787908167485,0.5297734783366351,0,0.0,9.052642858298579e-06,0
0,2,12,10,1,0.2484737730286676,0.20474990034017512,2,0.2,1.0294645145921716e-05,0
2,7,15,3,1,0.4786940546733449,0.9447842865081605,3,1.0,5.745117161787473e-06,1
0,14,24,3,3,0.2858254182991649,0.2064518468162534,2,0.6666666666666666,7.040252129622321e-06,0
1,6,6,5,2,0.462238988939316,0.2315767046318991,0,0.0,9.424440981924959e-06,0
3,7,3,3,4,0.2594920243742076,0.2971507933444445,0,0.0,3.7493426197833504e-06,1
0,3,14,8,1,0.4790430433777413,0.5842906474938491,0,0.0,5.831251225633504e-06,0
1,12,9,8,0,0.5630697178592903,0.6844873835111883,0,0.0,6.610600930499329e-06,0
1,16,15,10,5,0.40607073727877896,0.05787775446694917,3,0.3,6.103203198921412e-06,1
0,18,20,6,0,0.3392101884253658,0.3268095876547958,2,0.3333333333333333,5.191532090637267e-06,0
1,13,21,11,5,0.24766558158249655,1.1166771812820475,1,0.09090909090909091,1.751217022104734e-05,1
2,9,15,3,1,0.25269524392869014,0.34769699848714464,0,0.0,1.8049169734527364e-07,0
1,4,19,9,0,0.33027288846099945,0.522033138229567,0,0.0,1.1538185836776122e-05,0
0,10,17,9,5,0.26563674225778966,0.4143979688785174,2,0.2222222222222222,3.0152609243398316e-06,1
1,1,16,3,1,0.2909123298860922,0.45456428925893705,1,0.3333333333333333,1.9382413349012047e-06,0
0,18,3,6,3,0.39149361282170775,0.4111639592472539,1,0.16666666666666666,5.580390801462935e-06,0
2,4,5,9,1,1.5072844719170786,1.048831253083468,1,0.1111111111111111,1.8199318947302776e-05,0
1,12,21,11,4,1.0994367076025287,0.3782902408318741,6,0.5454545454545454,9.988884432718899e-06,1
0,13,10,11,1,0.2056256064972109,0.2723890703344221,2,0.18181818181818182,3.2968805452056064e-06,0
0,16,10,11,5,0.5207928611727479,0.36604784971131565,1,0.09090909090909091,1.2720630627075784e-06,0
1,10,7,10,3,0.2973428363210166,0.030632744162033466,1,0.1,1.1787210381795936e-05,1
1,19,19,9,4,0.22416598306975563,0.6842870309226807,2,0.2222222222222222,5.533650390264076e-06,1
3,13,15,9,3,0.5553357415094784,0.9356167020478552,3,0.3333333333333333,1.3908060972385303e-05,1
0,17,12,2,2,0.5082777004273097,0.2399738884603092,1,0.5,1.3611162657665663e-05,0
3,16,7,10,4,0.3153299898990814,0.37513840299137163,0,0.0,1.5562687909774548e-05,1
0,4,18,2,3,0.43541292143620697,0.2979171905155184,2,1.0,8.858579385570396e-06,0
0,16,17,5,3,0.4813301361819783,0.22056773674598817,3,0.6,4.0678757485400015e-06,1
0,16,20,7,2,0.0903317564681102,0.4352432261803836,1,0.14285714285714285,3.3996262222041795e-06,0
0,10,8,10,1,0.10245828451321283,0.023752845621338434,0,0.0,9.04809412530806e-06,0
1,11,21,7,0,0.22692701036298904,0.5698994192839838,3,0.42857142857142855,6.3308374160673745e-06,0
1,11,15,3,0,0.29498284720094575,0.24178824079386438,2,0.6666666666666666,6.058686912423663e-06,0
0,9,3,5,0,0.280021090858166,0.12189460945273303,0,0.0,2.7318181408747364e-06,0
0,14,4,9,4,0.3724456408818785,0.22958595121238132,2,0.2222222222222222,3.928932594269805e-06,0
1,14,19,6,4,0.25769582843241784,0.06918555653569822,2,0.3333333333333333,2.6875542909763267e-05,1
0,12,2,8,4,0.2562536270851749,0.367969934166362,2,0.25,3.4753035335295214e-06,0
0,5,21,4,2,0.7368493839185298,0.7957345275832953,0,0.0,1.2400126605921112e-05,0
1,4,5,4,4,0.08561579137660282,0.5450441019228357,1,0.25,1.4378839269299401e-05,1
0,8,23,4,1,0.4526915052330318,0.2543941430864322,1,0.25,2.511671230569249e-06,0
1,7,5,7,1,0.28777200582467644,0.1847856377538255,2,0.2857142857142857,1.2226527712526849e-05,1
0,7,9,11,2,0.2904073332744128,0.24756095112252224,0,0.0,3.8295347149041025e-06,0
1,18,8,10,0,0.228349311260231,0.22352960594173238,0,0.0,3.3214341143290366e-07,0
0,13,9,8,0,0.23991306135037774,0.6899697469526987,0,0.0,6.613925190191789e-06,0
0,17,7,8,2,0.27160566873264486,0.14509593238299773,0,0.0,3.6675002707164293e-06,0
0,6,16,7,2,0.9723032947079236,1.2841875435384593,4,0.5714285714285714,1.3675657225977014e-05,1
0,6,10,5,0,0.21207898299261602,0.10283596283315881,2,0.4,4.384966322780588e-06,0
1,16,11,11,1,0.38032385608992,0.1064377774349233,2,0.18181818181818182,5.476615295754205e-06,0
0,15,21,9,1,0.7652541620499745,0.4144333617414474,2,0.2222222222222222,5.885405126214669e-06,0
1,19,16,4,0,0.18494157289332572,0.4854557487224603,0,0.0,1.053041156893812e-05,0
2,16,6,7,3,0.3960583588938514,0.05118012839881737,1,0.14285714285714285,1.3934327998453478e-05,1
0,5,3,7,4,0.3025852078184619,0.2912007568703928,0,0.0,4.544928450022245e-06,0
0,18,21,2,1,0.2103305541279156,0.26419946819542406,1,0.5,4.015671962164505e-06,0
0,4,19,3,4,0.5625459593672952,0.24175452899058295,2,0.6666666666666666,2.688535932902174e-06,0
0,10,16,8,1,0.20649906155864603,0.527362026064266,0,0.0,1.5003585405719468e-05,0
1,6,12,4,3,0.4257040556150338,0.3940501939150252,1,0.25,1.2011903631612637e-05,1
0,9,22,3,3,0.20642329008832414,0.30756413235464536,0,0.0,5.4549063798702955e-06,0
1,17,2,3,5,0.4434314046302542,0.48505572602562547,1,0.3333333333333333,2.3442697189933088e-05,1
0,11,14,3,4,0.2723939028349254,0.32589176390164093,0,0.0,1.4550042116617132e-05,0
0,19,16,6,5,0.4373974847289514,0.7351323379407303,1,0.16666666666666666,1.4638196023742261e-05,0
2,2,21,9,3,0.25134416988134395,0.49928091060105956,1,0.1111111111111111,1.212286362029658e-05,1
1,3,8,2,4,0.28654241985494405,0.22783066754613812,4,2.0,5.578755904955727e-06,1
0,17,19,6,1,0.15556943100022155,0.30168818909707984,3,0.5,4.823750161860813e-06,0
1,3,14,4,1,0.050539472084075714,0.7259371109087491,3,0.75,8.099526602313438e-06,1
1,19,6,10,4,0.32601211365983546,0.6918132593577234,1,0.1,1.824293774557214e-05,1
0,18,21,2,4,0.549817566731362,0.3451643782064858,2,1.0,9.348806162386769e-06,1
1,15,5,11,5,0.3427090694912733,0.8853452614432077,1,0.09090909090909091,8.392180287875095e-06,1
2,3,18,9,1,0.1943999931954703,0.31379574294657764,2,0.2222222222222222,6.637689996256359e-06,1
0,10,4,6,2,0.3501304357474518,0.3937127381820943,2,0.3333333333333333,3.825812619431561e-06,0
0,10,16,6,3,0.1305687879914467,0.22477619044510214,0,0.0,1.8310969590792694e-05,0
1,18,8,9,0,0.10878523262454974,0.47574037135403036,1,0.1111111111111111,1.2257233428145762e-05,0
1,7,17,3,4,0.2521046371499995,0.2819624036659899,1,0.3333333333333333,4.5623175804525334e-06,0
0,9,6,9,0,0.03571558340071569,0.6450691950455582,1,0.1111111111111111,9.665142513599583e-06,0
1,12,18,9,3,0.5453382812868517,0.601054755123569,1,0.1111111111111111,9.26758722623394e-06,0
1,16,3,7,3,0.6079954085230413,0.17526326571320391,0,0.0,1.5837354241056872e-05,0
0,11,3,2,3,0.46519954717169476,1.0962653471650219,1,0.5,1.8936291804792812e-05,0
0,3,21,8,2,0.2010607743019927,0.42338753813266583,1,0.125,5.782559762265826e-06,0
0,5,22,6,1,0.39433957281899235,0.2759367911495887,1,0.16666666666666666,3.0992033638515963e-06,0
0,15,19,5,0,0.46018809980925657,0.4631157511044337,1,0.2,9.171797992770054e-06,0
0,5,23,2,2,0.35273342964591586,0.48796700904642226,0,0.0,4.7766179028829735e-06,0
0,15,8,3,3,0.4220292794882441,0.24508403717903351,3,1.0,8.437267588970564e-06,1
3,9,23,5,4,0.5130718566292597,0.5226061034980874,1,0.2,1.5982284604910474e-05,1
1,3,20,4,2,0.5790565785045457,0.38090415855021004,1,0.25,1.0623798068148958e-05,0
1,5,2,11,2,0.5410412477968018,0.21920790739701188,0,0.0,6.629265922702092e-06,0
2,6,11,7,1,0.3873573664796735,0.5288475896901172,3,0.42857142857142855,8.827116063972491e-06,1
0,13,10,11,3,0.4200222358108691,0.5281442088679935,1,0.09090909090909091,8.730377420107294e-06,0
2,5,13,6,4,0.1187826812418091,0.22959251931148705,1,0.16666666666666666,5.511654116608477e-06,1
0,13,17,6,5,0.13759294347309042,0.43671366902296105,0,0.0,5.28936441585154e-06,0
1,7,23,9,1,0.6032340553317874,0.5334886145083846,1,0.1111111111111111,1.4387664847805883e-05,0
2,11,10,2,3,0.12777216370691644,0.545201694760632,2,1.0,1.9255425303515822e-05,1
0,15,20,6,1,0.2934107623185759,0.4528931997299894,0,0.0,5.6407165906942785e-06,0
1,9,17,2,5,0.3261820644369582,0.42750957637530146,0,0.0,6.190065178282904e-06,0
1,9,14,2,3,0.22417229657710575,0.2666810578137254,0,0.0,1.6566103517902224e-06,0
1,8,17,9,2,0.5264227057069955,0.34100027100363184,0,0.0,9.190589359872605e-06,0
2,18,10,3,2,1.0165300175028114,0.9153887574258744,3,1.0,1.9259509574783716e-05,1
0,7,24,10,4,0.31309799740271066,0.3963353436209972,1,0.1,3.7175487228049074e-06,0
2,7,21,9,4,0.41834245813778265,0.48375796489070505,2,0.2222222222222222,2.6125554948134577e-06,1
0,9,3,8,4,0.6268347964561708,0.27790127622050614,0,0.0,1.5575940431897188e-05,0
0,10,2,11,3,0.39118611749298987,0.14378092734433734,1,0.09090909090909091,7.223922329556741e-06,0
1,13,18,11,2,0.3565465163760544,0.17946572134943853,0,0.0,4.985791980391263e-06,0
0,12,10,7,1,0.3333619934752909,0.2396462853008573,1,0.14285714285714285,1.1314182801060795e-05,0
2,4,21,5,1,0.3509972295145888,0.6918207573163154,1,0.2,1.5273265878327554e-05,0
2,1,10,3,1,0.18549756447351545,0.5567077063104162,2,0.6666666666666666,8.817175633397746e-06,1
1,4,18,5,1,0.5602950306987314,0.5085631060935082,0,0.0,4.966838826199885e-06,0
1,12,2,6,1,0.2710475353121287,0.378542895624188,3,0.5,1.6128723830451142e-05,1
1,9,22,5,0,0.3290695813246583,0.7176201138452669,4,0.8,5.199702131303252e-06,1
0,17,12,10,0,0.42753529423064435,0.2196631837946453,2,0.2,8.895907075958736e-06,0
1,3,17,4,4,0.7872474899965863,0.7284087655943455,2,0.5,1.0599564123862576e-05,1
0,6,9,2,4,0.40113459702425164,0.22125699313254116,2,1.0,7.701412149027155e-06,0
2,10,19,10,3,0.37087225485121844,0.3760934398297404,0,0.0,3.3237735020604684e-07,0
1,13,11,5,1,1.072551664896712,1.7849341116809556,1,0.2,3.607317899924063e-05,0
1,18,10,11,1,0.20445746143524948,0.2782340162618473,2,0.18181818181818182,1.2015617682759478e-05,1
0,12,4,11,3,0.08924860207907609,0.14841389186821896,1,0.09090909090909091,7.232515208798249e-06,0
0,7,23,2,2,0.2586043562092154,0.027926320166130298,0,0.0,8.532904183811437e-06,0
1,6,21,3,3,0.277660862440158,0.4678290509477275,2,0.6666666666666666,1.5105893576912954e-05,1
1,14,7,4,2,0.05847092714455617,0.09526452859720355,1,0.25,7.936178223018153e-06,0
0,2,4,6,0,0.507205173081796,0.9540178528922215,0,0.0,1.7627992860155046e-05,0
1,11,15,7,5,0.8280211264291562,0.7864669541295758,1,0.14285714285714285,2.3614528729598042e-05,1
1,15,17,6,5,0.3425737747074857,0.14946358692780798,2,0.3333333333333333,5.214224362163248e-06,1
2,16,19,7,2,0.17570449201587165,0.11630699039145272,2,0.2857142857142857,8.172067048392765e-06,1
1,11,23,6,5,0.4834664598139588,0.29711208803607086,0,0.0,4.191878795056334e-06,0
0,1,22,2,3,0.19861135011381978,0.32581252026714147,0,0.0,4.271241661532794e-06,0
0,2,23,2,5,0.3786588737285445,0.26228604746239187,2,1.0,9.598223112469735e-06,1
1,6,5,2,5,0.3288697238975924,0.09478210985205834,0,0.0,1.1453634675088803e-06,0
0,12,11,3,0,0.23728709408888038,0.14705108088940988,2,0.6666666666666666,1.200422680468224e-05,0
0,10,3,2,0,1.2107622703937329,1.3955452656626108,0,0.0,2.3999672135445837e-05,0
1,9,12,6,2,0.13042812330568526,0.7402133603280336,2,0.3333333333333333,1.403281226851505e-05,1
1,1,18,10,1,0.5530892512656441,0.07803863725599842,1,0.1,1.384404548269993e-05,0
1,2,2,2,0,0.7173241362235879,0.9871189667978268,3,1.5,3.0010254326585825e-05,1
1,7,22,9,4,0.5008979679461784,0.4456512073328546,1,0.1111111111111111,6.2387767065530035e-06,1
0,14,23,10,2,0.1468527289438561,0.4433235445479197,1,0.1,1.6995439386404037e-05,0
2,16,24,9,5,0.3303130917652254,0.40810970148410247,0,0.0,1.3769137126485854e-05,1
2,12,13,10,1,0.1165265498165851,0.275990693144259,2,0.2,5.105805280646922e-06,1
2,5,15,3,1,0.361045651507255,0.3267869538741508,0,0.0,1.6466039781980855e-05,0
2,5,11,5,0,0.30941877942253315,0.3969867177866531,2,0.4,1.4618103981881734e-05,1
0,5,3,10,2,0.2660493502342825,0.5063225532403228,0,0.0,5.398957088414559e-06,0
2,1,14,11,5,0.25105261213591784,0.2954301762478021,3,0.2727272727272727,5.974963197868594e-07,1
1,14,19,9,4,0.27615430294855314,0.4662522751606891,4,0.4444444444444444,3.378064576474609e-06,1
0,4,18,11,3,0.5140841981501344,0.16818480419645068,4,0.36363636363636365,2.1345297282904395e-05,1
0,16,17,3,4,0.08080108791020273,0.3983821570507453,2,0.6666666666666666,9.543035222869123e-06,1
1,3,17,2,0,0.2345723669556337,0.1647060529457329,0,0.0,1.200834352758315e-05,0
1,14,17,5,2,0.3749820224928229,0.17295827787819412,0,0.0,5.5991748034312e-06,0
0,10,13,9,2,0.22422212407920425,0.43088551213245807,2,0.2222222222222222,1.045274234415538e-05,1
1,17,17,5,1,0.6742739211259479,0.5448971343165822,1,0.2,1.0696089880918637e-05,0
0,11,23,5,2,0.3002300098302331,0.34428080515490755,0,0.0,1.5818950988343188e-05,0
1,12,24,5,3,0.2669742602446371,0.17652158943129515,1,0.2,1.2445752917196163e-05,1
3,5,18,5,1,0.6916943989146946,0.6300625591908914,1,0.2,1.4357259611858107e-05,1
0,12,8,2,0,0.12233482966622826,0.28449036101148334,1,0.5,7.335123855863703e-06,0
0,13,16,7,4,0.22687913676829863,0.44087379210116373,2,0.2857142857142857,1.0304340959041118e-05,1
1,17,21,7,0,0.6324412297651034,0.4938243863941214,3,0.42857142857142855,1.0392503958258574e-05,0
0,6,11,3,3,0.6905750696275368,0.5557310223252725,1,0.3333333333333333,1.0706630256666164e-05,0
0,6,9,5,1,0.22911079496257028,0.3533876508883041,2,0.4,1.0680641430202523e-05,0
0,8,24,11,1,0.379210876405878,0.21931080786801727,1,0.09090909090909091,7.362651179822311e-06,0
0,19,21,2,5,0.7427131657635625,0.48357445836263296,1,0.5,1.0841040594887217e-05,0
1,9,19,7,3,0.2935255563960504,0.3343540263995123,0,0.0,2.57158737558951e-06,0
0,3,22,8,2,0.1363187063533954,0.45655178360048465,1,0.125,2.3303909740139932e-06,0
0,16,10,4,4,0.3846201073054376,0.21036450788423983,1,0.25,1.7164941877529794e-05,1
2,2,9,2,3,0.0609811269117148,0.02407308074213131,2,1.0,8.982196843627994e-06,1
2,18,2,9,0,0.31228146481793567,0.5366173063275528,1,0.1111111111111111,1.617789069947082e-05,1
1,10,21,11,3,0.4262541257156305,0.5888336661032597,1,0.09090909090909091,1.2966191522208922e-05,1
1,19,2,4,1,0.19462361561164562,0.38619130683465863,2,0.5,6.56395962625092e-06,0
0,19,17,8,0,1.0335417337376065,0.6161047658024019,0,0.0,5.216619321621309e-06,0
0,13,16,5,4,0.2989953272385406,0.15516361040486887,2,0.4,1.1448462141341725e-05,1
1,6,23,9,5,1.190693207407783,0.6043328038828748,1,0.1111111111111111,1.8625819314596147e-05,1
0,14,12,7,5,0.8633336855071243,0.11226845950612233,1,0.14285714285714285,2.727028521227112e-05,1
1,18,3,9,3,0.4139846835716812,0.27108527690850925,0,0.0,1.4329092540669485e-05,0
0,17,16,4,3,0.4560972769428249,0.04252450412137001,2,0.5,1.336378156688617e-05,0
2,17,11,5,4,0.37230344373165086,0.03815301135861427,1,0.2,1.5316372081016734e-05,1
1,6,20,8,2,0.2280512231072702,0.02786692217723163,4,0.5,4.834554358915604e-07,1
1,14,17,9,1,1.072551664896712,1.1463715328897761,1,0.1111111111111111,3.35794109551705e-05,0
3,9,19,3,1,0.18376167087554285,0.5708248184517617,1,0.3333333333333333,1.1648961316280742e-05,1
0,12,2,11,4,0.27193562127640264,0.21569942073616444,0,0.0,5.869525775099601e-06,0
2,18,19,3,1,0.10602535352547436,0.31468256735208966,0,0.0,8.180438117756575e-06,0
1,18,23,8,0,0.2426041102378052,0.40526344328286934,3,0.375,2.348123929494198e-06,0
3,12,16,5,5,0.36767206900712496,0.0695118068733077,0,0.0,2.3816122636102215e-06,1
1,14,20,6,0,0.31931366214506435,0.38638454660248645,0,0.0,8.285976986974041e-06,0
1,16,20,4,4,1.265141203455097,1.253348471014919,0,0.0,1.243472804987276e-05,0
2,11,14,6,0,0.27753178581239785,0.27086900675755005,3,0.5,9.200587815336658e-06,1
0,3,20,7,4,0.475724023789278,0.33745000192412167,0,0.0,4.01638383709909e-06,0
0,5,15,9,5,0.36234665350688844,0.07199662398395278,0,0.0,6.730683858382928e-06,0
0,19,4,6,1,0.27047659630014154,0.8084498472221083,0,0.0,1.4006203289712371e-05,0
1,7,23,7,4,0.4908764367840904,0.47783712286565,0,0.0,7.040102143046378e-06,0
0,7,18,11,0,0.41742800829981297,0.36863208431116573,4,0.36363636363636365,1.2364779863758238e-05,1
3,18,23,3,3,0.2337017336964868,0.40581531992672437,1,0.3333333333333333,1.4609586643489327e-05,1
0,14,22,11,1,0.24380200668328822,0.4269359683935942,1,0.09090909090909091,4.879064131728994e-06,0
0,11,11,9,1,0.6190921764781712,0.5239819887487728,0,0.0,2.0734720716085924e-05,0
0,10,13,11,4,0.1369621302254187,0.18666693936899484,1,0.09090909090909091,2.994508601258413e-06,0
0,16,14,8,4,0.2034603847195618,0.45130516817216193,1,0.125,7.706238001587777e-06,0
3,8,11,9,3,0.3088989828423207,0.465317453861253,1,0.1111111111111111,5.788259836953349e-06,1
2,12,14,8,2,0.16080101285018103,0.21467634794527996,1,0.125,4.497605416516037e-06,0
0,5,15,11,4,0.3188312386136115,0.11938872510973277,1,0.09090909090909091,5.0331443042733646e-06,0
0,17,17,2,0,0.19388138668495503,0.2739201758651596,1,0.5,7.529138361347474e-06,0
1,8,24,5,5,0.2910980851199891,0.2770632271862435,1,0.2,7.743330225378377e-06,1
0,6,6,10,2,0.7423189202337174,0.10382505787344741,2,0.2,6.440310961648075e-06,0
2,18,5,2,0,0.7872785766482943,0.5833688741197922,0,0.0,1.0384891148546333e-05,0
2,18,12,5,1,0.47318467204423337,0.09870428212367809,2,0.4,5.801226193738184e-06,1
0,1,9,9,1,1.1000576375523037,0.6458683331801479,0,0.0,3.146798295761245e-05,0
0,10,10,2,3,0.5336071001379352,0.6946455671800444,0,0.0,2.0983102110599336e-05,0
0,12,10,3,4,0.06790235204156311,0.26593890723110714,2,0.6666666666666666,8.345655339981822e-06,1
2,12,6,8,3,0.42076321059309474,0.13230434223131762,1,0.125,1.950040824579159e-05,1
0,8,2,11,0,0.67340334288092,0.6625629646476042,2,0.18181818181818182,1.651109942094327e-05,0
1,9,19,4,3,0.18450234741728194,0.30916105439083197,0,0.0,3.0041632375736593e-06,0
1,10,19,4,4,0.2393969814099488,0.14520777520745068,1,0.25,1.0135004453042834e-05,1
0,9,15,2,4,0.30279369932468925,0.315162505651802,2,1.0,4.3740830111806557e-07,0
1,19,2,11,1,0.31950515071952856,0.3901767808388161,1,0.09090909090909091,1.4890023989184362e-05,0
1,5,14,4,2,0.49243704604973126,0.7144153380185464,2,0.5,1.1968868504159844e-05,1
0,4,8,5,5,0.1247720118060809,1.4068021694738904,0,0.0,2.3175808560875884e-05,0
2,5,24,11,4,0.16741281567297295,0.4093413414166379,1,0.09090909090909091,1.604530243664557e-06,1
1,1,10,10,4,0.8381631848270255,0.43384542168037804,3,0.3,1.474127216392323e-05,1
2,11,13,9,2,0.8008869886922102,0.5323777614698008,0,0.0,1.8615585911107528e-05,1
0,17,21,10,3,0.505498762643775,0.6828651288740413,1,0.1,2.3561679748604873e-06,0
0,15,14,4,5,0.14407526281237482,0.02031095218678901,1,0.25,1.005986689716695e-05,1
0,14,14,6,1,0.3022361590416893,0.2731957919375145,3,0.5,1.1730870181979124e-05,1
1,3,12,5,1,0.6022146633558544,0.5628071103836516,2,0.4,4.869350979523861e-06,0
0,14,14,6,2,0.2737932158335088,0.26374205919861066,2,0.3333333333333333,8.112910959675917e-06,0
1,1,4,11,2,0.39146719378553835,0.26542763147215825,0,0.0,1.3517677680271657e-05,0
0,2,3,9,0,0.12621899030659015,0.3735058674568101,1,0.1111111111111111,9.594412440840173e-06,0
1,14,6,3,2,0.739193760111827,0.5725345911801791,4,1.3333333333333333,9.737130171581883e-06,1
2,19,8,10,3,0.18018494557960843,0.07325206730402792,3,0.3,1.0277959625930734e-05,1
1,15,18,4,1,0.4627883443711284,0.09865921489104866,0,0.0,1.0456271956851009e-05,0
0,8,8,5,0,0.23913322901925516,0.22331069812511073,0,0.0,3.896610941629181e-06,0
1,17,11,7,4,0.2934550358456738,0.16233776687981036,2,0.2857142857142857,6.340974190722097e-06,1
0,1,14,7,3,0.3455933610409626,0.3298778670511151,2,0.2857142857142857,2.055449947084486e-06,0
3,18,16,5,2,0.5346487868937441,0.2377782689123252,4,0.8,1.5473690308709194e-05,1
0,8,18,8,4,0.16151095061934267,0.32367464672876417,1,0.125,1.257883419453573e-05,0
0,19,11,7,0,0.3805256658856228,0.4304260498230742,2,0.2857142857142857,1.3746330246759267e-05,0
2,9,7,6,3,0.023718666493941463,0.07410470735804067,1,0.16666666666666666,2.13464588546122e-06,1
2,18,11,6,4,0.1574880608113076,0.2694299660613833,1,0.16666666666666666,1.5316372081016734e-05,1
2,18,21,5,3,0.1636475373662353,0.3651755820945378,0,0.0,8.503465821351093e-06,0
0,18,16,8,0,0.3770683280795169,0.16412723669856655,1,0.125,4.949834132162005e-06,0
0,13,13,11,2,0.3142550703162095,0.4819216668189132,0,0.0,2.7961479292277277e-06,0
1,19,19,4,2,0.2932778644515316,0.32035589956879135,0,0.0,2.672011679609637e-06,0
3,18,9,11,1,0.26166563680390575,0.2431865365063093,1,0.09090909090909091,1.5103990598478331e-05,1
1,1,19,6,4,0.4233730446434778,0.030632744162033466,1,0.16666666666666666,3.3017882822027872e-06,0
2,6,19,10,3,0.24150620503224443,0.19709809744642395,2,0.2,2.810604796255825e-06,1
1,15,10,7,1,0.20696754713892604,0.27176628658575336,1,0.14285714285714285,2.3580473438172365e-06,0
0,1,5,7,5,0.2811929387054125,0.6299005463732278,0,0.0,1.0744314230789417e-05,0
1,16,17,6,2,0.19706867201482095,0.2490186258418015,3,0.5,9.726792518856726e-06,1
1,11,22,3,2,0.25924497374664274,0.15759324667957775,2,0.6666666666666666,8.55012092112028e-06,1
1,3,14,2,2,0.13951501817622447,0.32517254580876087,2,1.0,6.880281168011628e-06,1
1,5,8,3,5,0.4359058818842142,0.4790142860587129,0,0.0,3.845293266670196e-06,0
1,5,20,4,0,0.23002591336359982,0.17963428327916323,5,1.25,2.8378623893518937e-06,1
0,15,14,6,2,0.33176645444177677,0.14908986400804747,1,0.16666666666666666,6.786576492578796e-06,0
1,10,23,8,2,0.20896200650453697,0.47355534199973554,1,0.125,1.5125275492261956e-05,1
1,17,7,3,3,0.7197799803306962,0.13781866998639675,1,0.3333333333333333,1.0426820361166037e-05,0
0,6,16,10,3,0.3111057950546768,0.21645143022725657,1,0.1,1.3453771559355436e-05,0
1,1,12,4,5,0.2721592437299236,0.22301337073392716,2,0.5,1.1421313345447169e-05,1
1,15,16,7,0,0.3138283287679501,0.22525237119656114,2,0.2857142857142857,2.864971844843201e-06,0
1,9,2,5,0,0.5852376160250371,0.8523386180333008,1,0.2,5.80746194040288e-06,0
0,10,12,5,2,0.4754869965624152,0.3686925614430326,0,0.0,3.162152002817664e-06,0
1,2,3,4,3,0.29323384532340024,0.41383649860240757,2,0.5,5.4644890660832005e-06,1
1,17,3,11,4,0.2997743802283013,0.3354543859182197,1,0.09090909090909091,8.50592509254572e-06,1
1,9,10,11,4,0.21481265426596155,0.6628980856833921,0,0.0,4.834855185366829e-06,0
1,18,11,5,1,0.4956007910643668,0.308992083611056,1,0.2,6.037542501385756e-06,0
0,11,22,8,2,0.37107759330160495,0.034597642747339376,1,0.125,1.1635100486680374e-05,0
1,16,10,4,4,0.3036267735948441,0.20703994425954855,3,0.75,2.6853749839071902e-06,1
1,12,24,9,0,0.07129301036763283,0.45414672372893744,1,0.1111111111111111,1.1789387559477534e-05,0
0,14,14,4,2,0.4659522849474202,0.3413218225565941,1,0.25,5.400403023052465e-06,0
1,17,13,7,5,0.4124796395897752,0.03439634689075445,2,0.2857142857142857,6.030377325527146e-06,1
2,9,23,7,1,0.1640042104834352,0.2701199756410098,2,0.2857142857142857,4.65012811624673e-06,1
1,12,22,9,3,0.26989313848066215,0.1488271330363917,2,0.2222222222222222,6.4600747603472786e-06,1
3,10,4,4,4,0.6916870258608137,1.086829431852989,1,0.25,2.72079777471014e-05,1
0,16,3,4,4,0.43371936702031344,0.6252220506311067,2,0.5,1.9910628801681647e-06,0
1,19,18,5,3,0.34684968514211617,0.02373393614349242,1,0.2,4.081050441561367e-06,0
2,15,17,7,3,0.3304239751166832,0.05389676450204331,1,0.14285714285714285,1.5316372081016734e-05,1
1,13,17,11,2,0.5650018263929959,0.8690822594837985,1,0.09090909090909091,2.194174570477565e-06,0
2,16,15,6,1,0.10452070276268083,0.14558565854620723,0,0.0,1.0775380081994137e-05,0
0,1,3,8,4,0.1249632914653923,0.2930615080551994,0,0.0,7.674754300023938e-06,0
0,17,9,4,4,0.22386756717741016,0.5229855720473692,2,0.5,9.219416208131664e-06,1
0,16,14,11,2,0.1611993530070353,0.23098954297632576,3,0.2727272727272727,1.0219277567529765e-05,1
2,9,17,10,2,0.22224994227910208,0.4184987312319153,0,0.0,8.556143638051964e-06,0
0,8,12,10,3,0.38506830653596336,0.09351167932730402,1,0.1,5.056191474173061e-06,0
1,9,15,5,1,0.3997755287749153,0.023208702824147293,2,0.4,9.368800186164551e-06,1
0,2,19,6,4,0.5057757120872087,0.34706708556109594,0,0.0,1.5648933090058426e-05,0
4,15,19,5,1,0.3087285875411654,0.17045268301306035,2,0.4,3.605029034031218e-06,1
0,9,20,2,4,0.2114341789977957,0.5850322393270869,1,0.5,8.0794092122794e-06,0
0,5,4,3,4,0.09981583849537828,0.10559933225267364,0,0.0,1.0781599396353856e-06,0
1,16,17,3,3,0.5656409162449384,0.3971852217209318,1,0.3333333333333333,5.765365521200903e-06,0
0,11,19,3,2,0.37186903000804694,0.34452150958564126,2,0.6666666666666666,6.9057724021845664e-06,0
0,11,15,6,2,0.06512762046748717,0.9765029156622769,1,0.16666666666666666,5.611358020281771e-06,0
1,16,7,4,2,0.13298815426918584,0.47721404162025216,1,0.25,1.3558087602249873e-05,0
0,16,16,8,1,0.26068289383452553,0.27206111601414706,1,0.125,6.330583877354744e-06,0
1,12,3,5,2,0.42309514346868765,0.16083587624428752,2,0.4,4.8219167595788994e-06,0
0,3,11,3,2,0.38083952741124627,0.28707119984029533,0,0.0,3.0119413783370152e-06,0
1,8,20,10,0,0.16594553302035728,0.2723732870679168,1,0.1,1.733514096327789e-05,0
1,13,3,8,4,0.37222679817367643,0.1757556522188849,0,0.0,8.699227923979751e-06,0
2,13,6,8,4,0.5825291235882968,0.23606680011717054,0,0.0,1.4090770620719996e-05,1
1,6,4,6,0,0.4982375888141139,0.4287199646773463,0,0.0,8.491994921870093e-06,0
0,17,18,8,5,0.18604208009154977,0.4547260312428337,0,0.0,6.814882127435769e-06,0
1,8,17,4,3,1.0441837694812637,0.522047211540283,2,0.5,4.5603514672142365e-06,0
0,3,6,7,1,0.2776575254048964,0.4475445410290634,2,0.2857142857142857,1.2800682990555843e-05,0
0,3,14,11,4,0.3129090655224886,0.21976286196764327,2,0.18181818181818182,7.671700761102171e-06,1
0,9,3,6,5,0.6027555835549195,0.16078011012774562,1,0.16666666666666666,1.4006453151703096e-05,1
2,15,23,8,3,0.2167325204441709,0.17259726222626617,2,0.25,6.395694191561462e-06,1
2,3,13,2,0,0.05843128646839447,0.43055842912483266,3,1.5,1.5879472106951695e-05,1
2,18,2,6,0,0.20008895939432464,0.5574859924453817,1,0.16666666666666666,3.295586249441653e-06,0
0,3,23,9,1,0.45547256780495393,0.41339071021702195,3,0.3333333333333333,2.5554009525673653e-06,0
0,15,21,11,5,0.19538697522301796,0.4877587186301347,2,0.18181818181818182,3.2007710025828882e-06,1
0,11,10,8,5,0.5019937497981982,0.21256528756433543,2,0.25,1.4072853548282667e-05,1
0,1,23,6,4,0.4209187706806303,0.28867962147188614,3,0.5,8.32509580143249e-06,1
1,7,3,9,1,0.8145005888602976,0.7738708122330071,0,0.0,1.277014645633892e-05,0
2,15,21,8,5,0.39284570133093133,0.24205461351192983,0,0.0,1.6679751943888632e-05,1
0,17,12,10,0,0.2652726212292198,0.4097760560657777,1,0.1,3.038872631217856e-06,0
2,4,5,10,4,0.2412108484630377,0.25772799079422154,1,0.1,1.5540956199409545e-05,1
2,4,11,10,3,0.4822519290844416,0.2931980261012056,0,0.0,1.3654797137998276e-05,1
1,7,8,7,1,0.039749175777303046,0.28429208270594136,1,0.14285714285714285,8.174521104634565e-06,0
0,7,2,8,1,0.6064903232179022,0.4139437984667087,1,0.125,6.329779670086112e-06,0
0,19,16,7,0,0.28577019945080717,0.5312855770278107,0,0.0,1.3579861986050507e-05,0
3,7,20,5,0,0.3316416615501991,0.5533332267150357,1,0.2,2.6395489722613868e-05,1
0,18,5,3,4,0.6606794942956716,0.2555317337128472,1,0.3333333333333333,3.410496047546623e-06,0
1,18,7,8,5,0.6575660933214322,0.5076538001025681,0,0.0,1.2605704024372918e-06,0
1,18,24,10,3,0.20845950899489252,0.3019687667091306,2,0.2,2.544945767729144e-06,1
0,15,3,10,4,0.1142336657030976,0.4723093843275523,0,0.0,7.701746862478461e-06,0
0,16,11,5,0,0.46884861138981454,0.10300852108548338,1,0.2,6.820768488783536e-06,0
1,13,20,4,0,0.46682334749631055,0.4242554954447823,2,0.5,1.1434378438725809e-05,0
0,3,10,11,4,0.1925400201056136,0.6388085779945878,0,0.0,1.1622858859854102e-05,0
0,16,8,2,1,0.26103084197963855,0.43058021159667975,1,0.5,8.347199849300794e-06,0
4,2,7,8,5,0.11068481987151768,0.3923913365897742,1,0.125,7.932863599411309e-06,1
1,7,22,2,0,0.20397905088540425,0.2617990407131227,0,0.0,1.0214571969921305e-05,0
0,10,21,6,4,0.21383398194139036,0.16414178617596237,0,0.0,8.43901919772268e-06,0
4,2,4,4,4,0.4210415832433302,0.2147583774323276,0,0.0,5.518000162271165e-06,1
0,18,5,7,4,0.3956616768197227,0.10527981338415439,0,0.0,8.723972103841382e-06,0
1,2,11,6,0,0.6347262216791159,0.10427977019472595,1,0.16666666666666666,4.928458012515728e-06,0
2,13,9,4,0,0.5419203341042254,0.1983571005587788,0,0.0,1.2167496147044272e-05,0
0,2,17,2,3,0.6563163139260355,0.33152366998919636,2,1.0,1.5103509396374221e-05,0
0,16,17,4,5,0.5716380784714242,0.4018661551159973,1,0.25,9.10617326051734e-06,0
1,11,8,8,3,0.6234742464306109,0.6052766791466697,2,0.25,7.642212938382583e-06,1
3,6,19,6,2,0.2911799696166523,0.25160309570928746,0,0.0,1.4675784214556099e-05,1
1,5,14,6,4,1.4389951417333262,0.14816612301709053,0,0.0,4.716632746356573e-05,1
1,15,6,10,0,0.4367380180374337,0.3437999408118134,0,0.0,8.729590324089256e-06,0
0,3,10,6,0,0.42340167198691747,0.3023163058134925,1,0.16666666666666666,8.49295451756956e-06,0
0,7,8,7,2,0.0717920810851788,0.35329838328138824,0,0.0,1.3964113498055166e-05,0
0,9,19,8,3,1.1791021643469954,0.053921392992537606,1,0.125,8.359566397332728e-06,0
1,14,21,11,2,0.12729773092267807,0.5466821009712717,1,0.09090909090909091,5.276195505799031e-06,0
1,3,18,2,0,0.5300194853402372,0.45021178595352507,0,0.0,6.969064398682484e-06,0
0,16,5,7,4,0.21651605591682796,0.3402177258302037,2,0.2857142857142857,1.3876220495750597e-05,1
0,10,23,8,3,0.37312214569492197,0.2920106220754681,1,0.125,1.4506147090899458e-05,0
0,15,9,10,1,0.46489337414328935,0.42689500240499756,2,0.2,5.545376592814565e-06,0
0,9,17,7,3,0.039551232211998806,0.5817893160535343,1,0.14285714285714285,7.56731868437765e-06,0
0,11,23,5,4,0.34036781224411183,0.22660099487586283,0,0.0,9.767216248326005e-06,0
1,10,15,6,5,0.29843312122561544,0.2710061337578784,0,0.0,5.293545866847923e-06,0
2,8,22,11,1,0.10827364010227623,0.11431975248272278,0,0.0,1.725920906634231e-07,0
1,11,17,9,3,0.4864829703298314,0.5410021216381522,1,0.1111111111111111,6.289418436469867e-06,0
0,12,17,8,2,0.05179709948328519,0.8456825274525815,1,0.125,1.3860018608705722e-05,0
0,1,9,2,4,0.44485684003741777,0.26951173402487144,1,0.5,7.285098007046793e-06,0
1,14,16,6,0,0.45832866939633066,0.6403639320954884,1,0.16666666666666666,1.7949683791039982e-05,0
0,12,7,9,0,0.321644355643025,0.1726408097055707,1,0.1111111111111111,5.389134357147614e-06,0
1,1,8,9,5,1.2800550458745326,0.4987467779129491,0,0.0,1.1636854580120326e-05,0
1,3,23,2,3,0.569892175173913,0.48946513624264565,3,1.5,2.9730560459987197e-06,1
0,16,21,7,0,0.3449191474784915,0.2567860338170584,0,0.0,5.481125868780482e-06,0
2,13,21,11,0,0.15683131591671506,0.4670836371140053,3,0.2727272727272727,1.1579299908758764e-05,1
0,1,20,6,3,0.4292947518033344,0.6827913543294242,1,0.16666666666666666,1.4210247782011358e-05,0
0,17,12,4,4,0.5313006638415381,0.33837342636144346,3,0.75,2.2902392418194873e-07,1
1,11,16,9,2,0.27625610117929394,0.3605507604860151,2,0.2222222222222222,5.761017874047511e-06,1
3,7,18,5,4,0.1795500111760251,0.3796273044070325,2,0.4,7.811260744491764e-06,1
1,7,15,10,0,0.4617638302721818,0.4247422052509379,3,0.3,9.339532184491518e-06,1
1,11,11,3,0,0.4020696257801965,0.45485218054493315,1,0.3333333333333333,8.486934504889348e-06,0
1,12,21,11,5,0.4647088635533827,0.162163115732749,2,0.18181818181818182,1.0130196460076317e-05,1
3,3,4,10,0,0.3526352991591899,0.30245733779738904,3,0.3,1.1885880642419243e-05,1
1,19,5,5,4,0.25251387469219866,0.12404668207058131,1,0.2,4.038050486604733e-06,0
1,6,13,9,1,0.26361987202288073,0.17484105134475444,1,0.1111111111111111,1.0102722213768203e-05,0
1,16,14,9,4,0.3518454613832592,0.3930456180495544,5,0.5555555555555556,7.75377545940959e-06,1
1,7,17,7,4,0.44833999265154273,0.6346819698919248,0,0.0,2.2958306464539858e-05,1
0,2,19,4,3,0.287069018032648,0.35358987709269724,1,0.25,1.4430514547209848e-06,0
1,17,21,4,5,0.15686856123053397,0.19748810666792985,0,0.0,7.195560793734973e-06,0
0,14,23,7,0,0.19747504809198763,0.2593723351193531,1,0.14285714285714285,5.978685383518139e-06,0
1,18,5,3,5,0.20354035507938004,0.1131517198933712,3,1.0,5.849652171547934e-06,1
0,7,4,5,4,0.2637926308771691,0.4146961076317562,0,0.0,1.3109908607186102e-05,0
0,19,17,3,2,0.5936962585846669,0.2185853855856049,1,0.3333333333333333,1.752560574586558e-05,0
0,6,2,9,0,0.6612713780795447,0.6091021647893787,1,0.1111111111111111,1.652724961051274e-05,0
1,4,17,4,0,0.1388649182523721,0.25794581466949656,1,0.25,5.291603972927519e-06,0
1,3,17,4,1,0.4238693728555442,0.64198451473687,4,1.0,1.5225265707612692e-05,1
0,1,17,7,3,0.07877809606318746,0.21928263452198213,2,0.2857142857142857,2.1628764396550786e-06,0
2,18,8,9,4,0.2830696603212025,0.5098909935474344,2,0.2222222222222222,7.053709586958303e-06,1
1,1,17,10,2,0.47185382114322244,0.2522668769856661,2,0.2,3.820777169333739e-06,0
1,10,12,3,2,0.19859488116130977,0.34808938514973214,2,0.6666666666666666,2.3354533032394764e-07,0
2,6,4,6,0,0.5545824154970823,1.0690070216691654,1,0.16666666666666666,1.6729637706545358e-05,0
1,3,3,10,2,0.1282192379001394,0.2967138589707836,0,0.0,7.0333007322959344e-06,0
0,19,12,7,1,0.7999560253460324,0.868433805270947,2,0.2857142857142857,3.998633990520669e-07,0
0,15,5,9,4,0.3660295011374929,0.4821947053755143,1,0.1111111111111111,1.1475573622597719e-05,1
0,11,7,4,0,0.31431899677070746,0.08075193075355322,2,0.5,6.100540013925378e-06,0
0,19,12,6,2,0.260443577768237,0.1310915310309963,0,0.0,6.185670732991946e-06,0
0,12,13,4,5,0.28063077027162253,0.3034156473301506,2,0.5,7.705213110322044e-06,1
0,11,14,10,2,0.32460028527549495,0.49169733653462855,3,0.3,1.4526869720409492e-05,1
1,18,4,5,1,0.23558634720281516,0.177539378599883,0,0.0,5.272715393477692e-06,0
1,5,23,10,1,0.16589452712309757,0.3836882015321301,1,0.1,1.1457356744840495e-05,0
3,2,9,11,4,0.10848319496737148,0.3360843636064856,0,0.0,1.4496704729167229e-05,1
2,3,20,5,2,0.24761484286973715,0.2653650341470989,1,0.2,6.062261753308108e-06,0
0,7,20,9,0,0.7383255281413422,0.5160559844058182,3,0.3333333333333333,1.0237437104031307e-05,0
0,11,9,8,5,0.3638457838225753,0.7311069723372784,1,0.125,7.39315383442714e-06,0
0,12,9,4,1,0.5169821654472635,0.13713487032287605,0,0.0,5.594846880993568e-06,0
2,12,6,5,4,0.25480158458091423,0.32314836676380226,1,0.2,3.2389241046163776e-06,1
1,8,24,3,3,0.3398882335164466,0.21066168401224844,1,0.3333333333333333,6.7069341637120765e-06,0
2,14,21,5,3,0.5312284179784413,0.6077520907344678,0,0.0,1.459189630540854e-05,1
0,17,11,9,4,0.3596319884986435,0.34461180246998513,0,0.0,4.1655314003400225e-06,0
0,19,7,11,2,0.20546341244381572,0.2024095058269592,1,0.09090909090909091,2.0553961938105774e-06,0
1,16,17,11,0,0.3629487826742282,0.7318983661409578,2,0.18181818181818182,1.3338658045235188e-05,0
1,4,11,11,5,0.23591947593313636,0.5151399973176742,5,0.45454545454545453,1.107243028532413e-05,1
1,2,20,5,2,0.6406214161602072,0.2803609762799576,2,0.4,1.1438718557719422e-05,1
1,5,21,3,1,0.26781453527830185,0.2892913771713336,1,0.3333333333333333,1.0459823902565558e-05,0
2,6,2,9,5,0.5126850807273973,0.5922987770863933,0,0.0,3.6486383652784983e-06,1
0,5,18,10,3,0.24502229027826347,0.282034371995854,2,0.2,7.551167184209119e-06,0
0,10,23,11,0,0.3679768878631315,0.1978566248659889,3,0.2727272727272727,5.54423247026357e-06,0
0,5,23,8,4,0.25430560646142175,0.4487301622492758,0,0.0,3.119705696991041e-06,0
2,7,22,9,3,0.19606732240697836,0.19043920007018472,1,0.1111111111111111,8.736482520985106e-06,1
2,16,10,2,3,0.09855015049134623,0.18670320349954334,0,0.0,8.048690014763324e-06,1
0,18,21,2,2,0.33738446138102846,0.4390503200590578,0,0.0,3.1221628392389263e-06,0
0,1,20,9,2,0.11958418857741751,0.13883131467939686,2,0.2222222222222222,6.061887264287096e-06,0
2,12,12,11,2,0.03030555035072627,0.47237190507237087,3,0.2727272727272727,5.886401154928685e-06,1
2,14,13,3,5,0.16475253503523254,0.38372052021617614,0,0.0,5.185734961845342e-06,1
0,8,4,11,0,0.2522505134148418,0.1864212326344,2,0.18181818181818182,6.527267945734825e-06,0
0,19,6,10,4,0.03283880945750344,0.21683002281888478,0,0.0,7.323562097909077e-06,0
0,7,21,8,1,0.32370837776691863,0.265074338333808,1,0.125,1.5702356374739167e-05,0
2,9,3,7,3,0.2521727838525208,0.5692536949406796,2,0.2857142857142857,8.869130338484374e-06,1
1,14,21,8,3,0.40197303155867214,0.27641779357886404,1,0.125,9.198111928489547e-06,0
1,17,9,8,2,0.13601010541082134,0.39472394701779795,0,0.0,6.845155297712302e-06,0
1,10,12,2,5,0.1674127941736107,0.18732712192758963,0,0.0,6.6288907121055915e-06,1
1,9,9,9,3,0.23132737428805153,0.2906315457840237,0,0.0,6.426956125513121e-06,0
2,8,13,2,1,0.08117260602713468,0.22757841683858335,0,0.0,9.321325962533784e-06,0
0,19,16,3,5,0.5748936490550215,0.6545980452223616,2,0.6666666666666666,8.82148663810424e-06,1
1,2,23,9,1,0.9305955724554565,0.4491554965455352,1,0.1111111111111111,4.846594430161438e-05,0
1,19,2,10,0,0.6628138308291405,0.7793685703343999,1,0.1,2.2305981007885285e-05,0
1,4,8,2,4,0.4152849589936866,0.14172183627079724,0,0.0,2.0291247626744153e-06,0
1,18,15,7,4,0.2576098070821761,0.30611605028584615,1,0.14285714285714285,8.371328653986628e-07,0
0,10,10,2,4,0.4767868660377062,0.5452196865389369,0,0.0,4.478412784273545e-06,0
0,5,5,6,0,0.5283942491439342,0.31290412341318535,3,0.5,2.327084982785057e-06,0
3,16,13,6,4,0.3317482837048888,0.3983021561530708,1,0.16666666666666666,1.7612191636193949e-06,1
0,4,19,11,3,0.1485153470300216,0.4449719607255858,0,0.0,9.415774987986647e-06,0
1,12,4,3,4,0.3730957352265781,0.3449485356260094,1,0.3333333333333333,3.399695646708223e-06,0
1,5,6,11,4,0.24667197783618944,0.3259700738240283,3,0.2727272727272727,5.190824873534325e-06,1
1,16,8,3,4,0.2864996341499746,0.4163294244828977,1,0.3333333333333333,1.2680360350455923e-05,1
1,7,23,6,3,0.39221412864370137,0.35183806882119284,2,0.3333333333333333,8.263493695977681e-06,1
3,19,22,7,3,0.18639545398927254,0.32489810070059916,3,0.42857142857142855,1.5316372081016734e-05,1
2,4,6,7,5,0.24144011704899535,0.4602411104706627,1,0.14285714285714285,9.50551555305475e-06,1
0,1,19,10,4,0.25059847755869624,0.3000438687768743,0,0.0,1.1682349939889806e-05,0
1,19,16,6,1,0.5329501023141614,0.19866983594374174,3,0.5,4.487129421711499e-06,1
1,5,11,6,5,0.6105256816458277,0.37830341968721015,0,0.0,8.502594437530326e-06,0
1,2,6,10,0,0.2980683166356005,0.49121301886257873,2,0.2,1.3895289448098748e-05,1
1,14,2,6,0,0.39295950971477184,0.22189430615670053,2,0.3333333333333333,5.0700691513570595e-06,0
0,2,23,2,2,0.33341921124299473,0.5670993671329376,2,1.0,6.677976697799461e-06,0
2,1,10,4,5,0.816264695329109,0.3094628831263606,2,0.5,5.3021282345906345e-06,1
1,13,6,6,0,0.2743483928427752,0.1873726045944113,0,0.0,1.1648204337010339e-06,0
1,19,10,6,0,0.15257686466698855,0.06431563601189116,1,0.16666666666666666,1.500677094153356e-05,0
1,6,21,3,4,0.09819703622805777,0.056441023418399607,1,0.3333333333333333,1.8873075413188313e-06,0
0,19,16,10,3,0.28300462727795395,0.3738956748767726,0,0.0,6.588455113628081e-06,0
0,9,2,7,4,0.028734150047813566,0.4409294674322998,2,0.2857142857142857,1.1972562519922319e-05,1
0,1,2,7,0,0.28558811835673703,0.330500702313505,1,0.14285714285714285,6.018601488909235e-06,0
2,12,4,11,4,0.40045157886116234,0.14477394133864493,0,0.0,3.275632034206966e-06,0
0,4,6,4,3,0.7360003621401834,0.8917865684821307,2,0.5,3.170363746711884e-05,1
0,2,18,2,2,0.37724321952295586,0.34950878720492157,1,0.5,5.7256988857578075e-06,0
2,2,3,7,1,0.250469370256583,0.1711312289919976,0,0.0,1.1985229876422015e-05,0
0,13,3,8,2,0.30822387904334797,0.31371310922450246,1,0.125,1.1317328858677781e-05,0
1,11,22,9,2,0.4617103841600544,0.2196406411419834,1,0.1111111111111111,8.408765869904381e-06,0
1,10,23,11,1,0.4965773375003291,0.13347613921260823,2,0.18181818181818182,7.085510987982127e-06,0
0,10,5,4,5,0.08498204631274744,0.3867795905183327,0,0.0,1.042626873658149e-05,0
0,16,9,10,0,0.5308080994470877,0.35214111427991746,1,0.1,4.705059923339e-06,0
1,12,9,9,3,0.5908048829307794,0.4413701269498596,2,0.2222222222222222,1.4918664960907477e-05,1
0,7,21,4,1,0.37307337499949583,0.1973082180342326,2,0.5,1.5316372081016734e-05,0
0,13,6,2,2,0.540969637822999,0.7462325513648628,0,0.0,1.3773351689351202e-05,0
2,6,23,6,2,0.25946228187978015,0.22919477807413932,0,0.0,4.280769202327286e-06,0
2,4,11,11,0,0.12292030737735483,0.16808664094373763,2,0.18181818181818182,7.853386223365307e-06,1
0,17,14,10,2,0.2889167691403352,0.40631158472296697,0,0.0,9.906719563385517e-07,0
0,13,13,8,3,0.3851870263679259,0.29236695704591725,0,0.0,7.027451872536199e-06,0
1,13,18,6,1,0.19556374980033508,0.464140851200281,1,0.16666666666666666,7.662865722129547e-06,0
3,12,18,11,2,0.25142505091462214,0.3645350670329704,1,0.09090909090909091,6.2684927031843174e-06,1
1,8,21,5,4,0.0585639091895902,0.019340984941307916,3,0.6,7.571678698046603e-06,1
0,2,21,8,1,0.411045497513668,0.3260621477963443,1,0.125,4.063237317667318e-06,0
0,2,6,9,1,0.5940318316746337,0.40768827056059487,0,0.0,8.454006484944132e-06,0
0,9,3,2,4,0.025953473602746475,0.3715057829422524,2,1.0,5.934219875774587e-06,1
2,15,19,3,3,0.25966512790375984,0.28733807321782445,2,0.6666666666666666,6.459014267309423e-06,1
1,18,8,6,5,0.1443176718680944,0.18651968093425556,2,0.3333333333333333,7.191694561134281e-06,1
0,11,20,9,0,0.4141093836113097,0.51871694104439,3,0.3333333333333333,8.431265287207842e-06,0
1,14,14,11,4,0.31380565202534894,0.43265602095062755,0,0.0,8.335690832507074e-06,0
1,1,23,7,5,0.8316448573911973,0.49861535489363795,0,0.0,2.0165139078671686e-05,0
0,2,21,6,2,0.28712199873503796,0.07850905254306913,0,0.0,1.845805989091687e-05,0
0,15,3,3,2,0.846552466543103,1.8908611505816408,0,0.0,1.778272078599653e-05,0
1,1,20,8,0,0.7047771578279088,0.8186540141017435,3,0.375,1.1917088819663199e-05,1
1,1,3,8,2,0.4851461941955438,0.45283624934563504,0,0.0,6.402517566651842e-06,0
1,2,12,7,1,0.532434459877943,0.217481528519108,4,0.5714285714285714,1.3218336396314317e-05,1
0,1,3,6,5,0.16772236415283398,0.3559321077834503,1,0.16666666666666666,1.015230090833471e-05,1
2,17,11,10,5,0.29931924436035834,0.36660238025646863,1,0.1,7.5911344839726605e-06,1
0,15,17,6,2,0.3869232545054814,0.30399382426307087,0,0.0,4.792616454462514e-06,0
0,1,7,2,2,0.060355134305835154,0.3162958917271235,1,0.5,8.948553154323268e-06,0
2,13,11,5,3,0.38531280319098754,0.45366110384227537,2,0.4,4.925462055999005e-06,1
0,19,22,4,5,0.4087266047176835,0.3832051821712982,2,0.5,2.203114927526738e-05,1
0,6,18,6,3,1.6080320796907215,1.4391707731902357,1,0.16666666666666666,1.9437161080134756e-05,0
2,2,21,8,1,0.18044440333563894,0.12897532332365502,1,0.125,1.1769383455857096e-05,1
0,18,7,11,2,0.9917302393410224,0.5701081108970392,2,0.18181818181818182,1.796091205238001e-05,0
